resultId,raceId,driverId,constructorId,number,grid,position,positionText,positionOrder,points,laps,statusId,dnf,year,round,circuitId,name,date,time_race,driverRef,number_driver,code,forename,surname,dob,nationality,constructorRef,name_constructor,nationality_constructor,driver_name,season,grid_vs_finish
22538,926,1,131,44,1.0,1.0,1,1,25.0,58,1,0,2015,1,1,Australian Grand Prix,2015-03-15,05:00:00,hamilton,44,HAM,Lewis,Hamilton,1985-01-07,British,mercedes,Mercedes,German,Lewis Hamilton,2015,0.0
22539,926,3,131,6,2.0,2.0,2,2,18.0,58,1,0,2015,1,1,Australian Grand Prix,2015-03-15,05:00:00,rosberg,6,ROS,Nico,Rosberg,1985-06-27,German,mercedes,Mercedes,German,Nico Rosberg,2015,0.0
22540,926,20,6,5,4.0,3.0,3,3,15.0,58,1,0,2015,1,1,Australian Grand Prix,2015-03-15,05:00:00,vettel,5,VET,Sebastian,Vettel,1987-07-03,German,ferrari,Ferrari,Italian,Sebastian Vettel,2015,1.0
22541,926,13,3,19,3.0,4.0,4,4,12.0,58,1,0,2015,1,1,Australian Grand Prix,2015-03-15,05:00:00,massa,19,MAS,Felipe,Massa,1981-04-25,Brazilian,williams,Williams,British,Felipe Massa,2015,-1.0
22542,926,831,15,12,10.0,5.0,5,5,10.0,58,1,0,2015,1,1,Australian Grand Prix,2015-03-15,05:00:00,nasr,12,NAS,Felipe,Nasr,1992-08-21,Brazilian,sauber,Sauber,Swiss,Felipe Nasr,2015,5.0
22543,926,817,9,3,6.0,6.0,6,6,8.0,57,11,0,2015,1,1,Australian Grand Prix,2015-03-15,05:00:00,ricciardo,3,RIC,Daniel,Ricciardo,1989-07-01,Australian,red_bull,Red Bull,Austrian,Daniel Ricciardo,2015,0.0
22544,926,807,10,27,13.0,7.0,7,7,6.0,57,11,0,2015,1,1,Australian Grand Prix,2015-03-15,05:00:00,hulkenberg,27,HUL,Nico,Hülkenberg,1987-08-19,German,force_india,Force India,Indian,Nico Hülkenberg,2015,6.0
22545,926,828,15,9,15.0,8.0,8,8,4.0,57,11,0,2015,1,1,Australian Grand Prix,2015-03-15,05:00:00,ericsson,9,ERI,Marcus,Ericsson,1990-09-02,Swedish,sauber,Sauber,Swiss,Marcus Ericsson,2015,7.0
22546,926,832,5,55,7.0,9.0,9,9,2.0,57,11,0,2015,1,1,Australian Grand Prix,2015-03-15,05:00:00,sainz,55,SAI,Carlos,Sainz,1994-09-01,Spanish,toro_rosso,Toro Rosso,Italian,Carlos Sainz,2015,-2.0
22547,926,815,10,11,14.0,10.0,10,10,1.0,57,11,0,2015,1,1,Australian Grand Prix,2015-03-15,05:00:00,perez,11,PER,Sergio,Pérez,1990-01-26,Mexican,force_india,Force India,Indian,Sergio Pérez,2015,4.0
22548,926,18,1,22,16.0,11.0,11,11,0.0,56,12,0,2015,1,1,Australian Grand Prix,2015-03-15,05:00:00,button,22,BUT,Jenson,Button,1980-01-19,British,mclaren,McLaren,British,Jenson Button,2015,5.0
22549,926,8,6,7,5.0,0.0,R,12,0.0,40,36,1,2015,1,1,Australian Grand Prix,2015-03-15,05:00:00,raikkonen,7,RAI,Kimi,Räikkönen,1979-10-17,Finnish,ferrari,Ferrari,Italian,Kimi Räikkönen,2015,5.0
22550,926,830,5,33,11.0,0.0,R,13,0.0,32,5,1,2015,1,1,Australian Grand Prix,2015-03-15,05:00:00,max_verstappen,33,VER,Max,Verstappen,1997-09-30,Dutch,toro_rosso,Toro Rosso,Italian,Max Verstappen,2015,11.0
22551,926,154,208,8,8.0,0.0,R,14,0.0,0,75,1,2015,1,1,Australian Grand Prix,2015-03-15,05:00:00,grosjean,8,GRO,Romain,Grosjean,1986-04-17,French,lotus_f1,Lotus F1,British,Romain Grosjean,2015,8.0
22552,926,813,208,13,9.0,0.0,R,15,0.0,0,3,1,2015,1,1,Australian Grand Prix,2015-03-15,05:00:00,maldonado,13,MAL,Pastor,Maldonado,1985-03-09,Venezuelan,lotus_f1,Lotus F1,British,Pastor Maldonado,2015,9.0
22553,926,826,9,26,12.0,0.0,W,16,0.0,0,54,1,2015,1,1,Australian Grand Prix,2015-03-15,05:00:00,kvyat,26,KVY,Daniil,Kvyat,1994-04-26,Russian,red_bull,Red Bull,Austrian,Daniil Kvyat,2015,12.0
22554,926,825,1,20,17.0,0.0,W,17,0.0,0,54,1,2015,1,1,Australian Grand Prix,2015-03-15,05:00:00,kevin_magnussen,20,MAG,Kevin,Magnussen,1992-10-05,Danish,mclaren,McLaren,British,Kevin Magnussen,2015,17.0
22555,926,822,3,77,0.0,0.0,W,18,0.0,0,54,1,2015,1,1,Australian Grand Prix,2015-03-15,05:00:00,bottas,77,BOT,Valtteri,Bottas,1989-08-28,Finnish,williams,Williams,British,Valtteri Bottas,2015,0.0
22556,927,20,6,5,2.0,1.0,1,1,25.0,56,1,0,2015,2,2,Malaysian Grand Prix,2015-03-29,07:00:00,vettel,5,VET,Sebastian,Vettel,1987-07-03,German,ferrari,Ferrari,Italian,Sebastian Vettel,2015,1.0
22557,927,1,131,44,1.0,2.0,2,2,18.0,56,1,0,2015,2,2,Malaysian Grand Prix,2015-03-29,07:00:00,hamilton,44,HAM,Lewis,Hamilton,1985-01-07,British,mercedes,Mercedes,German,Lewis Hamilton,2015,-1.0
22558,927,3,131,6,3.0,3.0,3,3,15.0,56,1,0,2015,2,2,Malaysian Grand Prix,2015-03-29,07:00:00,rosberg,6,ROS,Nico,Rosberg,1985-06-27,German,mercedes,Mercedes,German,Nico Rosberg,2015,0.0
22559,927,8,6,7,11.0,4.0,4,4,12.0,56,1,0,2015,2,2,Malaysian Grand Prix,2015-03-29,07:00:00,raikkonen,7,RAI,Kimi,Räikkönen,1979-10-17,Finnish,ferrari,Ferrari,Italian,Kimi Räikkönen,2015,7.0
22560,927,822,3,77,8.0,5.0,5,5,10.0,56,1,0,2015,2,2,Malaysian Grand Prix,2015-03-29,07:00:00,bottas,77,BOT,Valtteri,Bottas,1989-08-28,Finnish,williams,Williams,British,Valtteri Bottas,2015,3.0
22561,927,13,3,19,7.0,6.0,6,6,8.0,56,1,0,2015,2,2,Malaysian Grand Prix,2015-03-29,07:00:00,massa,19,MAS,Felipe,Massa,1981-04-25,Brazilian,williams,Williams,British,Felipe Massa,2015,1.0
22562,927,830,5,33,6.0,7.0,7,7,6.0,56,1,0,2015,2,2,Malaysian Grand Prix,2015-03-29,07:00:00,max_verstappen,33,VER,Max,Verstappen,1997-09-30,Dutch,toro_rosso,Toro Rosso,Italian,Max Verstappen,2015,-1.0
22563,927,832,5,55,15.0,8.0,8,8,4.0,55,11,0,2015,2,2,Malaysian Grand Prix,2015-03-29,07:00:00,sainz,55,SAI,Carlos,Sainz,1994-09-01,Spanish,toro_rosso,Toro Rosso,Italian,Carlos Sainz,2015,7.0
22564,927,826,9,26,5.0,9.0,9,9,2.0,55,11,0,2015,2,2,Malaysian Grand Prix,2015-03-29,07:00:00,kvyat,26,KVY,Daniil,Kvyat,1994-04-26,Russian,red_bull,Red Bull,Austrian,Daniil Kvyat,2015,-4.0
22565,927,817,9,3,4.0,10.0,10,10,1.0,55,11,0,2015,2,2,Malaysian Grand Prix,2015-03-29,07:00:00,ricciardo,3,RIC,Daniel,Ricciardo,1989-07-01,Australian,red_bull,Red Bull,Austrian,Daniel Ricciardo,2015,-6.0
22566,927,154,208,8,10.0,11.0,11,11,0.0,55,11,0,2015,2,2,Malaysian Grand Prix,2015-03-29,07:00:00,grosjean,8,GRO,Romain,Grosjean,1986-04-17,French,lotus_f1,Lotus F1,British,Romain Grosjean,2015,-1.0
22567,927,831,15,12,16.0,12.0,12,12,0.0,55,11,0,2015,2,2,Malaysian Grand Prix,2015-03-29,07:00:00,nasr,12,NAS,Felipe,Nasr,1992-08-21,Brazilian,sauber,Sauber,Swiss,Felipe Nasr,2015,4.0
22568,927,815,10,11,14.0,13.0,13,13,0.0,55,11,0,2015,2,2,Malaysian Grand Prix,2015-03-29,07:00:00,perez,11,PER,Sergio,Pérez,1990-01-26,Mexican,force_india,Force India,Indian,Sergio Pérez,2015,1.0
22569,927,807,10,27,13.0,14.0,14,14,0.0,55,11,0,2015,2,2,Malaysian Grand Prix,2015-03-29,07:00:00,hulkenberg,27,HUL,Nico,Hülkenberg,1987-08-19,German,force_india,Force India,Indian,Nico Hülkenberg,2015,-1.0
22570,927,833,209,98,19.0,15.0,15,15,0.0,53,13,0,2015,2,2,Malaysian Grand Prix,2015-03-29,07:00:00,merhi,98,MER,Roberto,Merhi,1991-03-22,Spanish,manor,Manor Marussia,British,Roberto Merhi,2015,4.0
22571,927,813,208,13,12.0,0.0,R,16,0.0,47,31,1,2015,2,2,Malaysian Grand Prix,2015-03-29,07:00:00,maldonado,13,MAL,Pastor,Maldonado,1985-03-09,Venezuelan,lotus_f1,Lotus F1,British,Pastor Maldonado,2015,12.0
22572,927,18,1,22,17.0,0.0,R,17,0.0,41,101,1,2015,2,2,Malaysian Grand Prix,2015-03-29,07:00:00,button,22,BUT,Jenson,Button,1980-01-19,British,mclaren,McLaren,British,Jenson Button,2015,17.0
22573,927,4,1,14,18.0,0.0,R,18,0.0,21,132,1,2015,2,2,Malaysian Grand Prix,2015-03-29,07:00:00,alonso,14,ALO,Fernando,Alonso,1981-07-29,Spanish,mclaren,McLaren,British,Fernando Alonso,2015,18.0
22574,927,828,15,9,9.0,0.0,R,19,0.0,3,20,1,2015,2,2,Malaysian Grand Prix,2015-03-29,07:00:00,ericsson,9,ERI,Marcus,Ericsson,1990-09-02,Swedish,sauber,Sauber,Swiss,Marcus Ericsson,2015,9.0
22575,927,829,209,28,0.0,0.0,W,20,0.0,0,69,1,2015,2,2,Malaysian Grand Prix,2015-03-29,07:00:00,stevens,28,STE,Will,Stevens,1991-06-28,British,manor,Manor Marussia,British,Will Stevens,2015,0.0
22576,928,1,131,44,1.0,1.0,1,1,25.0,56,1,0,2015,3,17,Chinese Grand Prix,2015-04-12,06:00:00,hamilton,44,HAM,Lewis,Hamilton,1985-01-07,British,mercedes,Mercedes,German,Lewis Hamilton,2015,0.0
22577,928,3,131,6,2.0,2.0,2,2,18.0,56,1,0,2015,3,17,Chinese Grand Prix,2015-04-12,06:00:00,rosberg,6,ROS,Nico,Rosberg,1985-06-27,German,mercedes,Mercedes,German,Nico Rosberg,2015,0.0
22578,928,20,6,5,3.0,3.0,3,3,15.0,56,1,0,2015,3,17,Chinese Grand Prix,2015-04-12,06:00:00,vettel,5,VET,Sebastian,Vettel,1987-07-03,German,ferrari,Ferrari,Italian,Sebastian Vettel,2015,0.0
22579,928,8,6,7,6.0,4.0,4,4,12.0,56,1,0,2015,3,17,Chinese Grand Prix,2015-04-12,06:00:00,raikkonen,7,RAI,Kimi,Räikkönen,1979-10-17,Finnish,ferrari,Ferrari,Italian,Kimi Räikkönen,2015,2.0
22580,928,13,3,19,4.0,5.0,5,5,10.0,56,1,0,2015,3,17,Chinese Grand Prix,2015-04-12,06:00:00,massa,19,MAS,Felipe,Massa,1981-04-25,Brazilian,williams,Williams,British,Felipe Massa,2015,-1.0
22581,928,822,3,77,5.0,6.0,6,6,8.0,56,1,0,2015,3,17,Chinese Grand Prix,2015-04-12,06:00:00,bottas,77,BOT,Valtteri,Bottas,1989-08-28,Finnish,williams,Williams,British,Valtteri Bottas,2015,-1.0
22582,928,154,208,8,8.0,7.0,7,7,6.0,56,1,0,2015,3,17,Chinese Grand Prix,2015-04-12,06:00:00,grosjean,8,GRO,Romain,Grosjean,1986-04-17,French,lotus_f1,Lotus F1,British,Romain Grosjean,2015,1.0
22583,928,831,15,12,9.0,8.0,8,8,4.0,56,1,0,2015,3,17,Chinese Grand Prix,2015-04-12,06:00:00,nasr,12,NAS,Felipe,Nasr,1992-08-21,Brazilian,sauber,Sauber,Swiss,Felipe Nasr,2015,1.0
22584,928,817,9,3,7.0,9.0,9,9,2.0,56,1,0,2015,3,17,Chinese Grand Prix,2015-04-12,06:00:00,ricciardo,3,RIC,Daniel,Ricciardo,1989-07-01,Australian,red_bull,Red Bull,Austrian,Daniel Ricciardo,2015,-2.0
22585,928,828,15,9,10.0,10.0,10,10,1.0,55,11,0,2015,3,17,Chinese Grand Prix,2015-04-12,06:00:00,ericsson,9,ERI,Marcus,Ericsson,1990-09-02,Swedish,sauber,Sauber,Swiss,Marcus Ericsson,2015,0.0
22586,928,815,10,11,15.0,11.0,11,11,0.0,55,11,0,2015,3,17,Chinese Grand Prix,2015-04-12,06:00:00,perez,11,PER,Sergio,Pérez,1990-01-26,Mexican,force_india,Force India,Indian,Sergio Pérez,2015,4.0
22587,928,4,1,14,18.0,12.0,12,12,0.0,55,11,0,2015,3,17,Chinese Grand Prix,2015-04-12,06:00:00,alonso,14,ALO,Fernando,Alonso,1981-07-29,Spanish,mclaren,McLaren,British,Fernando Alonso,2015,6.0
22588,928,832,5,55,14.0,13.0,13,13,0.0,55,11,0,2015,3,17,Chinese Grand Prix,2015-04-12,06:00:00,sainz,55,SAI,Carlos,Sainz,1994-09-01,Spanish,toro_rosso,Toro Rosso,Italian,Carlos Sainz,2015,1.0
22589,928,18,1,22,17.0,14.0,14,14,0.0,55,11,0,2015,3,17,Chinese Grand Prix,2015-04-12,06:00:00,button,22,BUT,Jenson,Button,1980-01-19,British,mclaren,McLaren,British,Jenson Button,2015,3.0
22590,928,829,209,28,19.0,15.0,15,15,0.0,54,12,0,2015,3,17,Chinese Grand Prix,2015-04-12,06:00:00,stevens,28,STE,Will,Stevens,1991-06-28,British,manor,Manor Marussia,British,Will Stevens,2015,4.0
22591,928,833,209,98,20.0,16.0,16,16,0.0,54,12,0,2015,3,17,Chinese Grand Prix,2015-04-12,06:00:00,merhi,98,MER,Roberto,Merhi,1991-03-22,Spanish,manor,Manor Marussia,British,Roberto Merhi,2015,4.0
22592,928,830,5,33,13.0,17.0,17,17,0.0,52,7,0,2015,3,17,Chinese Grand Prix,2015-04-12,06:00:00,max_verstappen,33,VER,Max,Verstappen,1997-09-30,Dutch,toro_rosso,Toro Rosso,Italian,Max Verstappen,2015,-4.0
22593,928,813,208,13,11.0,0.0,R,18,0.0,49,23,1,2015,3,17,Chinese Grand Prix,2015-04-12,06:00:00,maldonado,13,MAL,Pastor,Maldonado,1985-03-09,Venezuelan,lotus_f1,Lotus F1,British,Pastor Maldonado,2015,11.0
22594,928,826,9,26,12.0,0.0,R,19,0.0,15,131,1,2015,3,17,Chinese Grand Prix,2015-04-12,06:00:00,kvyat,26,KVY,Daniil,Kvyat,1994-04-26,Russian,red_bull,Red Bull,Austrian,Daniil Kvyat,2015,12.0
22595,928,807,10,27,16.0,0.0,R,20,0.0,9,6,1,2015,3,17,Chinese Grand Prix,2015-04-12,06:00:00,hulkenberg,27,HUL,Nico,Hülkenberg,1987-08-19,German,force_india,Force India,Indian,Nico Hülkenberg,2015,16.0
22596,929,1,131,44,1.0,1.0,1,1,25.0,57,1,0,2015,4,3,Bahrain Grand Prix,2015-04-19,15:00:00,hamilton,44,HAM,Lewis,Hamilton,1985-01-07,British,mercedes,Mercedes,German,Lewis Hamilton,2015,0.0
22597,929,8,6,7,4.0,2.0,2,2,18.0,57,1,0,2015,4,3,Bahrain Grand Prix,2015-04-19,15:00:00,raikkonen,7,RAI,Kimi,Räikkönen,1979-10-17,Finnish,ferrari,Ferrari,Italian,Kimi Räikkönen,2015,2.0
22598,929,3,131,6,3.0,3.0,3,3,15.0,57,1,0,2015,4,3,Bahrain Grand Prix,2015-04-19,15:00:00,rosberg,6,ROS,Nico,Rosberg,1985-06-27,German,mercedes,Mercedes,German,Nico Rosberg,2015,0.0
22599,929,822,3,77,5.0,4.0,4,4,12.0,57,1,0,2015,4,3,Bahrain Grand Prix,2015-04-19,15:00:00,bottas,77,BOT,Valtteri,Bottas,1989-08-28,Finnish,williams,Williams,British,Valtteri Bottas,2015,1.0
22600,929,20,6,5,2.0,5.0,5,5,10.0,57,1,0,2015,4,3,Bahrain Grand Prix,2015-04-19,15:00:00,vettel,5,VET,Sebastian,Vettel,1987-07-03,German,ferrari,Ferrari,Italian,Sebastian Vettel,2015,-3.0
22601,929,817,9,3,7.0,6.0,6,6,8.0,57,1,0,2015,4,3,Bahrain Grand Prix,2015-04-19,15:00:00,ricciardo,3,RIC,Daniel,Ricciardo,1989-07-01,Australian,red_bull,Red Bull,Austrian,Daniel Ricciardo,2015,1.0
22602,929,154,208,8,10.0,7.0,7,7,6.0,57,1,0,2015,4,3,Bahrain Grand Prix,2015-04-19,15:00:00,grosjean,8,GRO,Romain,Grosjean,1986-04-17,French,lotus_f1,Lotus F1,British,Romain Grosjean,2015,3.0
22603,929,815,10,11,11.0,8.0,8,8,4.0,56,11,0,2015,4,3,Bahrain Grand Prix,2015-04-19,15:00:00,perez,11,PER,Sergio,Pérez,1990-01-26,Mexican,force_india,Force India,Indian,Sergio Pérez,2015,3.0
22604,929,826,9,26,17.0,9.0,9,9,2.0,56,11,0,2015,4,3,Bahrain Grand Prix,2015-04-19,15:00:00,kvyat,26,KVY,Daniil,Kvyat,1994-04-26,Russian,red_bull,Red Bull,Austrian,Daniil Kvyat,2015,8.0
22605,929,13,3,19,6.0,10.0,10,10,1.0,56,11,0,2015,4,3,Bahrain Grand Prix,2015-04-19,15:00:00,massa,19,MAS,Felipe,Massa,1981-04-25,Brazilian,williams,Williams,British,Felipe Massa,2015,-4.0
22606,929,4,1,14,14.0,11.0,11,11,0.0,56,11,0,2015,4,3,Bahrain Grand Prix,2015-04-19,15:00:00,alonso,14,ALO,Fernando,Alonso,1981-07-29,Spanish,mclaren,McLaren,British,Fernando Alonso,2015,3.0
22607,929,831,15,12,12.0,12.0,12,12,0.0,56,11,0,2015,4,3,Bahrain Grand Prix,2015-04-19,15:00:00,nasr,12,NAS,Felipe,Nasr,1992-08-21,Brazilian,sauber,Sauber,Swiss,Felipe Nasr,2015,0.0
22608,929,807,10,27,8.0,13.0,13,13,0.0,56,11,0,2015,4,3,Bahrain Grand Prix,2015-04-19,15:00:00,hulkenberg,27,HUL,Nico,Hülkenberg,1987-08-19,German,force_india,Force India,Indian,Nico Hülkenberg,2015,-5.0
22609,929,828,15,9,13.0,14.0,14,14,0.0,56,11,0,2015,4,3,Bahrain Grand Prix,2015-04-19,15:00:00,ericsson,9,ERI,Marcus,Ericsson,1990-09-02,Swedish,sauber,Sauber,Swiss,Marcus Ericsson,2015,-1.0
22610,929,813,208,13,16.0,15.0,15,15,0.0,56,11,0,2015,4,3,Bahrain Grand Prix,2015-04-19,15:00:00,maldonado,13,MAL,Pastor,Maldonado,1985-03-09,Venezuelan,lotus_f1,Lotus F1,British,Pastor Maldonado,2015,1.0
22611,929,829,209,28,18.0,16.0,16,16,0.0,55,12,0,2015,4,3,Bahrain Grand Prix,2015-04-19,15:00:00,stevens,28,STE,Will,Stevens,1991-06-28,British,manor,Manor Marussia,British,Will Stevens,2015,2.0
22612,929,833,209,98,19.0,17.0,17,17,0.0,54,13,0,2015,4,3,Bahrain Grand Prix,2015-04-19,15:00:00,merhi,98,MER,Roberto,Merhi,1991-03-22,Spanish,manor,Manor Marussia,British,Roberto Merhi,2015,2.0
22613,929,830,5,33,15.0,0.0,R,18,0.0,34,10,1,2015,4,3,Bahrain Grand Prix,2015-04-19,15:00:00,max_verstappen,33,VER,Max,Verstappen,1997-09-30,Dutch,toro_rosso,Toro Rosso,Italian,Max Verstappen,2015,15.0
22614,929,832,5,55,9.0,0.0,R,19,0.0,29,5,1,2015,4,3,Bahrain Grand Prix,2015-04-19,15:00:00,sainz,55,SAI,Carlos,Sainz,1994-09-01,Spanish,toro_rosso,Toro Rosso,Italian,Carlos Sainz,2015,9.0
22615,929,18,1,22,20.0,0.0,W,20,0.0,0,132,1,2015,4,3,Bahrain Grand Prix,2015-04-19,15:00:00,button,22,BUT,Jenson,Button,1980-01-19,British,mclaren,McLaren,British,Jenson Button,2015,20.0
22616,930,3,131,6,1.0,1.0,1,1,25.0,66,1,0,2015,5,4,Spanish Grand Prix,2015-05-10,12:00:00,rosberg,6,ROS,Nico,Rosberg,1985-06-27,German,mercedes,Mercedes,German,Nico Rosberg,2015,0.0
22617,930,1,131,44,2.0,2.0,2,2,18.0,66,1,0,2015,5,4,Spanish Grand Prix,2015-05-10,12:00:00,hamilton,44,HAM,Lewis,Hamilton,1985-01-07,British,mercedes,Mercedes,German,Lewis Hamilton,2015,0.0
22618,930,20,6,5,3.0,3.0,3,3,15.0,66,1,0,2015,5,4,Spanish Grand Prix,2015-05-10,12:00:00,vettel,5,VET,Sebastian,Vettel,1987-07-03,German,ferrari,Ferrari,Italian,Sebastian Vettel,2015,0.0
22619,930,822,3,77,4.0,4.0,4,4,12.0,66,1,0,2015,5,4,Spanish Grand Prix,2015-05-10,12:00:00,bottas,77,BOT,Valtteri,Bottas,1989-08-28,Finnish,williams,Williams,British,Valtteri Bottas,2015,0.0
22620,930,8,6,7,7.0,5.0,5,5,10.0,66,1,0,2015,5,4,Spanish Grand Prix,2015-05-10,12:00:00,raikkonen,7,RAI,Kimi,Räikkönen,1979-10-17,Finnish,ferrari,Ferrari,Italian,Kimi Räikkönen,2015,2.0
22621,930,13,3,19,9.0,6.0,6,6,8.0,66,1,0,2015,5,4,Spanish Grand Prix,2015-05-10,12:00:00,massa,19,MAS,Felipe,Massa,1981-04-25,Brazilian,williams,Williams,British,Felipe Massa,2015,3.0
22622,930,817,9,3,10.0,7.0,7,7,6.0,65,11,0,2015,5,4,Spanish Grand Prix,2015-05-10,12:00:00,ricciardo,3,RIC,Daniel,Ricciardo,1989-07-01,Australian,red_bull,Red Bull,Austrian,Daniel Ricciardo,2015,3.0
22623,930,154,208,8,11.0,8.0,8,8,4.0,65,11,0,2015,5,4,Spanish Grand Prix,2015-05-10,12:00:00,grosjean,8,GRO,Romain,Grosjean,1986-04-17,French,lotus_f1,Lotus F1,British,Romain Grosjean,2015,3.0
22624,930,832,5,55,5.0,9.0,9,9,2.0,65,11,0,2015,5,4,Spanish Grand Prix,2015-05-10,12:00:00,sainz,55,SAI,Carlos,Sainz,1994-09-01,Spanish,toro_rosso,Toro Rosso,Italian,Carlos Sainz,2015,-4.0
22625,930,826,9,26,8.0,10.0,10,10,1.0,65,11,0,2015,5,4,Spanish Grand Prix,2015-05-10,12:00:00,kvyat,26,KVY,Daniil,Kvyat,1994-04-26,Russian,red_bull,Red Bull,Austrian,Daniil Kvyat,2015,-2.0
22626,930,830,5,33,6.0,11.0,11,11,0.0,65,11,0,2015,5,4,Spanish Grand Prix,2015-05-10,12:00:00,max_verstappen,33,VER,Max,Verstappen,1997-09-30,Dutch,toro_rosso,Toro Rosso,Italian,Max Verstappen,2015,-5.0
22627,930,831,15,12,15.0,12.0,12,12,0.0,65,11,0,2015,5,4,Spanish Grand Prix,2015-05-10,12:00:00,nasr,12,NAS,Felipe,Nasr,1992-08-21,Brazilian,sauber,Sauber,Swiss,Felipe Nasr,2015,3.0
22628,930,815,10,11,18.0,13.0,13,13,0.0,65,11,0,2015,5,4,Spanish Grand Prix,2015-05-10,12:00:00,perez,11,PER,Sergio,Pérez,1990-01-26,Mexican,force_india,Force India,Indian,Sergio Pérez,2015,5.0
22629,930,828,15,9,16.0,14.0,14,14,0.0,65,11,0,2015,5,4,Spanish Grand Prix,2015-05-10,12:00:00,ericsson,9,ERI,Marcus,Ericsson,1990-09-02,Swedish,sauber,Sauber,Swiss,Marcus Ericsson,2015,2.0
22630,930,807,10,27,17.0,15.0,15,15,0.0,65,11,0,2015,5,4,Spanish Grand Prix,2015-05-10,12:00:00,hulkenberg,27,HUL,Nico,Hülkenberg,1987-08-19,German,force_india,Force India,Indian,Nico Hülkenberg,2015,2.0
22631,930,18,1,22,14.0,16.0,16,16,0.0,65,11,0,2015,5,4,Spanish Grand Prix,2015-05-10,12:00:00,button,22,BUT,Jenson,Button,1980-01-19,British,mclaren,McLaren,British,Jenson Button,2015,-2.0
22632,930,829,209,28,19.0,17.0,17,17,0.0,63,13,0,2015,5,4,Spanish Grand Prix,2015-05-10,12:00:00,stevens,28,STE,Will,Stevens,1991-06-28,British,manor,Manor Marussia,British,Will Stevens,2015,2.0
22633,930,833,209,98,20.0,18.0,18,18,0.0,62,14,0,2015,5,4,Spanish Grand Prix,2015-05-10,12:00:00,merhi,98,MER,Roberto,Merhi,1991-03-22,Spanish,manor,Manor Marussia,British,Roberto Merhi,2015,2.0
22634,930,813,208,13,12.0,0.0,R,19,0.0,45,3,1,2015,5,4,Spanish Grand Prix,2015-05-10,12:00:00,maldonado,13,MAL,Pastor,Maldonado,1985-03-09,Venezuelan,lotus_f1,Lotus F1,British,Pastor Maldonado,2015,12.0
22635,930,4,1,14,13.0,0.0,R,20,0.0,26,23,1,2015,5,4,Spanish Grand Prix,2015-05-10,12:00:00,alonso,14,ALO,Fernando,Alonso,1981-07-29,Spanish,mclaren,McLaren,British,Fernando Alonso,2015,13.0
22636,931,3,131,6,2.0,1.0,1,1,25.0,78,1,0,2015,6,6,Monaco Grand Prix,2015-05-24,12:00:00,rosberg,6,ROS,Nico,Rosberg,1985-06-27,German,mercedes,Mercedes,German,Nico Rosberg,2015,1.0
22637,931,20,6,5,3.0,2.0,2,2,18.0,78,1,0,2015,6,6,Monaco Grand Prix,2015-05-24,12:00:00,vettel,5,VET,Sebastian,Vettel,1987-07-03,German,ferrari,Ferrari,Italian,Sebastian Vettel,2015,1.0
22638,931,1,131,44,1.0,3.0,3,3,15.0,78,1,0,2015,6,6,Monaco Grand Prix,2015-05-24,12:00:00,hamilton,44,HAM,Lewis,Hamilton,1985-01-07,British,mercedes,Mercedes,German,Lewis Hamilton,2015,-2.0
22639,931,826,9,26,5.0,4.0,4,4,12.0,78,1,0,2015,6,6,Monaco Grand Prix,2015-05-24,12:00:00,kvyat,26,KVY,Daniil,Kvyat,1994-04-26,Russian,red_bull,Red Bull,Austrian,Daniil Kvyat,2015,1.0
22640,931,817,9,3,4.0,5.0,5,5,10.0,78,1,0,2015,6,6,Monaco Grand Prix,2015-05-24,12:00:00,ricciardo,3,RIC,Daniel,Ricciardo,1989-07-01,Australian,red_bull,Red Bull,Austrian,Daniel Ricciardo,2015,-1.0
22641,931,8,6,7,6.0,6.0,6,6,8.0,78,1,0,2015,6,6,Monaco Grand Prix,2015-05-24,12:00:00,raikkonen,7,RAI,Kimi,Räikkönen,1979-10-17,Finnish,ferrari,Ferrari,Italian,Kimi Räikkönen,2015,0.0
22642,931,815,10,11,7.0,7.0,7,7,6.0,78,1,0,2015,6,6,Monaco Grand Prix,2015-05-24,12:00:00,perez,11,PER,Sergio,Pérez,1990-01-26,Mexican,force_india,Force India,Indian,Sergio Pérez,2015,0.0
22643,931,18,1,22,10.0,8.0,8,8,4.0,78,1,0,2015,6,6,Monaco Grand Prix,2015-05-24,12:00:00,button,22,BUT,Jenson,Button,1980-01-19,British,mclaren,McLaren,British,Jenson Button,2015,2.0
22644,931,831,15,12,14.0,9.0,9,9,2.0,78,1,0,2015,6,6,Monaco Grand Prix,2015-05-24,12:00:00,nasr,12,NAS,Felipe,Nasr,1992-08-21,Brazilian,sauber,Sauber,Swiss,Felipe Nasr,2015,5.0
22645,931,832,5,55,0.0,10.0,10,10,1.0,78,1,0,2015,6,6,Monaco Grand Prix,2015-05-24,12:00:00,sainz,55,SAI,Carlos,Sainz,1994-09-01,Spanish,toro_rosso,Toro Rosso,Italian,Carlos Sainz,2015,-10.0
22646,931,807,10,27,11.0,11.0,11,11,0.0,78,1,0,2015,6,6,Monaco Grand Prix,2015-05-24,12:00:00,hulkenberg,27,HUL,Nico,Hülkenberg,1987-08-19,German,force_india,Force India,Indian,Nico Hülkenberg,2015,0.0
22647,931,154,208,8,15.0,12.0,12,12,0.0,78,1,0,2015,6,6,Monaco Grand Prix,2015-05-24,12:00:00,grosjean,8,GRO,Romain,Grosjean,1986-04-17,French,lotus_f1,Lotus F1,British,Romain Grosjean,2015,3.0
22648,931,828,15,9,17.0,13.0,13,13,0.0,78,1,0,2015,6,6,Monaco Grand Prix,2015-05-24,12:00:00,ericsson,9,ERI,Marcus,Ericsson,1990-09-02,Swedish,sauber,Sauber,Swiss,Marcus Ericsson,2015,4.0
22649,931,822,3,77,16.0,14.0,14,14,0.0,78,1,0,2015,6,6,Monaco Grand Prix,2015-05-24,12:00:00,bottas,77,BOT,Valtteri,Bottas,1989-08-28,Finnish,williams,Williams,British,Valtteri Bottas,2015,2.0
22650,931,13,3,19,12.0,15.0,15,15,0.0,77,11,0,2015,6,6,Monaco Grand Prix,2015-05-24,12:00:00,massa,19,MAS,Felipe,Massa,1981-04-25,Brazilian,williams,Williams,British,Felipe Massa,2015,-3.0
22651,931,833,209,98,19.0,16.0,16,16,0.0,76,12,0,2015,6,6,Monaco Grand Prix,2015-05-24,12:00:00,merhi,98,MER,Roberto,Merhi,1991-03-22,Spanish,manor,Manor Marussia,British,Roberto Merhi,2015,3.0
22652,931,829,209,28,18.0,17.0,17,17,0.0,76,12,0,2015,6,6,Monaco Grand Prix,2015-05-24,12:00:00,stevens,28,STE,Will,Stevens,1991-06-28,British,manor,Manor Marussia,British,Will Stevens,2015,1.0
22653,931,830,5,33,9.0,0.0,R,18,0.0,62,3,1,2015,6,6,Monaco Grand Prix,2015-05-24,12:00:00,max_verstappen,33,VER,Max,Verstappen,1997-09-30,Dutch,toro_rosso,Toro Rosso,Italian,Max Verstappen,2015,9.0
22654,931,4,1,14,13.0,0.0,R,19,0.0,41,6,1,2015,6,6,Monaco Grand Prix,2015-05-24,12:00:00,alonso,14,ALO,Fernando,Alonso,1981-07-29,Spanish,mclaren,McLaren,British,Fernando Alonso,2015,13.0
22655,931,813,208,13,8.0,0.0,R,20,0.0,5,23,1,2015,6,6,Monaco Grand Prix,2015-05-24,12:00:00,maldonado,13,MAL,Pastor,Maldonado,1985-03-09,Venezuelan,lotus_f1,Lotus F1,British,Pastor Maldonado,2015,8.0
22656,932,1,131,44,1.0,1.0,1,1,25.0,70,1,0,2015,7,7,Canadian Grand Prix,2015-06-07,18:00:00,hamilton,44,HAM,Lewis,Hamilton,1985-01-07,British,mercedes,Mercedes,German,Lewis Hamilton,2015,0.0
22657,932,3,131,6,2.0,2.0,2,2,18.0,70,1,0,2015,7,7,Canadian Grand Prix,2015-06-07,18:00:00,rosberg,6,ROS,Nico,Rosberg,1985-06-27,German,mercedes,Mercedes,German,Nico Rosberg,2015,0.0
22658,932,822,3,77,4.0,3.0,3,3,15.0,70,1,0,2015,7,7,Canadian Grand Prix,2015-06-07,18:00:00,bottas,77,BOT,Valtteri,Bottas,1989-08-28,Finnish,williams,Williams,British,Valtteri Bottas,2015,1.0
22659,932,8,6,7,3.0,4.0,4,4,12.0,70,1,0,2015,7,7,Canadian Grand Prix,2015-06-07,18:00:00,raikkonen,7,RAI,Kimi,Räikkönen,1979-10-17,Finnish,ferrari,Ferrari,Italian,Kimi Räikkönen,2015,-1.0
22660,932,20,6,5,18.0,5.0,5,5,10.0,70,1,0,2015,7,7,Canadian Grand Prix,2015-06-07,18:00:00,vettel,5,VET,Sebastian,Vettel,1987-07-03,German,ferrari,Ferrari,Italian,Sebastian Vettel,2015,13.0
22661,932,13,3,19,15.0,6.0,6,6,8.0,70,1,0,2015,7,7,Canadian Grand Prix,2015-06-07,18:00:00,massa,19,MAS,Felipe,Massa,1981-04-25,Brazilian,williams,Williams,British,Felipe Massa,2015,9.0
22662,932,813,208,13,6.0,7.0,7,7,6.0,70,1,0,2015,7,7,Canadian Grand Prix,2015-06-07,18:00:00,maldonado,13,MAL,Pastor,Maldonado,1985-03-09,Venezuelan,lotus_f1,Lotus F1,British,Pastor Maldonado,2015,-1.0
22663,932,807,10,27,7.0,8.0,8,8,4.0,69,11,0,2015,7,7,Canadian Grand Prix,2015-06-07,18:00:00,hulkenberg,27,HUL,Nico,Hülkenberg,1987-08-19,German,force_india,Force India,Indian,Nico Hülkenberg,2015,-1.0
22664,932,826,9,26,8.0,9.0,9,9,2.0,69,11,0,2015,7,7,Canadian Grand Prix,2015-06-07,18:00:00,kvyat,26,KVY,Daniil,Kvyat,1994-04-26,Russian,red_bull,Red Bull,Austrian,Daniil Kvyat,2015,-1.0
22665,932,154,208,8,5.0,10.0,10,10,1.0,69,11,0,2015,7,7,Canadian Grand Prix,2015-06-07,18:00:00,grosjean,8,GRO,Romain,Grosjean,1986-04-17,French,lotus_f1,Lotus F1,British,Romain Grosjean,2015,-5.0
22666,932,815,10,11,10.0,11.0,11,11,0.0,69,11,0,2015,7,7,Canadian Grand Prix,2015-06-07,18:00:00,perez,11,PER,Sergio,Pérez,1990-01-26,Mexican,force_india,Force India,Indian,Sergio Pérez,2015,-1.0
22667,932,832,5,55,11.0,12.0,12,12,0.0,69,11,0,2015,7,7,Canadian Grand Prix,2015-06-07,18:00:00,sainz,55,SAI,Carlos,Sainz,1994-09-01,Spanish,toro_rosso,Toro Rosso,Italian,Carlos Sainz,2015,-1.0
22668,932,817,9,3,9.0,13.0,13,13,0.0,69,11,0,2015,7,7,Canadian Grand Prix,2015-06-07,18:00:00,ricciardo,3,RIC,Daniel,Ricciardo,1989-07-01,Australian,red_bull,Red Bull,Austrian,Daniel Ricciardo,2015,-4.0
22669,932,828,15,9,12.0,14.0,14,14,0.0,69,11,0,2015,7,7,Canadian Grand Prix,2015-06-07,18:00:00,ericsson,9,ERI,Marcus,Ericsson,1990-09-02,Swedish,sauber,Sauber,Swiss,Marcus Ericsson,2015,-2.0
22670,932,830,5,33,19.0,15.0,15,15,0.0,69,11,0,2015,7,7,Canadian Grand Prix,2015-06-07,18:00:00,max_verstappen,33,VER,Max,Verstappen,1997-09-30,Dutch,toro_rosso,Toro Rosso,Italian,Max Verstappen,2015,4.0
22671,932,831,15,12,14.0,16.0,16,16,0.0,68,12,0,2015,7,7,Canadian Grand Prix,2015-06-07,18:00:00,nasr,12,NAS,Felipe,Nasr,1992-08-21,Brazilian,sauber,Sauber,Swiss,Felipe Nasr,2015,-2.0
22672,932,829,209,28,17.0,17.0,17,17,0.0,66,14,0,2015,7,7,Canadian Grand Prix,2015-06-07,18:00:00,stevens,28,STE,Will,Stevens,1991-06-28,British,manor,Manor Marussia,British,Will Stevens,2015,0.0
22673,932,833,209,98,16.0,0.0,R,18,0.0,57,31,1,2015,7,7,Canadian Grand Prix,2015-06-07,18:00:00,merhi,98,MER,Roberto,Merhi,1991-03-22,Spanish,manor,Manor Marussia,British,Roberto Merhi,2015,16.0
22674,932,18,1,22,20.0,0.0,R,19,0.0,54,31,1,2015,7,7,Canadian Grand Prix,2015-06-07,18:00:00,button,22,BUT,Jenson,Button,1980-01-19,British,mclaren,McLaren,British,Jenson Button,2015,20.0
22675,932,4,1,14,13.0,0.0,R,20,0.0,44,5,1,2015,7,7,Canadian Grand Prix,2015-06-07,18:00:00,alonso,14,ALO,Fernando,Alonso,1981-07-29,Spanish,mclaren,McLaren,British,Fernando Alonso,2015,13.0
22676,933,3,131,6,2.0,1.0,1,1,25.0,71,1,0,2015,8,70,Austrian Grand Prix,2015-06-21,12:00:00,rosberg,6,ROS,Nico,Rosberg,1985-06-27,German,mercedes,Mercedes,German,Nico Rosberg,2015,1.0
22677,933,1,131,44,1.0,2.0,2,2,18.0,71,1,0,2015,8,70,Austrian Grand Prix,2015-06-21,12:00:00,hamilton,44,HAM,Lewis,Hamilton,1985-01-07,British,mercedes,Mercedes,German,Lewis Hamilton,2015,-1.0
22678,933,13,3,19,4.0,3.0,3,3,15.0,71,1,0,2015,8,70,Austrian Grand Prix,2015-06-21,12:00:00,massa,19,MAS,Felipe,Massa,1981-04-25,Brazilian,williams,Williams,British,Felipe Massa,2015,1.0
22679,933,20,6,5,3.0,4.0,4,4,12.0,71,1,0,2015,8,70,Austrian Grand Prix,2015-06-21,12:00:00,vettel,5,VET,Sebastian,Vettel,1987-07-03,German,ferrari,Ferrari,Italian,Sebastian Vettel,2015,-1.0
22680,933,822,3,77,6.0,5.0,5,5,10.0,71,1,0,2015,8,70,Austrian Grand Prix,2015-06-21,12:00:00,bottas,77,BOT,Valtteri,Bottas,1989-08-28,Finnish,williams,Williams,British,Valtteri Bottas,2015,1.0
22681,933,807,10,27,5.0,6.0,6,6,8.0,71,1,0,2015,8,70,Austrian Grand Prix,2015-06-21,12:00:00,hulkenberg,27,HUL,Nico,Hülkenberg,1987-08-19,German,force_india,Force India,Indian,Nico Hülkenberg,2015,-1.0
22682,933,813,208,13,10.0,7.0,7,7,6.0,70,11,0,2015,8,70,Austrian Grand Prix,2015-06-21,12:00:00,maldonado,13,MAL,Pastor,Maldonado,1985-03-09,Venezuelan,lotus_f1,Lotus F1,British,Pastor Maldonado,2015,3.0
22683,933,830,5,33,7.0,8.0,8,8,4.0,70,11,0,2015,8,70,Austrian Grand Prix,2015-06-21,12:00:00,max_verstappen,33,VER,Max,Verstappen,1997-09-30,Dutch,toro_rosso,Toro Rosso,Italian,Max Verstappen,2015,-1.0
22684,933,815,10,11,13.0,9.0,9,9,2.0,70,11,0,2015,8,70,Austrian Grand Prix,2015-06-21,12:00:00,perez,11,PER,Sergio,Pérez,1990-01-26,Mexican,force_india,Force India,Indian,Sergio Pérez,2015,4.0
22685,933,817,9,3,18.0,10.0,10,10,1.0,70,11,0,2015,8,70,Austrian Grand Prix,2015-06-21,12:00:00,ricciardo,3,RIC,Daniel,Ricciardo,1989-07-01,Australian,red_bull,Red Bull,Austrian,Daniel Ricciardo,2015,8.0
22686,933,831,15,12,8.0,11.0,11,11,0.0,70,11,0,2015,8,70,Austrian Grand Prix,2015-06-21,12:00:00,nasr,12,NAS,Felipe,Nasr,1992-08-21,Brazilian,sauber,Sauber,Swiss,Felipe Nasr,2015,-3.0
22687,933,826,9,26,15.0,12.0,12,12,0.0,70,11,0,2015,8,70,Austrian Grand Prix,2015-06-21,12:00:00,kvyat,26,KVY,Daniil,Kvyat,1994-04-26,Russian,red_bull,Red Bull,Austrian,Daniil Kvyat,2015,3.0
22688,933,828,15,9,11.0,13.0,13,13,0.0,69,12,0,2015,8,70,Austrian Grand Prix,2015-06-21,12:00:00,ericsson,9,ERI,Marcus,Ericsson,1990-09-02,Swedish,sauber,Sauber,Swiss,Marcus Ericsson,2015,-2.0
22689,933,833,209,98,16.0,14.0,14,14,0.0,68,13,0,2015,8,70,Austrian Grand Prix,2015-06-21,12:00:00,merhi,98,MER,Roberto,Merhi,1991-03-22,Spanish,manor,Manor Marussia,British,Roberto Merhi,2015,2.0
22690,933,154,208,8,9.0,0.0,R,15,0.0,35,6,1,2015,8,70,Austrian Grand Prix,2015-06-21,12:00:00,grosjean,8,GRO,Romain,Grosjean,1986-04-17,French,lotus_f1,Lotus F1,British,Romain Grosjean,2015,9.0
22691,933,832,5,55,12.0,0.0,R,16,0.0,35,75,1,2015,8,70,Austrian Grand Prix,2015-06-21,12:00:00,sainz,55,SAI,Carlos,Sainz,1994-09-01,Spanish,toro_rosso,Toro Rosso,Italian,Carlos Sainz,2015,12.0
22692,933,18,1,22,20.0,0.0,R,17,0.0,8,31,1,2015,8,70,Austrian Grand Prix,2015-06-21,12:00:00,button,22,BUT,Jenson,Button,1980-01-19,British,mclaren,McLaren,British,Jenson Button,2015,20.0
22693,933,829,209,28,17.0,0.0,R,18,0.0,1,44,1,2015,8,70,Austrian Grand Prix,2015-06-21,12:00:00,stevens,28,STE,Will,Stevens,1991-06-28,British,manor,Manor Marussia,British,Will Stevens,2015,17.0
22694,933,8,6,7,14.0,0.0,R,19,0.0,0,4,1,2015,8,70,Austrian Grand Prix,2015-06-21,12:00:00,raikkonen,7,RAI,Kimi,Räikkönen,1979-10-17,Finnish,ferrari,Ferrari,Italian,Kimi Räikkönen,2015,14.0
22695,933,4,1,14,19.0,0.0,R,20,0.0,0,4,1,2015,8,70,Austrian Grand Prix,2015-06-21,12:00:00,alonso,14,ALO,Fernando,Alonso,1981-07-29,Spanish,mclaren,McLaren,British,Fernando Alonso,2015,19.0
22696,934,1,131,44,1.0,1.0,1,1,25.0,52,1,0,2015,9,9,British Grand Prix,2015-07-05,12:00:00,hamilton,44,HAM,Lewis,Hamilton,1985-01-07,British,mercedes,Mercedes,German,Lewis Hamilton,2015,0.0
22697,934,3,131,6,2.0,2.0,2,2,18.0,52,1,0,2015,9,9,British Grand Prix,2015-07-05,12:00:00,rosberg,6,ROS,Nico,Rosberg,1985-06-27,German,mercedes,Mercedes,German,Nico Rosberg,2015,0.0
22698,934,20,6,5,6.0,3.0,3,3,15.0,52,1,0,2015,9,9,British Grand Prix,2015-07-05,12:00:00,vettel,5,VET,Sebastian,Vettel,1987-07-03,German,ferrari,Ferrari,Italian,Sebastian Vettel,2015,3.0
22699,934,13,3,19,3.0,4.0,4,4,12.0,52,1,0,2015,9,9,British Grand Prix,2015-07-05,12:00:00,massa,19,MAS,Felipe,Massa,1981-04-25,Brazilian,williams,Williams,British,Felipe Massa,2015,-1.0
22700,934,822,3,77,4.0,5.0,5,5,10.0,52,1,0,2015,9,9,British Grand Prix,2015-07-05,12:00:00,bottas,77,BOT,Valtteri,Bottas,1989-08-28,Finnish,williams,Williams,British,Valtteri Bottas,2015,-1.0
22701,934,826,9,26,7.0,6.0,6,6,8.0,52,1,0,2015,9,9,British Grand Prix,2015-07-05,12:00:00,kvyat,26,KVY,Daniil,Kvyat,1994-04-26,Russian,red_bull,Red Bull,Austrian,Daniil Kvyat,2015,1.0
22702,934,807,10,27,9.0,7.0,7,7,6.0,52,1,0,2015,9,9,British Grand Prix,2015-07-05,12:00:00,hulkenberg,27,HUL,Nico,Hülkenberg,1987-08-19,German,force_india,Force India,Indian,Nico Hülkenberg,2015,2.0
22703,934,8,6,7,5.0,8.0,8,8,4.0,51,11,0,2015,9,9,British Grand Prix,2015-07-05,12:00:00,raikkonen,7,RAI,Kimi,Räikkönen,1979-10-17,Finnish,ferrari,Ferrari,Italian,Kimi Räikkönen,2015,-3.0
22704,934,815,10,11,11.0,9.0,9,9,2.0,51,11,0,2015,9,9,British Grand Prix,2015-07-05,12:00:00,perez,11,PER,Sergio,Pérez,1990-01-26,Mexican,force_india,Force India,Indian,Sergio Pérez,2015,2.0
22705,934,4,1,14,17.0,10.0,10,10,1.0,51,11,0,2015,9,9,British Grand Prix,2015-07-05,12:00:00,alonso,14,ALO,Fernando,Alonso,1981-07-29,Spanish,mclaren,McLaren,British,Fernando Alonso,2015,7.0
22706,934,828,15,9,15.0,11.0,11,11,0.0,51,11,0,2015,9,9,British Grand Prix,2015-07-05,12:00:00,ericsson,9,ERI,Marcus,Ericsson,1990-09-02,Swedish,sauber,Sauber,Swiss,Marcus Ericsson,2015,4.0
22707,934,833,209,98,20.0,12.0,12,12,0.0,49,13,0,2015,9,9,British Grand Prix,2015-07-05,12:00:00,merhi,98,MER,Roberto,Merhi,1991-03-22,Spanish,manor,Manor Marussia,British,Roberto Merhi,2015,8.0
22708,934,829,209,28,19.0,13.0,13,13,0.0,49,13,0,2015,9,9,British Grand Prix,2015-07-05,12:00:00,stevens,28,STE,Will,Stevens,1991-06-28,British,manor,Manor Marussia,British,Will Stevens,2015,6.0
22709,934,832,5,55,8.0,0.0,R,14,0.0,31,10,1,2015,9,9,British Grand Prix,2015-07-05,12:00:00,sainz,55,SAI,Carlos,Sainz,1994-09-01,Spanish,toro_rosso,Toro Rosso,Italian,Carlos Sainz,2015,8.0
22710,934,817,9,3,10.0,0.0,R,15,0.0,21,10,1,2015,9,9,British Grand Prix,2015-07-05,12:00:00,ricciardo,3,RIC,Daniel,Ricciardo,1989-07-01,Australian,red_bull,Red Bull,Austrian,Daniel Ricciardo,2015,10.0
22711,934,830,5,33,13.0,0.0,R,16,0.0,3,20,1,2015,9,9,British Grand Prix,2015-07-05,12:00:00,max_verstappen,33,VER,Max,Verstappen,1997-09-30,Dutch,toro_rosso,Toro Rosso,Italian,Max Verstappen,2015,13.0
22712,934,813,208,13,14.0,0.0,R,18,0.0,0,4,1,2015,9,9,British Grand Prix,2015-07-05,12:00:00,maldonado,13,MAL,Pastor,Maldonado,1985-03-09,Venezuelan,lotus_f1,Lotus F1,British,Pastor Maldonado,2015,14.0
22713,934,18,1,22,18.0,0.0,R,19,0.0,0,4,1,2015,9,9,British Grand Prix,2015-07-05,12:00:00,button,22,BUT,Jenson,Button,1980-01-19,British,mclaren,McLaren,British,Jenson Button,2015,18.0
22714,934,154,208,8,12.0,0.0,R,17,0.0,0,4,1,2015,9,9,British Grand Prix,2015-07-05,12:00:00,grosjean,8,GRO,Romain,Grosjean,1986-04-17,French,lotus_f1,Lotus F1,British,Romain Grosjean,2015,12.0
22715,934,831,15,12,16.0,0.0,W,20,0.0,0,6,1,2015,9,9,British Grand Prix,2015-07-05,12:00:00,nasr,12,NAS,Felipe,Nasr,1992-08-21,Brazilian,sauber,Sauber,Swiss,Felipe Nasr,2015,16.0
22716,936,20,6,5,3.0,1.0,1,1,25.0,69,1,0,2015,10,11,Hungarian Grand Prix,2015-07-26,12:00:00,vettel,5,VET,Sebastian,Vettel,1987-07-03,German,ferrari,Ferrari,Italian,Sebastian Vettel,2015,2.0
22717,936,826,9,26,7.0,2.0,2,2,18.0,69,1,0,2015,10,11,Hungarian Grand Prix,2015-07-26,12:00:00,kvyat,26,KVY,Daniil,Kvyat,1994-04-26,Russian,red_bull,Red Bull,Austrian,Daniil Kvyat,2015,5.0
22718,936,817,9,3,4.0,3.0,3,3,15.0,69,1,0,2015,10,11,Hungarian Grand Prix,2015-07-26,12:00:00,ricciardo,3,RIC,Daniel,Ricciardo,1989-07-01,Australian,red_bull,Red Bull,Austrian,Daniel Ricciardo,2015,1.0
22719,936,830,5,33,9.0,4.0,4,4,12.0,69,1,0,2015,10,11,Hungarian Grand Prix,2015-07-26,12:00:00,max_verstappen,33,VER,Max,Verstappen,1997-09-30,Dutch,toro_rosso,Toro Rosso,Italian,Max Verstappen,2015,5.0
22720,936,4,1,14,15.0,5.0,5,5,10.0,69,1,0,2015,10,11,Hungarian Grand Prix,2015-07-26,12:00:00,alonso,14,ALO,Fernando,Alonso,1981-07-29,Spanish,mclaren,McLaren,British,Fernando Alonso,2015,10.0
22721,936,1,131,44,1.0,6.0,6,6,8.0,69,1,0,2015,10,11,Hungarian Grand Prix,2015-07-26,12:00:00,hamilton,44,HAM,Lewis,Hamilton,1985-01-07,British,mercedes,Mercedes,German,Lewis Hamilton,2015,-5.0
22722,936,154,208,8,10.0,7.0,7,7,6.0,69,1,0,2015,10,11,Hungarian Grand Prix,2015-07-26,12:00:00,grosjean,8,GRO,Romain,Grosjean,1986-04-17,French,lotus_f1,Lotus F1,British,Romain Grosjean,2015,3.0
22723,936,3,131,6,2.0,8.0,8,8,4.0,69,1,0,2015,10,11,Hungarian Grand Prix,2015-07-26,12:00:00,rosberg,6,ROS,Nico,Rosberg,1985-06-27,German,mercedes,Mercedes,German,Nico Rosberg,2015,-6.0
22724,936,18,1,22,16.0,9.0,9,9,2.0,69,1,0,2015,10,11,Hungarian Grand Prix,2015-07-26,12:00:00,button,22,BUT,Jenson,Button,1980-01-19,British,mclaren,McLaren,British,Jenson Button,2015,7.0
22725,936,828,15,9,17.0,10.0,10,10,1.0,69,1,0,2015,10,11,Hungarian Grand Prix,2015-07-26,12:00:00,ericsson,9,ERI,Marcus,Ericsson,1990-09-02,Swedish,sauber,Sauber,Swiss,Marcus Ericsson,2015,7.0
22726,936,831,15,12,18.0,11.0,11,11,0.0,69,1,0,2015,10,11,Hungarian Grand Prix,2015-07-26,12:00:00,nasr,12,NAS,Felipe,Nasr,1992-08-21,Brazilian,sauber,Sauber,Swiss,Felipe Nasr,2015,7.0
22727,936,13,3,19,8.0,12.0,12,12,0.0,69,1,0,2015,10,11,Hungarian Grand Prix,2015-07-26,12:00:00,massa,19,MAS,Felipe,Massa,1981-04-25,Brazilian,williams,Williams,British,Felipe Massa,2015,-4.0
22728,936,822,3,77,6.0,13.0,13,13,0.0,69,1,0,2015,10,11,Hungarian Grand Prix,2015-07-26,12:00:00,bottas,77,BOT,Valtteri,Bottas,1989-08-28,Finnish,williams,Williams,British,Valtteri Bottas,2015,-7.0
22729,936,813,208,13,14.0,14.0,14,14,0.0,69,1,0,2015,10,11,Hungarian Grand Prix,2015-07-26,12:00:00,maldonado,13,MAL,Pastor,Maldonado,1985-03-09,Venezuelan,lotus_f1,Lotus F1,British,Pastor Maldonado,2015,0.0
22730,936,833,209,98,19.0,15.0,15,15,0.0,67,12,0,2015,10,11,Hungarian Grand Prix,2015-07-26,12:00:00,merhi,98,MER,Roberto,Merhi,1991-03-22,Spanish,manor,Manor Marussia,British,Roberto Merhi,2015,4.0
22731,936,829,209,28,20.0,16.0,16,16,0.0,65,14,0,2015,10,11,Hungarian Grand Prix,2015-07-26,12:00:00,stevens,28,STE,Will,Stevens,1991-06-28,British,manor,Manor Marussia,British,Will Stevens,2015,4.0
22732,936,832,5,55,12.0,0.0,R,17,0.0,60,10,1,2015,10,11,Hungarian Grand Prix,2015-07-26,12:00:00,sainz,55,SAI,Carlos,Sainz,1994-09-01,Spanish,toro_rosso,Toro Rosso,Italian,Carlos Sainz,2015,12.0
22733,936,8,6,7,5.0,0.0,R,18,0.0,55,131,1,2015,10,11,Hungarian Grand Prix,2015-07-26,12:00:00,raikkonen,7,RAI,Kimi,Räikkönen,1979-10-17,Finnish,ferrari,Ferrari,Italian,Kimi Räikkönen,2015,5.0
22734,936,815,10,11,13.0,0.0,R,19,0.0,53,22,1,2015,10,11,Hungarian Grand Prix,2015-07-26,12:00:00,perez,11,PER,Sergio,Pérez,1990-01-26,Mexican,force_india,Force India,Indian,Sergio Pérez,2015,13.0
22735,936,807,10,27,11.0,0.0,R,20,0.0,41,33,1,2015,10,11,Hungarian Grand Prix,2015-07-26,12:00:00,hulkenberg,27,HUL,Nico,Hülkenberg,1987-08-19,German,force_india,Force India,Indian,Nico Hülkenberg,2015,11.0
22736,937,1,131,44,1.0,1.0,1,1,25.0,43,1,0,2015,11,13,Belgian Grand Prix,2015-08-23,12:00:00,hamilton,44,HAM,Lewis,Hamilton,1985-01-07,British,mercedes,Mercedes,German,Lewis Hamilton,2015,0.0
22737,937,3,131,6,2.0,2.0,2,2,18.0,43,1,0,2015,11,13,Belgian Grand Prix,2015-08-23,12:00:00,rosberg,6,ROS,Nico,Rosberg,1985-06-27,German,mercedes,Mercedes,German,Nico Rosberg,2015,0.0
22738,937,154,208,8,9.0,3.0,3,3,15.0,43,1,0,2015,11,13,Belgian Grand Prix,2015-08-23,12:00:00,grosjean,8,GRO,Romain,Grosjean,1986-04-17,French,lotus_f1,Lotus F1,British,Romain Grosjean,2015,6.0
22739,937,826,9,26,12.0,4.0,4,4,12.0,43,1,0,2015,11,13,Belgian Grand Prix,2015-08-23,12:00:00,kvyat,26,KVY,Daniil,Kvyat,1994-04-26,Russian,red_bull,Red Bull,Austrian,Daniil Kvyat,2015,8.0
22740,937,815,10,11,4.0,5.0,5,5,10.0,43,1,0,2015,11,13,Belgian Grand Prix,2015-08-23,12:00:00,perez,11,PER,Sergio,Pérez,1990-01-26,Mexican,force_india,Force India,Indian,Sergio Pérez,2015,-1.0
22741,937,13,3,19,6.0,6.0,6,6,8.0,43,1,0,2015,11,13,Belgian Grand Prix,2015-08-23,12:00:00,massa,19,MAS,Felipe,Massa,1981-04-25,Brazilian,williams,Williams,British,Felipe Massa,2015,0.0
22742,937,8,6,7,16.0,7.0,7,7,6.0,43,1,0,2015,11,13,Belgian Grand Prix,2015-08-23,12:00:00,raikkonen,7,RAI,Kimi,Räikkönen,1979-10-17,Finnish,ferrari,Ferrari,Italian,Kimi Räikkönen,2015,9.0
22743,937,830,5,33,18.0,8.0,8,8,4.0,43,1,0,2015,11,13,Belgian Grand Prix,2015-08-23,12:00:00,max_verstappen,33,VER,Max,Verstappen,1997-09-30,Dutch,toro_rosso,Toro Rosso,Italian,Max Verstappen,2015,10.0
22744,937,822,3,77,3.0,9.0,9,9,2.0,43,131,0,2015,11,13,Belgian Grand Prix,2015-08-23,12:00:00,bottas,77,BOT,Valtteri,Bottas,1989-08-28,Finnish,williams,Williams,British,Valtteri Bottas,2015,-6.0
22745,937,828,15,9,13.0,10.0,10,10,1.0,43,1,0,2015,11,13,Belgian Grand Prix,2015-08-23,12:00:00,ericsson,9,ERI,Marcus,Ericsson,1990-09-02,Swedish,sauber,Sauber,Swiss,Marcus Ericsson,2015,3.0
22746,937,831,15,12,14.0,11.0,11,11,0.0,43,1,0,2015,11,13,Belgian Grand Prix,2015-08-23,12:00:00,nasr,12,NAS,Felipe,Nasr,1992-08-21,Brazilian,sauber,Sauber,Swiss,Felipe Nasr,2015,3.0
22747,937,20,6,5,8.0,12.0,12,12,0.0,42,27,0,2015,11,13,Belgian Grand Prix,2015-08-23,12:00:00,vettel,5,VET,Sebastian,Vettel,1987-07-03,German,ferrari,Ferrari,Italian,Sebastian Vettel,2015,-4.0
22748,937,4,1,14,20.0,13.0,13,13,0.0,42,11,0,2015,11,13,Belgian Grand Prix,2015-08-23,12:00:00,alonso,14,ALO,Fernando,Alonso,1981-07-29,Spanish,mclaren,McLaren,British,Fernando Alonso,2015,7.0
22749,937,18,1,22,19.0,14.0,14,14,0.0,42,11,0,2015,11,13,Belgian Grand Prix,2015-08-23,12:00:00,button,22,BUT,Jenson,Button,1980-01-19,British,mclaren,McLaren,British,Jenson Button,2015,5.0
22750,937,833,209,98,17.0,15.0,15,15,0.0,42,11,0,2015,11,13,Belgian Grand Prix,2015-08-23,12:00:00,merhi,98,MER,Roberto,Merhi,1991-03-22,Spanish,manor,Manor Marussia,British,Roberto Merhi,2015,2.0
22751,937,829,209,28,15.0,16.0,16,16,0.0,42,11,0,2015,11,13,Belgian Grand Prix,2015-08-23,12:00:00,stevens,28,STE,Will,Stevens,1991-06-28,British,manor,Manor Marussia,British,Will Stevens,2015,-1.0
22752,937,832,5,55,10.0,0.0,R,17,0.0,32,131,1,2015,11,13,Belgian Grand Prix,2015-08-23,12:00:00,sainz,55,SAI,Carlos,Sainz,1994-09-01,Spanish,toro_rosso,Toro Rosso,Italian,Carlos Sainz,2015,10.0
22753,937,817,9,3,5.0,0.0,R,18,0.0,19,131,1,2015,11,13,Belgian Grand Prix,2015-08-23,12:00:00,ricciardo,3,RIC,Daniel,Ricciardo,1989-07-01,Australian,red_bull,Red Bull,Austrian,Daniel Ricciardo,2015,5.0
22754,937,813,208,13,7.0,0.0,R,19,0.0,2,5,1,2015,11,13,Belgian Grand Prix,2015-08-23,12:00:00,maldonado,13,MAL,Pastor,Maldonado,1985-03-09,Venezuelan,lotus_f1,Lotus F1,British,Pastor Maldonado,2015,7.0
22755,937,807,10,27,11.0,0.0,W,20,0.0,0,75,1,2015,11,13,Belgian Grand Prix,2015-08-23,12:00:00,hulkenberg,27,HUL,Nico,Hülkenberg,1987-08-19,German,force_india,Force India,Indian,Nico Hülkenberg,2015,11.0
22756,938,1,131,44,1.0,1.0,1,1,25.0,53,1,0,2015,12,14,Italian Grand Prix,2015-09-06,12:00:00,hamilton,44,HAM,Lewis,Hamilton,1985-01-07,British,mercedes,Mercedes,German,Lewis Hamilton,2015,0.0
22757,938,20,6,5,3.0,2.0,2,2,18.0,53,1,0,2015,12,14,Italian Grand Prix,2015-09-06,12:00:00,vettel,5,VET,Sebastian,Vettel,1987-07-03,German,ferrari,Ferrari,Italian,Sebastian Vettel,2015,1.0
22758,938,13,3,19,5.0,3.0,3,3,15.0,53,1,0,2015,12,14,Italian Grand Prix,2015-09-06,12:00:00,massa,19,MAS,Felipe,Massa,1981-04-25,Brazilian,williams,Williams,British,Felipe Massa,2015,2.0
22759,938,822,3,77,6.0,4.0,4,4,12.0,53,1,0,2015,12,14,Italian Grand Prix,2015-09-06,12:00:00,bottas,77,BOT,Valtteri,Bottas,1989-08-28,Finnish,williams,Williams,British,Valtteri Bottas,2015,2.0
22760,938,8,6,7,2.0,5.0,5,5,10.0,53,1,0,2015,12,14,Italian Grand Prix,2015-09-06,12:00:00,raikkonen,7,RAI,Kimi,Räikkönen,1979-10-17,Finnish,ferrari,Ferrari,Italian,Kimi Räikkönen,2015,-3.0
22761,938,815,10,11,7.0,6.0,6,6,8.0,53,1,0,2015,12,14,Italian Grand Prix,2015-09-06,12:00:00,perez,11,PER,Sergio,Pérez,1990-01-26,Mexican,force_india,Force India,Indian,Sergio Pérez,2015,1.0
22762,938,807,10,27,9.0,7.0,7,7,6.0,52,11,0,2015,12,14,Italian Grand Prix,2015-09-06,12:00:00,hulkenberg,27,HUL,Nico,Hülkenberg,1987-08-19,German,force_india,Force India,Indian,Nico Hülkenberg,2015,2.0
22763,938,817,9,3,19.0,8.0,8,8,4.0,52,11,0,2015,12,14,Italian Grand Prix,2015-09-06,12:00:00,ricciardo,3,RIC,Daniel,Ricciardo,1989-07-01,Australian,red_bull,Red Bull,Austrian,Daniel Ricciardo,2015,11.0
22764,938,828,15,9,12.0,9.0,9,9,2.0,52,11,0,2015,12,14,Italian Grand Prix,2015-09-06,12:00:00,ericsson,9,ERI,Marcus,Ericsson,1990-09-02,Swedish,sauber,Sauber,Swiss,Marcus Ericsson,2015,3.0
22765,938,826,9,26,18.0,10.0,10,10,1.0,52,11,0,2015,12,14,Italian Grand Prix,2015-09-06,12:00:00,kvyat,26,KVY,Daniil,Kvyat,1994-04-26,Russian,red_bull,Red Bull,Austrian,Daniil Kvyat,2015,8.0
22766,938,832,5,55,17.0,11.0,11,11,0.0,52,11,0,2015,12,14,Italian Grand Prix,2015-09-06,12:00:00,sainz,55,SAI,Carlos,Sainz,1994-09-01,Spanish,toro_rosso,Toro Rosso,Italian,Carlos Sainz,2015,6.0
22767,938,830,5,33,20.0,12.0,12,12,0.0,52,11,0,2015,12,14,Italian Grand Prix,2015-09-06,12:00:00,max_verstappen,33,VER,Max,Verstappen,1997-09-30,Dutch,toro_rosso,Toro Rosso,Italian,Max Verstappen,2015,8.0
22768,938,831,15,12,17.0,13.0,13,13,0.0,52,11,0,2015,12,14,Italian Grand Prix,2015-09-06,12:00:00,nasr,12,NAS,Felipe,Nasr,1992-08-21,Brazilian,sauber,Sauber,Swiss,Felipe Nasr,2015,4.0
22769,938,18,1,22,15.0,14.0,14,14,0.0,52,11,0,2015,12,14,Italian Grand Prix,2015-09-06,12:00:00,button,22,BUT,Jenson,Button,1980-01-19,British,mclaren,McLaren,British,Jenson Button,2015,1.0
22770,938,829,209,28,13.0,15.0,15,15,0.0,51,12,0,2015,12,14,Italian Grand Prix,2015-09-06,12:00:00,stevens,28,STE,Will,Stevens,1991-06-28,British,manor,Manor Marussia,British,Will Stevens,2015,-2.0
22771,938,833,209,98,14.0,16.0,16,16,0.0,51,12,0,2015,12,14,Italian Grand Prix,2015-09-06,12:00:00,merhi,98,MER,Roberto,Merhi,1991-03-22,Spanish,manor,Manor Marussia,British,Roberto Merhi,2015,-2.0
22772,938,3,131,6,4.0,17.0,17,17,0.0,50,13,0,2015,12,14,Italian Grand Prix,2015-09-06,12:00:00,rosberg,6,ROS,Nico,Rosberg,1985-06-27,German,mercedes,Mercedes,German,Nico Rosberg,2015,-13.0
22773,938,4,1,14,16.0,18.0,18,18,0.0,47,16,0,2015,12,14,Italian Grand Prix,2015-09-06,12:00:00,alonso,14,ALO,Fernando,Alonso,1981-07-29,Spanish,mclaren,McLaren,British,Fernando Alonso,2015,-2.0
22774,938,154,208,8,8.0,0.0,R,19,0.0,1,130,1,2015,12,14,Italian Grand Prix,2015-09-06,12:00:00,grosjean,8,GRO,Romain,Grosjean,1986-04-17,French,lotus_f1,Lotus F1,British,Romain Grosjean,2015,8.0
22775,938,813,208,13,10.0,0.0,R,20,0.0,1,130,1,2015,12,14,Italian Grand Prix,2015-09-06,12:00:00,maldonado,13,MAL,Pastor,Maldonado,1985-03-09,Venezuelan,lotus_f1,Lotus F1,British,Pastor Maldonado,2015,10.0
22776,939,20,6,5,1.0,1.0,1,1,25.0,61,1,0,2015,13,15,Singapore Grand Prix,2015-09-20,12:00:00,vettel,5,VET,Sebastian,Vettel,1987-07-03,German,ferrari,Ferrari,Italian,Sebastian Vettel,2015,0.0
22777,939,817,9,3,2.0,2.0,2,2,18.0,61,1,0,2015,13,15,Singapore Grand Prix,2015-09-20,12:00:00,ricciardo,3,RIC,Daniel,Ricciardo,1989-07-01,Australian,red_bull,Red Bull,Austrian,Daniel Ricciardo,2015,0.0
22778,939,8,6,7,3.0,3.0,3,3,15.0,61,1,0,2015,13,15,Singapore Grand Prix,2015-09-20,12:00:00,raikkonen,7,RAI,Kimi,Räikkönen,1979-10-17,Finnish,ferrari,Ferrari,Italian,Kimi Räikkönen,2015,0.0
22779,939,3,131,6,6.0,4.0,4,4,12.0,61,1,0,2015,13,15,Singapore Grand Prix,2015-09-20,12:00:00,rosberg,6,ROS,Nico,Rosberg,1985-06-27,German,mercedes,Mercedes,German,Nico Rosberg,2015,2.0
22780,939,822,3,77,7.0,5.0,5,5,10.0,61,1,0,2015,13,15,Singapore Grand Prix,2015-09-20,12:00:00,bottas,77,BOT,Valtteri,Bottas,1989-08-28,Finnish,williams,Williams,British,Valtteri Bottas,2015,2.0
22781,939,826,9,26,4.0,6.0,6,6,8.0,61,1,0,2015,13,15,Singapore Grand Prix,2015-09-20,12:00:00,kvyat,26,KVY,Daniil,Kvyat,1994-04-26,Russian,red_bull,Red Bull,Austrian,Daniil Kvyat,2015,-2.0
22782,939,815,10,11,13.0,7.0,7,7,6.0,61,1,0,2015,13,15,Singapore Grand Prix,2015-09-20,12:00:00,perez,11,PER,Sergio,Pérez,1990-01-26,Mexican,force_india,Force India,Indian,Sergio Pérez,2015,6.0
22783,939,830,5,33,8.0,8.0,8,8,4.0,61,1,0,2015,13,15,Singapore Grand Prix,2015-09-20,12:00:00,max_verstappen,33,VER,Max,Verstappen,1997-09-30,Dutch,toro_rosso,Toro Rosso,Italian,Max Verstappen,2015,0.0
22784,939,832,5,55,14.0,9.0,9,9,2.0,61,1,0,2015,13,15,Singapore Grand Prix,2015-09-20,12:00:00,sainz,55,SAI,Carlos,Sainz,1994-09-01,Spanish,toro_rosso,Toro Rosso,Italian,Carlos Sainz,2015,5.0
22785,939,831,15,12,16.0,10.0,10,10,1.0,61,1,0,2015,13,15,Singapore Grand Prix,2015-09-20,12:00:00,nasr,12,NAS,Felipe,Nasr,1992-08-21,Brazilian,sauber,Sauber,Swiss,Felipe Nasr,2015,6.0
22786,939,828,15,9,17.0,11.0,11,11,0.0,61,1,0,2015,13,15,Singapore Grand Prix,2015-09-20,12:00:00,ericsson,9,ERI,Marcus,Ericsson,1990-09-02,Swedish,sauber,Sauber,Swiss,Marcus Ericsson,2015,6.0
22787,939,813,208,13,18.0,12.0,12,12,0.0,61,1,0,2015,13,15,Singapore Grand Prix,2015-09-20,12:00:00,maldonado,13,MAL,Pastor,Maldonado,1985-03-09,Venezuelan,lotus_f1,Lotus F1,British,Pastor Maldonado,2015,6.0
22788,939,154,208,8,10.0,13.0,13,13,0.0,59,27,0,2015,13,15,Singapore Grand Prix,2015-09-20,12:00:00,grosjean,8,GRO,Romain,Grosjean,1986-04-17,French,lotus_f1,Lotus F1,British,Romain Grosjean,2015,-3.0
22789,939,834,209,53,20.0,14.0,14,14,0.0,59,12,0,2015,13,15,Singapore Grand Prix,2015-09-20,12:00:00,rossi,53,RSS,Alexander,Rossi,1991-09-25,American,manor,Manor Marussia,British,Alexander Rossi,2015,6.0
22790,939,829,209,28,19.0,15.0,15,15,0.0,59,12,0,2015,13,15,Singapore Grand Prix,2015-09-20,12:00:00,stevens,28,STE,Will,Stevens,1991-06-28,British,manor,Manor Marussia,British,Will Stevens,2015,4.0
22791,939,18,1,22,15.0,0.0,R,16,0.0,52,6,1,2015,13,15,Singapore Grand Prix,2015-09-20,12:00:00,button,22,BUT,Jenson,Button,1980-01-19,British,mclaren,McLaren,British,Jenson Button,2015,15.0
22792,939,4,1,14,12.0,0.0,R,17,0.0,33,6,1,2015,13,15,Singapore Grand Prix,2015-09-20,12:00:00,alonso,14,ALO,Fernando,Alonso,1981-07-29,Spanish,mclaren,McLaren,British,Fernando Alonso,2015,12.0
22793,939,1,131,44,5.0,0.0,R,18,0.0,32,37,1,2015,13,15,Singapore Grand Prix,2015-09-20,12:00:00,hamilton,44,HAM,Lewis,Hamilton,1985-01-07,British,mercedes,Mercedes,German,Lewis Hamilton,2015,5.0
22794,939,13,3,19,9.0,0.0,R,19,0.0,30,6,1,2015,13,15,Singapore Grand Prix,2015-09-20,12:00:00,massa,19,MAS,Felipe,Massa,1981-04-25,Brazilian,williams,Williams,British,Felipe Massa,2015,9.0
22795,939,807,10,27,11.0,0.0,R,20,0.0,12,4,1,2015,13,15,Singapore Grand Prix,2015-09-20,12:00:00,hulkenberg,27,HUL,Nico,Hülkenberg,1987-08-19,German,force_india,Force India,Indian,Nico Hülkenberg,2015,11.0
22796,940,1,131,44,2.0,1.0,1,1,25.0,53,1,0,2015,14,22,Japanese Grand Prix,2015-09-27,05:00:00,hamilton,44,HAM,Lewis,Hamilton,1985-01-07,British,mercedes,Mercedes,German,Lewis Hamilton,2015,1.0
22797,940,3,131,6,1.0,2.0,2,2,18.0,53,1,0,2015,14,22,Japanese Grand Prix,2015-09-27,05:00:00,rosberg,6,ROS,Nico,Rosberg,1985-06-27,German,mercedes,Mercedes,German,Nico Rosberg,2015,-1.0
22798,940,20,6,5,4.0,3.0,3,3,15.0,53,1,0,2015,14,22,Japanese Grand Prix,2015-09-27,05:00:00,vettel,5,VET,Sebastian,Vettel,1987-07-03,German,ferrari,Ferrari,Italian,Sebastian Vettel,2015,1.0
22799,940,8,6,7,6.0,4.0,4,4,12.0,53,1,0,2015,14,22,Japanese Grand Prix,2015-09-27,05:00:00,raikkonen,7,RAI,Kimi,Räikkönen,1979-10-17,Finnish,ferrari,Ferrari,Italian,Kimi Räikkönen,2015,2.0
22800,940,822,3,77,3.0,5.0,5,5,10.0,53,1,0,2015,14,22,Japanese Grand Prix,2015-09-27,05:00:00,bottas,77,BOT,Valtteri,Bottas,1989-08-28,Finnish,williams,Williams,British,Valtteri Bottas,2015,-2.0
22801,940,807,10,27,13.0,6.0,6,6,8.0,53,1,0,2015,14,22,Japanese Grand Prix,2015-09-27,05:00:00,hulkenberg,27,HUL,Nico,Hülkenberg,1987-08-19,German,force_india,Force India,Indian,Nico Hülkenberg,2015,7.0
22802,940,154,208,8,8.0,7.0,7,7,6.0,53,1,0,2015,14,22,Japanese Grand Prix,2015-09-27,05:00:00,grosjean,8,GRO,Romain,Grosjean,1986-04-17,French,lotus_f1,Lotus F1,British,Romain Grosjean,2015,1.0
22803,940,813,208,13,11.0,8.0,8,8,4.0,53,1,0,2015,14,22,Japanese Grand Prix,2015-09-27,05:00:00,maldonado,13,MAL,Pastor,Maldonado,1985-03-09,Venezuelan,lotus_f1,Lotus F1,British,Pastor Maldonado,2015,3.0
22804,940,830,5,33,17.0,9.0,9,9,2.0,53,1,0,2015,14,22,Japanese Grand Prix,2015-09-27,05:00:00,max_verstappen,33,VER,Max,Verstappen,1997-09-30,Dutch,toro_rosso,Toro Rosso,Italian,Max Verstappen,2015,8.0
22805,940,832,5,55,10.0,10.0,10,10,1.0,52,11,0,2015,14,22,Japanese Grand Prix,2015-09-27,05:00:00,sainz,55,SAI,Carlos,Sainz,1994-09-01,Spanish,toro_rosso,Toro Rosso,Italian,Carlos Sainz,2015,0.0
22806,940,4,1,14,12.0,11.0,11,11,0.0,52,11,0,2015,14,22,Japanese Grand Prix,2015-09-27,05:00:00,alonso,14,ALO,Fernando,Alonso,1981-07-29,Spanish,mclaren,McLaren,British,Fernando Alonso,2015,1.0
22807,940,815,10,11,9.0,12.0,12,12,0.0,52,11,0,2015,14,22,Japanese Grand Prix,2015-09-27,05:00:00,perez,11,PER,Sergio,Pérez,1990-01-26,Mexican,force_india,Force India,Indian,Sergio Pérez,2015,-3.0
22808,940,826,9,26,20.0,13.0,13,13,0.0,52,11,0,2015,14,22,Japanese Grand Prix,2015-09-27,05:00:00,kvyat,26,KVY,Daniil,Kvyat,1994-04-26,Russian,red_bull,Red Bull,Austrian,Daniil Kvyat,2015,7.0
22809,940,828,15,9,15.0,14.0,14,14,0.0,52,11,0,2015,14,22,Japanese Grand Prix,2015-09-27,05:00:00,ericsson,9,ERI,Marcus,Ericsson,1990-09-02,Swedish,sauber,Sauber,Swiss,Marcus Ericsson,2015,1.0
22810,940,817,9,3,7.0,15.0,15,15,0.0,52,11,0,2015,14,22,Japanese Grand Prix,2015-09-27,05:00:00,ricciardo,3,RIC,Daniel,Ricciardo,1989-07-01,Australian,red_bull,Red Bull,Austrian,Daniel Ricciardo,2015,-8.0
22811,940,18,1,22,14.0,16.0,16,16,0.0,52,11,0,2015,14,22,Japanese Grand Prix,2015-09-27,05:00:00,button,22,BUT,Jenson,Button,1980-01-19,British,mclaren,McLaren,British,Jenson Button,2015,-2.0
22812,940,13,3,19,5.0,17.0,17,17,0.0,51,12,0,2015,14,22,Japanese Grand Prix,2015-09-27,05:00:00,massa,19,MAS,Felipe,Massa,1981-04-25,Brazilian,williams,Williams,British,Felipe Massa,2015,-12.0
22813,940,834,209,53,19.0,18.0,18,18,0.0,51,12,0,2015,14,22,Japanese Grand Prix,2015-09-27,05:00:00,rossi,53,RSS,Alexander,Rossi,1991-09-25,American,manor,Manor Marussia,British,Alexander Rossi,2015,1.0
22814,940,829,209,28,18.0,19.0,19,19,0.0,50,13,0,2015,14,22,Japanese Grand Prix,2015-09-27,05:00:00,stevens,28,STE,Will,Stevens,1991-06-28,British,manor,Manor Marussia,British,Will Stevens,2015,-1.0
22815,940,831,15,12,16.0,0.0,R,20,0.0,49,31,1,2015,14,22,Japanese Grand Prix,2015-09-27,05:00:00,nasr,12,NAS,Felipe,Nasr,1992-08-21,Brazilian,sauber,Sauber,Swiss,Felipe Nasr,2015,16.0
22816,941,1,131,44,2.0,1.0,1,1,25.0,53,1,0,2015,15,71,Russian Grand Prix,2015-10-11,11:00:00,hamilton,44,HAM,Lewis,Hamilton,1985-01-07,British,mercedes,Mercedes,German,Lewis Hamilton,2015,1.0
22817,941,20,6,5,4.0,2.0,2,2,18.0,53,1,0,2015,15,71,Russian Grand Prix,2015-10-11,11:00:00,vettel,5,VET,Sebastian,Vettel,1987-07-03,German,ferrari,Ferrari,Italian,Sebastian Vettel,2015,2.0
22818,941,815,10,11,7.0,3.0,3,3,15.0,53,1,0,2015,15,71,Russian Grand Prix,2015-10-11,11:00:00,perez,11,PER,Sergio,Pérez,1990-01-26,Mexican,force_india,Force India,Indian,Sergio Pérez,2015,4.0
22819,941,13,3,19,15.0,4.0,4,4,12.0,53,1,0,2015,15,71,Russian Grand Prix,2015-10-11,11:00:00,massa,19,MAS,Felipe,Massa,1981-04-25,Brazilian,williams,Williams,British,Felipe Massa,2015,11.0
22820,941,8,6,7,5.0,8.0,8,8,4.0,53,1,0,2015,15,71,Russian Grand Prix,2015-10-11,11:00:00,raikkonen,7,RAI,Kimi,Räikkönen,1979-10-17,Finnish,ferrari,Ferrari,Italian,Kimi Räikkönen,2015,-3.0
22821,941,831,15,12,12.0,6.0,6,6,8.0,53,1,0,2015,15,71,Russian Grand Prix,2015-10-11,11:00:00,nasr,12,NAS,Felipe,Nasr,1992-08-21,Brazilian,sauber,Sauber,Swiss,Felipe Nasr,2015,6.0
22822,941,813,208,13,14.0,7.0,7,7,6.0,53,1,0,2015,15,71,Russian Grand Prix,2015-10-11,11:00:00,maldonado,13,MAL,Pastor,Maldonado,1985-03-09,Venezuelan,lotus_f1,Lotus F1,British,Pastor Maldonado,2015,7.0
22824,941,18,1,22,13.0,9.0,9,9,2.0,53,1,0,2015,15,71,Russian Grand Prix,2015-10-11,11:00:00,button,22,BUT,Jenson,Button,1980-01-19,British,mclaren,McLaren,British,Jenson Button,2015,4.0
22825,941,830,5,33,9.0,10.0,10,10,1.0,53,1,0,2015,15,71,Russian Grand Prix,2015-10-11,11:00:00,max_verstappen,33,VER,Max,Verstappen,1997-09-30,Dutch,toro_rosso,Toro Rosso,Italian,Max Verstappen,2015,-1.0
22826,941,4,1,14,19.0,11.0,11,11,0.0,53,1,0,2015,15,71,Russian Grand Prix,2015-10-11,11:00:00,alonso,14,ALO,Fernando,Alonso,1981-07-29,Spanish,mclaren,McLaren,British,Fernando Alonso,2015,8.0
22827,941,822,3,77,3.0,12.0,12,12,0.0,52,4,0,2015,15,71,Russian Grand Prix,2015-10-11,11:00:00,bottas,77,BOT,Valtteri,Bottas,1989-08-28,Finnish,williams,Williams,British,Valtteri Bottas,2015,-9.0
22828,941,833,209,98,18.0,13.0,13,13,0.0,52,11,0,2015,15,71,Russian Grand Prix,2015-10-11,11:00:00,merhi,98,MER,Roberto,Merhi,1991-03-22,Spanish,manor,Manor Marussia,British,Roberto Merhi,2015,5.0
22829,941,829,209,28,17.0,14.0,14,14,0.0,51,12,0,2015,15,71,Russian Grand Prix,2015-10-11,11:00:00,stevens,28,STE,Will,Stevens,1991-06-28,British,manor,Manor Marussia,British,Will Stevens,2015,3.0
22830,941,817,9,3,10.0,15.0,15,15,0.0,47,22,0,2015,15,71,Russian Grand Prix,2015-10-11,11:00:00,ricciardo,3,RIC,Daniel,Ricciardo,1989-07-01,Australian,red_bull,Red Bull,Austrian,Daniel Ricciardo,2015,-5.0
22831,941,832,5,55,20.0,0.0,R,16,0.0,45,23,1,2015,15,71,Russian Grand Prix,2015-10-11,11:00:00,sainz,55,SAI,Carlos,Sainz,1994-09-01,Spanish,toro_rosso,Toro Rosso,Italian,Carlos Sainz,2015,20.0
22832,941,154,208,8,8.0,0.0,R,17,0.0,11,3,1,2015,15,71,Russian Grand Prix,2015-10-11,11:00:00,grosjean,8,GRO,Romain,Grosjean,1986-04-17,French,lotus_f1,Lotus F1,British,Romain Grosjean,2015,8.0
22833,941,3,131,6,1.0,0.0,R,18,0.0,7,37,1,2015,15,71,Russian Grand Prix,2015-10-11,11:00:00,rosberg,6,ROS,Nico,Rosberg,1985-06-27,German,mercedes,Mercedes,German,Nico Rosberg,2015,1.0
22834,941,807,10,27,6.0,0.0,R,19,0.0,0,4,1,2015,15,71,Russian Grand Prix,2015-10-11,11:00:00,hulkenberg,27,HUL,Nico,Hülkenberg,1987-08-19,German,force_india,Force India,Indian,Nico Hülkenberg,2015,6.0
22835,941,828,15,9,17.0,0.0,R,20,0.0,0,4,1,2015,15,71,Russian Grand Prix,2015-10-11,11:00:00,ericsson,9,ERI,Marcus,Ericsson,1990-09-02,Swedish,sauber,Sauber,Swiss,Marcus Ericsson,2015,17.0
22837,942,1,131,44,2.0,1.0,1,1,25.0,56,1,0,2015,16,69,United States Grand Prix,2015-10-25,19:00:00,hamilton,44,HAM,Lewis,Hamilton,1985-01-07,British,mercedes,Mercedes,German,Lewis Hamilton,2015,1.0
22836,941,826,9,26,11.0,5.0,5,5,10.0,53,1,0,2015,15,71,Russian Grand Prix,2015-10-11,11:00:00,kvyat,26,KVY,Daniil,Kvyat,1994-04-26,Russian,red_bull,Red Bull,Austrian,Daniil Kvyat,2015,6.0
22838,942,3,131,6,1.0,2.0,2,2,18.0,56,1,0,2015,16,69,United States Grand Prix,2015-10-25,19:00:00,rosberg,6,ROS,Nico,Rosberg,1985-06-27,German,mercedes,Mercedes,German,Nico Rosberg,2015,-1.0
22839,942,20,6,5,13.0,3.0,3,3,15.0,56,1,0,2015,16,69,United States Grand Prix,2015-10-25,19:00:00,vettel,5,VET,Sebastian,Vettel,1987-07-03,German,ferrari,Ferrari,Italian,Sebastian Vettel,2015,10.0
22840,942,830,5,33,8.0,4.0,4,4,12.0,56,1,0,2015,16,69,United States Grand Prix,2015-10-25,19:00:00,max_verstappen,33,VER,Max,Verstappen,1997-09-30,Dutch,toro_rosso,Toro Rosso,Italian,Max Verstappen,2015,4.0
22841,942,815,10,11,5.0,5.0,5,5,10.0,56,1,0,2015,16,69,United States Grand Prix,2015-10-25,19:00:00,perez,11,PER,Sergio,Pérez,1990-01-26,Mexican,force_india,Force India,Indian,Sergio Pérez,2015,0.0
22842,942,18,1,22,11.0,6.0,6,6,8.0,56,1,0,2015,16,69,United States Grand Prix,2015-10-25,19:00:00,button,22,BUT,Jenson,Button,1980-01-19,British,mclaren,McLaren,British,Jenson Button,2015,5.0
22843,942,832,5,55,20.0,7.0,7,7,6.0,56,1,0,2015,16,69,United States Grand Prix,2015-10-25,19:00:00,sainz,55,SAI,Carlos,Sainz,1994-09-01,Spanish,toro_rosso,Toro Rosso,Italian,Carlos Sainz,2015,13.0
22844,942,813,208,13,12.0,8.0,8,8,4.0,56,1,0,2015,16,69,United States Grand Prix,2015-10-25,19:00:00,maldonado,13,MAL,Pastor,Maldonado,1985-03-09,Venezuelan,lotus_f1,Lotus F1,British,Pastor Maldonado,2015,4.0
22845,942,831,15,12,15.0,9.0,9,9,2.0,56,1,0,2015,16,69,United States Grand Prix,2015-10-25,19:00:00,nasr,12,NAS,Felipe,Nasr,1992-08-21,Brazilian,sauber,Sauber,Swiss,Felipe Nasr,2015,6.0
22846,942,817,9,3,3.0,10.0,10,10,1.0,56,1,0,2015,16,69,United States Grand Prix,2015-10-25,19:00:00,ricciardo,3,RIC,Daniel,Ricciardo,1989-07-01,Australian,red_bull,Red Bull,Austrian,Daniel Ricciardo,2015,-7.0
22847,942,4,1,14,9.0,11.0,11,11,0.0,56,1,0,2015,16,69,United States Grand Prix,2015-10-25,19:00:00,alonso,14,ALO,Fernando,Alonso,1981-07-29,Spanish,mclaren,McLaren,British,Fernando Alonso,2015,-2.0
22848,942,834,209,53,17.0,12.0,12,12,0.0,56,1,0,2015,16,69,United States Grand Prix,2015-10-25,19:00:00,rossi,53,RSS,Alexander,Rossi,1991-09-25,American,manor,Manor Marussia,British,Alexander Rossi,2015,5.0
22849,942,826,9,26,4.0,0.0,R,13,0.0,41,3,1,2015,16,69,United States Grand Prix,2015-10-25,19:00:00,kvyat,26,KVY,Daniil,Kvyat,1994-04-26,Russian,red_bull,Red Bull,Austrian,Daniil Kvyat,2015,4.0
22850,942,807,10,27,6.0,0.0,R,14,0.0,35,3,1,2015,16,69,United States Grand Prix,2015-10-25,19:00:00,hulkenberg,27,HUL,Nico,Hülkenberg,1987-08-19,German,force_india,Force India,Indian,Nico Hülkenberg,2015,6.0
22851,942,828,15,9,14.0,0.0,R,15,0.0,25,31,1,2015,16,69,United States Grand Prix,2015-10-25,19:00:00,ericsson,9,ERI,Marcus,Ericsson,1990-09-02,Swedish,sauber,Sauber,Swiss,Marcus Ericsson,2015,14.0
22852,942,8,6,7,18.0,0.0,R,16,0.0,25,135,1,2015,16,69,United States Grand Prix,2015-10-25,19:00:00,raikkonen,7,RAI,Kimi,Räikkönen,1979-10-17,Finnish,ferrari,Ferrari,Italian,Kimi Räikkönen,2015,18.0
22853,942,13,3,19,7.0,0.0,R,17,0.0,23,31,1,2015,16,69,United States Grand Prix,2015-10-25,19:00:00,massa,19,MAS,Felipe,Massa,1981-04-25,Brazilian,williams,Williams,British,Felipe Massa,2015,7.0
22854,942,154,208,8,10.0,0.0,R,18,0.0,10,31,1,2015,16,69,United States Grand Prix,2015-10-25,19:00:00,grosjean,8,GRO,Romain,Grosjean,1986-04-17,French,lotus_f1,Lotus F1,British,Romain Grosjean,2015,10.0
22855,942,822,3,77,16.0,0.0,R,19,0.0,5,31,1,2015,16,69,United States Grand Prix,2015-10-25,19:00:00,bottas,77,BOT,Valtteri,Bottas,1989-08-28,Finnish,williams,Williams,British,Valtteri Bottas,2015,16.0
22856,942,829,209,28,19.0,0.0,R,20,0.0,1,31,1,2015,16,69,United States Grand Prix,2015-10-25,19:00:00,stevens,28,STE,Will,Stevens,1991-06-28,British,manor,Manor Marussia,British,Will Stevens,2015,19.0
22857,943,3,131,6,1.0,1.0,1,1,25.0,71,1,0,2015,17,32,Mexican Grand Prix,2015-11-01,19:00:00,rosberg,6,ROS,Nico,Rosberg,1985-06-27,German,mercedes,Mercedes,German,Nico Rosberg,2015,0.0
22858,943,1,131,44,2.0,2.0,2,2,18.0,71,1,0,2015,17,32,Mexican Grand Prix,2015-11-01,19:00:00,hamilton,44,HAM,Lewis,Hamilton,1985-01-07,British,mercedes,Mercedes,German,Lewis Hamilton,2015,0.0
22859,943,822,3,77,6.0,3.0,3,3,15.0,71,1,0,2015,17,32,Mexican Grand Prix,2015-11-01,19:00:00,bottas,77,BOT,Valtteri,Bottas,1989-08-28,Finnish,williams,Williams,British,Valtteri Bottas,2015,3.0
22860,943,826,9,26,4.0,4.0,4,4,12.0,71,1,0,2015,17,32,Mexican Grand Prix,2015-11-01,19:00:00,kvyat,26,KVY,Daniil,Kvyat,1994-04-26,Russian,red_bull,Red Bull,Austrian,Daniil Kvyat,2015,0.0
22861,943,817,9,3,5.0,5.0,5,5,10.0,71,1,0,2015,17,32,Mexican Grand Prix,2015-11-01,19:00:00,ricciardo,3,RIC,Daniel,Ricciardo,1989-07-01,Australian,red_bull,Red Bull,Austrian,Daniel Ricciardo,2015,0.0
22862,943,13,3,19,7.0,6.0,6,6,8.0,71,1,0,2015,17,32,Mexican Grand Prix,2015-11-01,19:00:00,massa,19,MAS,Felipe,Massa,1981-04-25,Brazilian,williams,Williams,British,Felipe Massa,2015,1.0
22863,943,807,10,27,10.0,7.0,7,7,6.0,71,1,0,2015,17,32,Mexican Grand Prix,2015-11-01,19:00:00,hulkenberg,27,HUL,Nico,Hülkenberg,1987-08-19,German,force_india,Force India,Indian,Nico Hülkenberg,2015,3.0
22864,943,815,10,11,9.0,8.0,8,8,4.0,71,1,0,2015,17,32,Mexican Grand Prix,2015-11-01,19:00:00,perez,11,PER,Sergio,Pérez,1990-01-26,Mexican,force_india,Force India,Indian,Sergio Pérez,2015,1.0
22865,943,830,5,33,8.0,9.0,9,9,2.0,71,1,0,2015,17,32,Mexican Grand Prix,2015-11-01,19:00:00,max_verstappen,33,VER,Max,Verstappen,1997-09-30,Dutch,toro_rosso,Toro Rosso,Italian,Max Verstappen,2015,-1.0
22866,943,154,208,8,12.0,10.0,10,10,1.0,71,1,0,2015,17,32,Mexican Grand Prix,2015-11-01,19:00:00,grosjean,8,GRO,Romain,Grosjean,1986-04-17,French,lotus_f1,Lotus F1,British,Romain Grosjean,2015,2.0
22867,943,813,208,13,13.0,11.0,11,11,0.0,71,1,0,2015,17,32,Mexican Grand Prix,2015-11-01,19:00:00,maldonado,13,MAL,Pastor,Maldonado,1985-03-09,Venezuelan,lotus_f1,Lotus F1,British,Pastor Maldonado,2015,2.0
22868,943,828,15,9,14.0,12.0,12,12,0.0,71,1,0,2015,17,32,Mexican Grand Prix,2015-11-01,19:00:00,ericsson,9,ERI,Marcus,Ericsson,1990-09-02,Swedish,sauber,Sauber,Swiss,Marcus Ericsson,2015,2.0
22869,943,832,5,55,11.0,13.0,13,13,0.0,71,1,0,2015,17,32,Mexican Grand Prix,2015-11-01,19:00:00,sainz,55,SAI,Carlos,Sainz,1994-09-01,Spanish,toro_rosso,Toro Rosso,Italian,Carlos Sainz,2015,-2.0
22870,943,18,1,22,20.0,14.0,14,14,0.0,71,1,0,2015,17,32,Mexican Grand Prix,2015-11-01,19:00:00,button,22,BUT,Jenson,Button,1980-01-19,British,mclaren,McLaren,British,Jenson Button,2015,6.0
22871,943,834,209,53,16.0,15.0,15,15,0.0,69,12,0,2015,17,32,Mexican Grand Prix,2015-11-01,19:00:00,rossi,53,RSS,Alexander,Rossi,1991-09-25,American,manor,Manor Marussia,British,Alexander Rossi,2015,1.0
22872,943,829,209,28,17.0,16.0,16,16,0.0,69,12,0,2015,17,32,Mexican Grand Prix,2015-11-01,19:00:00,stevens,28,STE,Will,Stevens,1991-06-28,British,manor,Manor Marussia,British,Will Stevens,2015,1.0
22873,943,831,15,12,15.0,0.0,R,17,0.0,57,23,1,2015,17,32,Mexican Grand Prix,2015-11-01,19:00:00,nasr,12,NAS,Felipe,Nasr,1992-08-21,Brazilian,sauber,Sauber,Swiss,Felipe Nasr,2015,15.0
22874,943,20,6,5,3.0,0.0,R,18,0.0,50,3,1,2015,17,32,Mexican Grand Prix,2015-11-01,19:00:00,vettel,5,VET,Sebastian,Vettel,1987-07-03,German,ferrari,Ferrari,Italian,Sebastian Vettel,2015,3.0
22875,943,8,6,7,19.0,0.0,R,19,0.0,21,4,1,2015,17,32,Mexican Grand Prix,2015-11-01,19:00:00,raikkonen,7,RAI,Kimi,Räikkönen,1979-10-17,Finnish,ferrari,Ferrari,Italian,Kimi Räikkönen,2015,19.0
22876,943,4,1,14,18.0,0.0,R,20,0.0,1,31,1,2015,17,32,Mexican Grand Prix,2015-11-01,19:00:00,alonso,14,ALO,Fernando,Alonso,1981-07-29,Spanish,mclaren,McLaren,British,Fernando Alonso,2015,18.0
22877,944,3,131,6,1.0,1.0,1,1,25.0,71,1,0,2015,18,18,Brazilian Grand Prix,2015-11-15,16:00:00,rosberg,6,ROS,Nico,Rosberg,1985-06-27,German,mercedes,Mercedes,German,Nico Rosberg,2015,0.0
22878,944,1,131,44,2.0,2.0,2,2,18.0,71,1,0,2015,18,18,Brazilian Grand Prix,2015-11-15,16:00:00,hamilton,44,HAM,Lewis,Hamilton,1985-01-07,British,mercedes,Mercedes,German,Lewis Hamilton,2015,0.0
22879,944,20,6,5,3.0,3.0,3,3,15.0,71,1,0,2015,18,18,Brazilian Grand Prix,2015-11-15,16:00:00,vettel,5,VET,Sebastian,Vettel,1987-07-03,German,ferrari,Ferrari,Italian,Sebastian Vettel,2015,0.0
22880,944,8,6,7,4.0,4.0,4,4,12.0,71,1,0,2015,18,18,Brazilian Grand Prix,2015-11-15,16:00:00,raikkonen,7,RAI,Kimi,Räikkönen,1979-10-17,Finnish,ferrari,Ferrari,Italian,Kimi Räikkönen,2015,0.0
22881,944,822,3,77,7.0,5.0,5,5,10.0,70,11,0,2015,18,18,Brazilian Grand Prix,2015-11-15,16:00:00,bottas,77,BOT,Valtteri,Bottas,1989-08-28,Finnish,williams,Williams,British,Valtteri Bottas,2015,2.0
22882,944,807,10,27,5.0,6.0,6,6,8.0,70,11,0,2015,18,18,Brazilian Grand Prix,2015-11-15,16:00:00,hulkenberg,27,HUL,Nico,Hülkenberg,1987-08-19,German,force_india,Force India,Indian,Nico Hülkenberg,2015,-1.0
22883,944,826,9,26,6.0,7.0,7,7,6.0,70,11,0,2015,18,18,Brazilian Grand Prix,2015-11-15,16:00:00,kvyat,26,KVY,Daniil,Kvyat,1994-04-26,Russian,red_bull,Red Bull,Austrian,Daniil Kvyat,2015,-1.0
22884,944,154,208,8,14.0,8.0,8,8,4.0,70,11,0,2015,18,18,Brazilian Grand Prix,2015-11-15,16:00:00,grosjean,8,GRO,Romain,Grosjean,1986-04-17,French,lotus_f1,Lotus F1,British,Romain Grosjean,2015,6.0
22885,944,830,5,33,9.0,9.0,9,9,2.0,70,11,0,2015,18,18,Brazilian Grand Prix,2015-11-15,16:00:00,max_verstappen,33,VER,Max,Verstappen,1997-09-30,Dutch,toro_rosso,Toro Rosso,Italian,Max Verstappen,2015,0.0
22886,944,813,208,13,15.0,10.0,10,10,1.0,70,11,0,2015,18,18,Brazilian Grand Prix,2015-11-15,16:00:00,maldonado,13,MAL,Pastor,Maldonado,1985-03-09,Venezuelan,lotus_f1,Lotus F1,British,Pastor Maldonado,2015,5.0
22887,944,817,9,3,19.0,11.0,11,11,0.0,70,11,0,2015,18,18,Brazilian Grand Prix,2015-11-15,16:00:00,ricciardo,3,RIC,Daniel,Ricciardo,1989-07-01,Australian,red_bull,Red Bull,Austrian,Daniel Ricciardo,2015,8.0
22888,944,815,10,11,11.0,12.0,12,12,0.0,70,11,0,2015,18,18,Brazilian Grand Prix,2015-11-15,16:00:00,perez,11,PER,Sergio,Pérez,1990-01-26,Mexican,force_india,Force India,Indian,Sergio Pérez,2015,-1.0
22889,944,831,15,12,13.0,13.0,13,13,0.0,70,11,0,2015,18,18,Brazilian Grand Prix,2015-11-15,16:00:00,nasr,12,NAS,Felipe,Nasr,1992-08-21,Brazilian,sauber,Sauber,Swiss,Felipe Nasr,2015,0.0
22890,944,18,1,22,16.0,14.0,14,14,0.0,70,11,0,2015,18,18,Brazilian Grand Prix,2015-11-15,16:00:00,button,22,BUT,Jenson,Button,1980-01-19,British,mclaren,McLaren,British,Jenson Button,2015,2.0
22891,944,4,1,14,20.0,15.0,15,15,0.0,70,11,0,2015,18,18,Brazilian Grand Prix,2015-11-15,16:00:00,alonso,14,ALO,Fernando,Alonso,1981-07-29,Spanish,mclaren,McLaren,British,Fernando Alonso,2015,5.0
22892,944,828,15,9,12.0,16.0,16,16,0.0,69,12,0,2015,18,18,Brazilian Grand Prix,2015-11-15,16:00:00,ericsson,9,ERI,Marcus,Ericsson,1990-09-02,Swedish,sauber,Sauber,Swiss,Marcus Ericsson,2015,-4.0
22893,944,829,209,28,18.0,17.0,17,17,0.0,67,14,0,2015,18,18,Brazilian Grand Prix,2015-11-15,16:00:00,stevens,28,STE,Will,Stevens,1991-06-28,British,manor,Manor Marussia,British,Will Stevens,2015,1.0
22894,944,834,209,53,17.0,18.0,18,18,0.0,67,14,0,2015,18,18,Brazilian Grand Prix,2015-11-15,16:00:00,rossi,53,RSS,Alexander,Rossi,1991-09-25,American,manor,Manor Marussia,British,Alexander Rossi,2015,-1.0
22895,944,832,5,55,10.0,0.0,R,19,0.0,0,31,1,2015,18,18,Brazilian Grand Prix,2015-11-15,16:00:00,sainz,55,SAI,Carlos,Sainz,1994-09-01,Spanish,toro_rosso,Toro Rosso,Italian,Carlos Sainz,2015,10.0
22896,944,13,3,19,8.0,0.0,E,20,0.0,70,96,1,2015,18,18,Brazilian Grand Prix,2015-11-15,16:00:00,massa,19,MAS,Felipe,Massa,1981-04-25,Brazilian,williams,Williams,British,Felipe Massa,2015,8.0
22897,945,3,131,6,1.0,1.0,1,1,25.0,55,1,0,2015,19,24,Abu Dhabi Grand Prix,2015-11-29,13:00:00,rosberg,6,ROS,Nico,Rosberg,1985-06-27,German,mercedes,Mercedes,German,Nico Rosberg,2015,0.0
22898,945,1,131,44,2.0,2.0,2,2,18.0,55,1,0,2015,19,24,Abu Dhabi Grand Prix,2015-11-29,13:00:00,hamilton,44,HAM,Lewis,Hamilton,1985-01-07,British,mercedes,Mercedes,German,Lewis Hamilton,2015,0.0
22899,945,8,6,7,3.0,3.0,3,3,15.0,55,1,0,2015,19,24,Abu Dhabi Grand Prix,2015-11-29,13:00:00,raikkonen,7,RAI,Kimi,Räikkönen,1979-10-17,Finnish,ferrari,Ferrari,Italian,Kimi Räikkönen,2015,0.0
22900,945,20,6,5,15.0,4.0,4,4,12.0,55,1,0,2015,19,24,Abu Dhabi Grand Prix,2015-11-29,13:00:00,vettel,5,VET,Sebastian,Vettel,1987-07-03,German,ferrari,Ferrari,Italian,Sebastian Vettel,2015,11.0
22901,945,815,10,11,4.0,5.0,5,5,10.0,55,1,0,2015,19,24,Abu Dhabi Grand Prix,2015-11-29,13:00:00,perez,11,PER,Sergio,Pérez,1990-01-26,Mexican,force_india,Force India,Indian,Sergio Pérez,2015,-1.0
22902,945,817,9,3,5.0,6.0,6,6,8.0,55,1,0,2015,19,24,Abu Dhabi Grand Prix,2015-11-29,13:00:00,ricciardo,3,RIC,Daniel,Ricciardo,1989-07-01,Australian,red_bull,Red Bull,Austrian,Daniel Ricciardo,2015,-1.0
22903,945,807,10,27,7.0,7.0,7,7,6.0,55,1,0,2015,19,24,Abu Dhabi Grand Prix,2015-11-29,13:00:00,hulkenberg,27,HUL,Nico,Hülkenberg,1987-08-19,German,force_india,Force India,Indian,Nico Hülkenberg,2015,0.0
22904,945,13,3,19,8.0,8.0,8,8,4.0,55,1,0,2015,19,24,Abu Dhabi Grand Prix,2015-11-29,13:00:00,massa,19,MAS,Felipe,Massa,1981-04-25,Brazilian,williams,Williams,British,Felipe Massa,2015,0.0
22905,945,154,208,8,18.0,9.0,9,9,2.0,55,1,0,2015,19,24,Abu Dhabi Grand Prix,2015-11-29,13:00:00,grosjean,8,GRO,Romain,Grosjean,1986-04-17,French,lotus_f1,Lotus F1,British,Romain Grosjean,2015,9.0
22906,945,826,9,26,9.0,10.0,10,10,1.0,55,1,0,2015,19,24,Abu Dhabi Grand Prix,2015-11-29,13:00:00,kvyat,26,KVY,Daniil,Kvyat,1994-04-26,Russian,red_bull,Red Bull,Austrian,Daniil Kvyat,2015,-1.0
22907,945,832,5,55,10.0,11.0,11,11,0.0,55,1,0,2015,19,24,Abu Dhabi Grand Prix,2015-11-29,13:00:00,sainz,55,SAI,Carlos,Sainz,1994-09-01,Spanish,toro_rosso,Toro Rosso,Italian,Carlos Sainz,2015,-1.0
22908,945,18,1,22,12.0,12.0,12,12,0.0,54,11,0,2015,19,24,Abu Dhabi Grand Prix,2015-11-29,13:00:00,button,22,BUT,Jenson,Button,1980-01-19,British,mclaren,McLaren,British,Jenson Button,2015,0.0
22909,945,822,3,77,6.0,13.0,13,13,0.0,54,11,0,2015,19,24,Abu Dhabi Grand Prix,2015-11-29,13:00:00,bottas,77,BOT,Valtteri,Bottas,1989-08-28,Finnish,williams,Williams,British,Valtteri Bottas,2015,-7.0
22910,945,828,15,9,17.0,14.0,14,14,0.0,54,11,0,2015,19,24,Abu Dhabi Grand Prix,2015-11-29,13:00:00,ericsson,9,ERI,Marcus,Ericsson,1990-09-02,Swedish,sauber,Sauber,Swiss,Marcus Ericsson,2015,3.0
22911,945,831,15,12,14.0,15.0,15,15,0.0,54,11,0,2015,19,24,Abu Dhabi Grand Prix,2015-11-29,13:00:00,nasr,12,NAS,Felipe,Nasr,1992-08-21,Brazilian,sauber,Sauber,Swiss,Felipe Nasr,2015,-1.0
22912,945,830,5,33,11.0,16.0,16,16,0.0,54,11,0,2015,19,24,Abu Dhabi Grand Prix,2015-11-29,13:00:00,max_verstappen,33,VER,Max,Verstappen,1997-09-30,Dutch,toro_rosso,Toro Rosso,Italian,Max Verstappen,2015,-5.0
22913,945,4,1,14,16.0,17.0,17,17,0.0,53,12,0,2015,19,24,Abu Dhabi Grand Prix,2015-11-29,13:00:00,alonso,14,ALO,Fernando,Alonso,1981-07-29,Spanish,mclaren,McLaren,British,Fernando Alonso,2015,-1.0
22914,945,829,209,28,19.0,18.0,18,18,0.0,53,12,0,2015,19,24,Abu Dhabi Grand Prix,2015-11-29,13:00:00,stevens,28,STE,Will,Stevens,1991-06-28,British,manor,Manor Marussia,British,Will Stevens,2015,1.0
22915,945,833,209,98,20.0,19.0,19,19,0.0,52,13,0,2015,19,24,Abu Dhabi Grand Prix,2015-11-29,13:00:00,merhi,98,MER,Roberto,Merhi,1991-03-22,Spanish,manor,Manor Marussia,British,Roberto Merhi,2015,1.0
22916,945,813,208,13,13.0,0.0,R,20,0.0,0,4,1,2015,19,24,Abu Dhabi Grand Prix,2015-11-29,13:00:00,maldonado,13,MAL,Pastor,Maldonado,1985-03-09,Venezuelan,lotus_f1,Lotus F1,British,Pastor Maldonado,2015,13.0
22917,948,3,131,6,2.0,1.0,1,1,25.0,57,1,0,2016,1,1,Australian Grand Prix,2016-03-20,05:00:00,rosberg,6,ROS,Nico,Rosberg,1985-06-27,German,mercedes,Mercedes,German,Nico Rosberg,2016,1.0
22918,948,1,131,44,1.0,2.0,2,2,18.0,57,1,0,2016,1,1,Australian Grand Prix,2016-03-20,05:00:00,hamilton,44,HAM,Lewis,Hamilton,1985-01-07,British,mercedes,Mercedes,German,Lewis Hamilton,2016,-1.0
22919,948,20,6,5,3.0,3.0,3,3,15.0,57,1,0,2016,1,1,Australian Grand Prix,2016-03-20,05:00:00,vettel,5,VET,Sebastian,Vettel,1987-07-03,German,ferrari,Ferrari,Italian,Sebastian Vettel,2016,0.0
22920,948,817,9,3,8.0,4.0,4,4,12.0,57,1,0,2016,1,1,Australian Grand Prix,2016-03-20,05:00:00,ricciardo,3,RIC,Daniel,Ricciardo,1989-07-01,Australian,red_bull,Red Bull,Austrian,Daniel Ricciardo,2016,4.0
22921,948,13,3,19,6.0,5.0,5,5,10.0,57,1,0,2016,1,1,Australian Grand Prix,2016-03-20,05:00:00,massa,19,MAS,Felipe,Massa,1981-04-25,Brazilian,williams,Williams,British,Felipe Massa,2016,1.0
22922,948,154,210,8,19.0,6.0,6,6,8.0,57,1,0,2016,1,1,Australian Grand Prix,2016-03-20,05:00:00,grosjean,8,GRO,Romain,Grosjean,1986-04-17,French,haas,Haas F1 Team,American,Romain Grosjean,2016,13.0
22923,948,807,10,27,10.0,7.0,7,7,6.0,57,1,0,2016,1,1,Australian Grand Prix,2016-03-20,05:00:00,hulkenberg,27,HUL,Nico,Hülkenberg,1987-08-19,German,force_india,Force India,Indian,Nico Hülkenberg,2016,3.0
22924,948,822,3,77,16.0,8.0,8,8,4.0,57,1,0,2016,1,1,Australian Grand Prix,2016-03-20,05:00:00,bottas,77,BOT,Valtteri,Bottas,1989-08-28,Finnish,williams,Williams,British,Valtteri Bottas,2016,8.0
22925,948,832,5,55,7.0,9.0,9,9,2.0,57,1,0,2016,1,1,Australian Grand Prix,2016-03-20,05:00:00,sainz,55,SAI,Carlos,Sainz,1994-09-01,Spanish,toro_rosso,Toro Rosso,Italian,Carlos Sainz,2016,-2.0
22926,948,830,5,33,5.0,10.0,10,10,1.0,57,1,0,2016,1,1,Australian Grand Prix,2016-03-20,05:00:00,max_verstappen,33,VER,Max,Verstappen,1997-09-30,Dutch,toro_rosso,Toro Rosso,Italian,Max Verstappen,2016,-5.0
22927,948,835,4,30,13.0,11.0,11,11,0.0,57,1,0,2016,1,1,Australian Grand Prix,2016-03-20,05:00:00,jolyon_palmer,30,PAL,Jolyon,Palmer,1991-01-20,British,renault,Renault,French,Jolyon Palmer,2016,2.0
22928,948,825,4,20,14.0,12.0,12,12,0.0,57,1,0,2016,1,1,Australian Grand Prix,2016-03-20,05:00:00,kevin_magnussen,20,MAG,Kevin,Magnussen,1992-10-05,Danish,renault,Renault,French,Kevin Magnussen,2016,2.0
22929,948,815,10,11,9.0,13.0,13,13,0.0,57,1,0,2016,1,1,Australian Grand Prix,2016-03-20,05:00:00,perez,11,PER,Sergio,Pérez,1990-01-26,Mexican,force_india,Force India,Indian,Sergio Pérez,2016,-4.0
22930,948,18,1,22,12.0,14.0,14,14,0.0,56,11,0,2016,1,1,Australian Grand Prix,2016-03-20,05:00:00,button,22,BUT,Jenson,Button,1980-01-19,British,mclaren,McLaren,British,Jenson Button,2016,-2.0
22931,948,831,15,12,17.0,15.0,15,15,0.0,56,11,0,2016,1,1,Australian Grand Prix,2016-03-20,05:00:00,nasr,12,NAS,Felipe,Nasr,1992-08-21,Brazilian,sauber,Sauber,Swiss,Felipe Nasr,2016,2.0
22932,948,836,209,94,21.0,16.0,16,16,0.0,56,11,0,2016,1,1,Australian Grand Prix,2016-03-20,05:00:00,wehrlein,94,WEH,Pascal,Wehrlein,1994-10-18,German,manor,Manor Marussia,British,Pascal Wehrlein,2016,5.0
22933,948,828,15,9,15.0,0.0,R,17,0.0,38,5,1,2016,1,1,Australian Grand Prix,2016-03-20,05:00:00,ericsson,9,ERI,Marcus,Ericsson,1990-09-02,Swedish,sauber,Sauber,Swiss,Marcus Ericsson,2016,15.0
22934,948,8,6,7,4.0,0.0,R,18,0.0,21,5,1,2016,1,1,Australian Grand Prix,2016-03-20,05:00:00,raikkonen,7,RAI,Kimi,Räikkönen,1979-10-17,Finnish,ferrari,Ferrari,Italian,Kimi Räikkönen,2016,4.0
22935,948,837,209,88,22.0,0.0,R,19,0.0,17,26,1,2016,1,1,Australian Grand Prix,2016-03-20,05:00:00,haryanto,88,HAR,Rio,Haryanto,1993-01-22,Indonesian,manor,Manor Marussia,British,Rio Haryanto,2016,22.0
22936,948,821,210,21,20.0,0.0,R,20,0.0,16,4,1,2016,1,1,Australian Grand Prix,2016-03-20,05:00:00,gutierrez,21,GUT,Esteban,Gutiérrez,1991-08-05,Mexican,haas,Haas F1 Team,American,Esteban Gutiérrez,2016,20.0
22937,948,4,1,14,11.0,0.0,R,21,0.0,16,4,1,2016,1,1,Australian Grand Prix,2016-03-20,05:00:00,alonso,14,ALO,Fernando,Alonso,1981-07-29,Spanish,mclaren,McLaren,British,Fernando Alonso,2016,11.0
22938,948,826,9,26,18.0,0.0,W,22,0.0,0,31,1,2016,1,1,Australian Grand Prix,2016-03-20,05:00:00,kvyat,26,KVY,Daniil,Kvyat,1994-04-26,Russian,red_bull,Red Bull,Austrian,Daniil Kvyat,2016,18.0
22939,949,3,131,6,2.0,1.0,1,1,25.0,57,1,0,2016,2,3,Bahrain Grand Prix,2016-04-03,15:00:00,rosberg,6,ROS,Nico,Rosberg,1985-06-27,German,mercedes,Mercedes,German,Nico Rosberg,2016,1.0
22940,949,8,6,7,4.0,2.0,2,2,18.0,57,1,0,2016,2,3,Bahrain Grand Prix,2016-04-03,15:00:00,raikkonen,7,RAI,Kimi,Räikkönen,1979-10-17,Finnish,ferrari,Ferrari,Italian,Kimi Räikkönen,2016,2.0
22941,949,1,131,44,1.0,3.0,3,3,15.0,57,1,0,2016,2,3,Bahrain Grand Prix,2016-04-03,15:00:00,hamilton,44,HAM,Lewis,Hamilton,1985-01-07,British,mercedes,Mercedes,German,Lewis Hamilton,2016,-2.0
22942,949,817,9,3,5.0,4.0,4,4,12.0,57,1,0,2016,2,3,Bahrain Grand Prix,2016-04-03,15:00:00,ricciardo,3,RIC,Daniel,Ricciardo,1989-07-01,Australian,red_bull,Red Bull,Austrian,Daniel Ricciardo,2016,1.0
22943,949,154,210,8,9.0,5.0,5,5,10.0,57,1,0,2016,2,3,Bahrain Grand Prix,2016-04-03,15:00:00,grosjean,8,GRO,Romain,Grosjean,1986-04-17,French,haas,Haas F1 Team,American,Romain Grosjean,2016,4.0
22944,949,830,5,33,10.0,6.0,6,6,8.0,57,1,0,2016,2,3,Bahrain Grand Prix,2016-04-03,15:00:00,max_verstappen,33,VER,Max,Verstappen,1997-09-30,Dutch,toro_rosso,Toro Rosso,Italian,Max Verstappen,2016,4.0
22945,949,826,9,26,15.0,7.0,7,7,6.0,56,11,0,2016,2,3,Bahrain Grand Prix,2016-04-03,15:00:00,kvyat,26,KVY,Daniil,Kvyat,1994-04-26,Russian,red_bull,Red Bull,Austrian,Daniil Kvyat,2016,8.0
22946,949,13,3,19,7.0,8.0,8,8,4.0,56,11,0,2016,2,3,Bahrain Grand Prix,2016-04-03,15:00:00,massa,19,MAS,Felipe,Massa,1981-04-25,Brazilian,williams,Williams,British,Felipe Massa,2016,-1.0
22947,949,822,3,77,6.0,9.0,9,9,2.0,56,11,0,2016,2,3,Bahrain Grand Prix,2016-04-03,15:00:00,bottas,77,BOT,Valtteri,Bottas,1989-08-28,Finnish,williams,Williams,British,Valtteri Bottas,2016,-3.0
22948,949,838,1,47,12.0,10.0,10,10,1.0,56,11,0,2016,2,3,Bahrain Grand Prix,2016-04-03,15:00:00,vandoorne,2,VAN,Stoffel,Vandoorne,1992-03-26,Belgian,mclaren,McLaren,British,Stoffel Vandoorne,2016,2.0
22949,949,825,4,20,22.0,11.0,11,11,0.0,56,11,0,2016,2,3,Bahrain Grand Prix,2016-04-03,15:00:00,kevin_magnussen,20,MAG,Kevin,Magnussen,1992-10-05,Danish,renault,Renault,French,Kevin Magnussen,2016,11.0
22950,949,828,15,9,17.0,12.0,12,12,0.0,56,11,0,2016,2,3,Bahrain Grand Prix,2016-04-03,15:00:00,ericsson,9,ERI,Marcus,Ericsson,1990-09-02,Swedish,sauber,Sauber,Swiss,Marcus Ericsson,2016,5.0
22951,949,836,209,94,16.0,13.0,13,13,0.0,56,11,0,2016,2,3,Bahrain Grand Prix,2016-04-03,15:00:00,wehrlein,94,WEH,Pascal,Wehrlein,1994-10-18,German,manor,Manor Marussia,British,Pascal Wehrlein,2016,3.0
22952,949,831,15,12,21.0,14.0,14,14,0.0,56,11,0,2016,2,3,Bahrain Grand Prix,2016-04-03,15:00:00,nasr,12,NAS,Felipe,Nasr,1992-08-21,Brazilian,sauber,Sauber,Swiss,Felipe Nasr,2016,7.0
22953,949,807,10,27,8.0,15.0,15,15,0.0,56,11,0,2016,2,3,Bahrain Grand Prix,2016-04-03,15:00:00,hulkenberg,27,HUL,Nico,Hülkenberg,1987-08-19,German,force_india,Force India,Indian,Nico Hülkenberg,2016,-7.0
22954,949,815,10,11,18.0,16.0,16,16,0.0,56,11,0,2016,2,3,Bahrain Grand Prix,2016-04-03,15:00:00,perez,11,PER,Sergio,Pérez,1990-01-26,Mexican,force_india,Force India,Indian,Sergio Pérez,2016,2.0
22955,949,837,209,88,20.0,17.0,17,17,0.0,56,11,0,2016,2,3,Bahrain Grand Prix,2016-04-03,15:00:00,haryanto,88,HAR,Rio,Haryanto,1993-01-22,Indonesian,manor,Manor Marussia,British,Rio Haryanto,2016,3.0
22956,949,832,5,55,11.0,0.0,R,18,0.0,29,31,1,2016,2,3,Bahrain Grand Prix,2016-04-03,15:00:00,sainz,55,SAI,Carlos,Sainz,1994-09-01,Spanish,toro_rosso,Toro Rosso,Italian,Carlos Sainz,2016,11.0
22957,949,821,210,21,13.0,0.0,R,19,0.0,9,31,1,2016,2,3,Bahrain Grand Prix,2016-04-03,15:00:00,gutierrez,21,GUT,Esteban,Gutiérrez,1991-08-05,Mexican,haas,Haas F1 Team,American,Esteban Gutiérrez,2016,13.0
22958,949,18,1,22,14.0,0.0,R,20,0.0,6,131,1,2016,2,3,Bahrain Grand Prix,2016-04-03,15:00:00,button,22,BUT,Jenson,Button,1980-01-19,British,mclaren,McLaren,British,Jenson Button,2016,14.0
22959,949,20,6,5,3.0,0.0,W,21,0.0,0,5,1,2016,2,3,Bahrain Grand Prix,2016-04-03,15:00:00,vettel,5,VET,Sebastian,Vettel,1987-07-03,German,ferrari,Ferrari,Italian,Sebastian Vettel,2016,3.0
22960,949,835,4,30,19.0,0.0,W,22,0.0,0,9,1,2016,2,3,Bahrain Grand Prix,2016-04-03,15:00:00,jolyon_palmer,30,PAL,Jolyon,Palmer,1991-01-20,British,renault,Renault,French,Jolyon Palmer,2016,19.0
22961,950,3,131,6,1.0,1.0,1,1,25.0,56,1,0,2016,3,17,Chinese Grand Prix,2016-04-17,06:00:00,rosberg,6,ROS,Nico,Rosberg,1985-06-27,German,mercedes,Mercedes,German,Nico Rosberg,2016,0.0
22962,950,20,6,5,4.0,2.0,2,2,18.0,56,1,0,2016,3,17,Chinese Grand Prix,2016-04-17,06:00:00,vettel,5,VET,Sebastian,Vettel,1987-07-03,German,ferrari,Ferrari,Italian,Sebastian Vettel,2016,2.0
22963,950,826,9,26,6.0,3.0,3,3,15.0,56,1,0,2016,3,17,Chinese Grand Prix,2016-04-17,06:00:00,kvyat,26,KVY,Daniil,Kvyat,1994-04-26,Russian,red_bull,Red Bull,Austrian,Daniil Kvyat,2016,3.0
22964,950,817,9,3,2.0,4.0,4,4,12.0,56,1,0,2016,3,17,Chinese Grand Prix,2016-04-17,06:00:00,ricciardo,3,RIC,Daniel,Ricciardo,1989-07-01,Australian,red_bull,Red Bull,Austrian,Daniel Ricciardo,2016,-2.0
22965,950,8,6,7,3.0,5.0,5,5,10.0,56,1,0,2016,3,17,Chinese Grand Prix,2016-04-17,06:00:00,raikkonen,7,RAI,Kimi,Räikkönen,1979-10-17,Finnish,ferrari,Ferrari,Italian,Kimi Räikkönen,2016,-2.0
22966,950,13,3,19,10.0,6.0,6,6,8.0,56,1,0,2016,3,17,Chinese Grand Prix,2016-04-17,06:00:00,massa,19,MAS,Felipe,Massa,1981-04-25,Brazilian,williams,Williams,British,Felipe Massa,2016,4.0
22967,950,1,131,44,22.0,7.0,7,7,6.0,56,1,0,2016,3,17,Chinese Grand Prix,2016-04-17,06:00:00,hamilton,44,HAM,Lewis,Hamilton,1985-01-07,British,mercedes,Mercedes,German,Lewis Hamilton,2016,15.0
22968,950,830,5,33,9.0,8.0,8,8,4.0,56,1,0,2016,3,17,Chinese Grand Prix,2016-04-17,06:00:00,max_verstappen,33,VER,Max,Verstappen,1997-09-30,Dutch,toro_rosso,Toro Rosso,Italian,Max Verstappen,2016,1.0
22969,950,832,5,55,8.0,9.0,9,9,2.0,56,1,0,2016,3,17,Chinese Grand Prix,2016-04-17,06:00:00,sainz,55,SAI,Carlos,Sainz,1994-09-01,Spanish,toro_rosso,Toro Rosso,Italian,Carlos Sainz,2016,-1.0
22970,950,822,3,77,5.0,10.0,10,10,1.0,56,1,0,2016,3,17,Chinese Grand Prix,2016-04-17,06:00:00,bottas,77,BOT,Valtteri,Bottas,1989-08-28,Finnish,williams,Williams,British,Valtteri Bottas,2016,-5.0
22971,950,815,10,11,7.0,11.0,11,11,0.0,56,1,0,2016,3,17,Chinese Grand Prix,2016-04-17,06:00:00,perez,11,PER,Sergio,Pérez,1990-01-26,Mexican,force_india,Force India,Indian,Sergio Pérez,2016,-4.0
22972,950,4,1,14,11.0,12.0,12,12,0.0,56,1,0,2016,3,17,Chinese Grand Prix,2016-04-17,06:00:00,alonso,14,ALO,Fernando,Alonso,1981-07-29,Spanish,mclaren,McLaren,British,Fernando Alonso,2016,-1.0
22973,950,18,1,22,12.0,13.0,13,13,0.0,56,1,0,2016,3,17,Chinese Grand Prix,2016-04-17,06:00:00,button,22,BUT,Jenson,Button,1980-01-19,British,mclaren,McLaren,British,Jenson Button,2016,-1.0
22974,950,821,210,21,18.0,14.0,14,14,0.0,55,11,0,2016,3,17,Chinese Grand Prix,2016-04-17,06:00:00,gutierrez,21,GUT,Esteban,Gutiérrez,1991-08-05,Mexican,haas,Haas F1 Team,American,Esteban Gutiérrez,2016,4.0
22975,950,807,10,27,13.0,15.0,15,15,0.0,55,11,0,2016,3,17,Chinese Grand Prix,2016-04-17,06:00:00,hulkenberg,27,HUL,Nico,Hülkenberg,1987-08-19,German,force_india,Force India,Indian,Nico Hülkenberg,2016,-2.0
22976,950,828,15,9,15.0,16.0,16,16,0.0,55,11,0,2016,3,17,Chinese Grand Prix,2016-04-17,06:00:00,ericsson,9,ERI,Marcus,Ericsson,1990-09-02,Swedish,sauber,Sauber,Swiss,Marcus Ericsson,2016,-1.0
22977,950,825,4,20,17.0,17.0,17,17,0.0,55,11,0,2016,3,17,Chinese Grand Prix,2016-04-17,06:00:00,kevin_magnussen,20,MAG,Kevin,Magnussen,1992-10-05,Danish,renault,Renault,French,Kevin Magnussen,2016,0.0
22978,950,836,209,94,21.0,18.0,18,18,0.0,55,11,0,2016,3,17,Chinese Grand Prix,2016-04-17,06:00:00,wehrlein,94,WEH,Pascal,Wehrlein,1994-10-18,German,manor,Manor Marussia,British,Pascal Wehrlein,2016,3.0
22979,950,154,210,8,14.0,19.0,19,19,0.0,55,11,0,2016,3,17,Chinese Grand Prix,2016-04-17,06:00:00,grosjean,8,GRO,Romain,Grosjean,1986-04-17,French,haas,Haas F1 Team,American,Romain Grosjean,2016,-5.0
22980,950,831,15,12,16.0,20.0,20,20,0.0,55,11,0,2016,3,17,Chinese Grand Prix,2016-04-17,06:00:00,nasr,12,NAS,Felipe,Nasr,1992-08-21,Brazilian,sauber,Sauber,Swiss,Felipe Nasr,2016,-4.0
22981,950,837,209,88,20.0,21.0,21,21,0.0,55,11,0,2016,3,17,Chinese Grand Prix,2016-04-17,06:00:00,haryanto,88,HAR,Rio,Haryanto,1993-01-22,Indonesian,manor,Manor Marussia,British,Rio Haryanto,2016,-1.0
22982,950,835,4,30,19.0,22.0,22,22,0.0,55,11,0,2016,3,17,Chinese Grand Prix,2016-04-17,06:00:00,jolyon_palmer,30,PAL,Jolyon,Palmer,1991-01-20,British,renault,Renault,French,Jolyon Palmer,2016,-3.0
22983,951,3,131,6,1.0,1.0,1,1,25.0,53,1,0,2016,4,71,Russian Grand Prix,2016-05-01,12:00:00,rosberg,6,ROS,Nico,Rosberg,1985-06-27,German,mercedes,Mercedes,German,Nico Rosberg,2016,0.0
22984,951,1,131,44,10.0,2.0,2,2,18.0,53,1,0,2016,4,71,Russian Grand Prix,2016-05-01,12:00:00,hamilton,44,HAM,Lewis,Hamilton,1985-01-07,British,mercedes,Mercedes,German,Lewis Hamilton,2016,8.0
22985,951,8,6,7,3.0,3.0,3,3,15.0,53,1,0,2016,4,71,Russian Grand Prix,2016-05-01,12:00:00,raikkonen,7,RAI,Kimi,Räikkönen,1979-10-17,Finnish,ferrari,Ferrari,Italian,Kimi Räikkönen,2016,0.0
22986,951,822,3,77,2.0,4.0,4,4,12.0,53,1,0,2016,4,71,Russian Grand Prix,2016-05-01,12:00:00,bottas,77,BOT,Valtteri,Bottas,1989-08-28,Finnish,williams,Williams,British,Valtteri Bottas,2016,-2.0
22987,951,13,3,19,4.0,5.0,5,5,10.0,53,1,0,2016,4,71,Russian Grand Prix,2016-05-01,12:00:00,massa,19,MAS,Felipe,Massa,1981-04-25,Brazilian,williams,Williams,British,Felipe Massa,2016,-1.0
22988,951,4,1,14,14.0,6.0,6,6,8.0,52,11,0,2016,4,71,Russian Grand Prix,2016-05-01,12:00:00,alonso,14,ALO,Fernando,Alonso,1981-07-29,Spanish,mclaren,McLaren,British,Fernando Alonso,2016,8.0
22989,951,825,4,20,17.0,7.0,7,7,6.0,52,11,0,2016,4,71,Russian Grand Prix,2016-05-01,12:00:00,kevin_magnussen,20,MAG,Kevin,Magnussen,1992-10-05,Danish,renault,Renault,French,Kevin Magnussen,2016,10.0
22990,951,154,210,8,15.0,8.0,8,8,4.0,52,11,0,2016,4,71,Russian Grand Prix,2016-05-01,12:00:00,grosjean,8,GRO,Romain,Grosjean,1986-04-17,French,haas,Haas F1 Team,American,Romain Grosjean,2016,7.0
22991,951,815,10,11,6.0,9.0,9,9,2.0,52,11,0,2016,4,71,Russian Grand Prix,2016-05-01,12:00:00,perez,11,PER,Sergio,Pérez,1990-01-26,Mexican,force_india,Force India,Indian,Sergio Pérez,2016,-3.0
22992,951,18,1,22,12.0,10.0,10,10,1.0,52,11,0,2016,4,71,Russian Grand Prix,2016-05-01,12:00:00,button,22,BUT,Jenson,Button,1980-01-19,British,mclaren,McLaren,British,Jenson Button,2016,2.0
22993,951,817,9,3,5.0,11.0,11,11,0.0,52,11,0,2016,4,71,Russian Grand Prix,2016-05-01,12:00:00,ricciardo,3,RIC,Daniel,Ricciardo,1989-07-01,Australian,red_bull,Red Bull,Austrian,Daniel Ricciardo,2016,-6.0
22994,951,832,5,55,11.0,12.0,12,12,0.0,52,11,0,2016,4,71,Russian Grand Prix,2016-05-01,12:00:00,sainz,55,SAI,Carlos,Sainz,1994-09-01,Spanish,toro_rosso,Toro Rosso,Italian,Carlos Sainz,2016,-1.0
22995,951,835,4,30,18.0,13.0,13,13,0.0,52,11,0,2016,4,71,Russian Grand Prix,2016-05-01,12:00:00,jolyon_palmer,30,PAL,Jolyon,Palmer,1991-01-20,British,renault,Renault,French,Jolyon Palmer,2016,5.0
22996,951,828,15,9,22.0,14.0,14,14,0.0,52,11,0,2016,4,71,Russian Grand Prix,2016-05-01,12:00:00,ericsson,9,ERI,Marcus,Ericsson,1990-09-02,Swedish,sauber,Sauber,Swiss,Marcus Ericsson,2016,8.0
22997,951,826,9,26,8.0,15.0,15,15,0.0,52,11,0,2016,4,71,Russian Grand Prix,2016-05-01,12:00:00,kvyat,26,KVY,Daniil,Kvyat,1994-04-26,Russian,red_bull,Red Bull,Austrian,Daniil Kvyat,2016,-7.0
22998,951,831,15,12,19.0,16.0,16,16,0.0,52,11,0,2016,4,71,Russian Grand Prix,2016-05-01,12:00:00,nasr,12,NAS,Felipe,Nasr,1992-08-21,Brazilian,sauber,Sauber,Swiss,Felipe Nasr,2016,3.0
22999,951,821,210,21,16.0,17.0,17,17,0.0,52,11,0,2016,4,71,Russian Grand Prix,2016-05-01,12:00:00,gutierrez,21,GUT,Esteban,Gutiérrez,1991-08-05,Mexican,haas,Haas F1 Team,American,Esteban Gutiérrez,2016,-1.0
23000,951,836,209,94,20.0,18.0,18,18,0.0,51,12,0,2016,4,71,Russian Grand Prix,2016-05-01,12:00:00,wehrlein,94,WEH,Pascal,Wehrlein,1994-10-18,German,manor,Manor Marussia,British,Pascal Wehrlein,2016,2.0
23001,951,830,5,33,9.0,0.0,R,19,0.0,33,131,1,2016,4,71,Russian Grand Prix,2016-05-01,12:00:00,max_verstappen,33,VER,Max,Verstappen,1997-09-30,Dutch,toro_rosso,Toro Rosso,Italian,Max Verstappen,2016,9.0
23002,951,20,6,5,7.0,0.0,R,20,0.0,0,4,1,2016,4,71,Russian Grand Prix,2016-05-01,12:00:00,vettel,5,VET,Sebastian,Vettel,1987-07-03,German,ferrari,Ferrari,Italian,Sebastian Vettel,2016,7.0
23003,951,807,10,27,13.0,0.0,R,21,0.0,0,4,1,2016,4,71,Russian Grand Prix,2016-05-01,12:00:00,hulkenberg,27,HUL,Nico,Hülkenberg,1987-08-19,German,force_india,Force India,Indian,Nico Hülkenberg,2016,13.0
23004,951,837,209,88,21.0,0.0,R,22,0.0,0,4,1,2016,4,71,Russian Grand Prix,2016-05-01,12:00:00,haryanto,88,HAR,Rio,Haryanto,1993-01-22,Indonesian,manor,Manor Marussia,British,Rio Haryanto,2016,21.0
23005,952,830,9,33,4.0,1.0,1,1,25.0,66,1,0,2016,5,4,Spanish Grand Prix,2016-05-15,12:00:00,max_verstappen,33,VER,Max,Verstappen,1997-09-30,Dutch,red_bull,Red Bull,Austrian,Max Verstappen,2016,3.0
23006,952,8,6,7,5.0,2.0,2,2,18.0,66,1,0,2016,5,4,Spanish Grand Prix,2016-05-15,12:00:00,raikkonen,7,RAI,Kimi,Räikkönen,1979-10-17,Finnish,ferrari,Ferrari,Italian,Kimi Räikkönen,2016,3.0
23007,952,20,6,5,6.0,3.0,3,3,15.0,66,1,0,2016,5,4,Spanish Grand Prix,2016-05-15,12:00:00,vettel,5,VET,Sebastian,Vettel,1987-07-03,German,ferrari,Ferrari,Italian,Sebastian Vettel,2016,3.0
23008,952,817,9,3,3.0,4.0,4,4,12.0,66,1,0,2016,5,4,Spanish Grand Prix,2016-05-15,12:00:00,ricciardo,3,RIC,Daniel,Ricciardo,1989-07-01,Australian,red_bull,Red Bull,Austrian,Daniel Ricciardo,2016,-1.0
23009,952,822,3,77,7.0,5.0,5,5,10.0,66,1,0,2016,5,4,Spanish Grand Prix,2016-05-15,12:00:00,bottas,77,BOT,Valtteri,Bottas,1989-08-28,Finnish,williams,Williams,British,Valtteri Bottas,2016,2.0
23010,952,832,5,55,8.0,6.0,6,6,8.0,66,1,0,2016,5,4,Spanish Grand Prix,2016-05-15,12:00:00,sainz,55,SAI,Carlos,Sainz,1994-09-01,Spanish,toro_rosso,Toro Rosso,Italian,Carlos Sainz,2016,2.0
23011,952,815,10,11,9.0,7.0,7,7,6.0,66,1,0,2016,5,4,Spanish Grand Prix,2016-05-15,12:00:00,perez,11,PER,Sergio,Pérez,1990-01-26,Mexican,force_india,Force India,Indian,Sergio Pérez,2016,2.0
23012,952,13,3,19,18.0,8.0,8,8,4.0,66,1,0,2016,5,4,Spanish Grand Prix,2016-05-15,12:00:00,massa,19,MAS,Felipe,Massa,1981-04-25,Brazilian,williams,Williams,British,Felipe Massa,2016,10.0
23013,952,18,1,22,12.0,9.0,9,9,2.0,65,11,0,2016,5,4,Spanish Grand Prix,2016-05-15,12:00:00,button,22,BUT,Jenson,Button,1980-01-19,British,mclaren,McLaren,British,Jenson Button,2016,3.0
23014,952,826,5,26,13.0,10.0,10,10,1.0,65,11,0,2016,5,4,Spanish Grand Prix,2016-05-15,12:00:00,kvyat,26,KVY,Daniil,Kvyat,1994-04-26,Russian,toro_rosso,Toro Rosso,Italian,Daniil Kvyat,2016,3.0
23015,952,821,210,21,16.0,11.0,11,11,0.0,65,11,0,2016,5,4,Spanish Grand Prix,2016-05-15,12:00:00,gutierrez,21,GUT,Esteban,Gutiérrez,1991-08-05,Mexican,haas,Haas F1 Team,American,Esteban Gutiérrez,2016,5.0
23016,952,828,15,9,19.0,12.0,12,12,0.0,65,11,0,2016,5,4,Spanish Grand Prix,2016-05-15,12:00:00,ericsson,9,ERI,Marcus,Ericsson,1990-09-02,Swedish,sauber,Sauber,Swiss,Marcus Ericsson,2016,7.0
23017,952,835,4,30,17.0,13.0,13,13,0.0,65,11,0,2016,5,4,Spanish Grand Prix,2016-05-15,12:00:00,jolyon_palmer,30,PAL,Jolyon,Palmer,1991-01-20,British,renault,Renault,French,Jolyon Palmer,2016,4.0
23018,952,825,4,20,15.0,14.0,14,14,0.0,65,11,0,2016,5,4,Spanish Grand Prix,2016-05-15,12:00:00,kevin_magnussen,20,MAG,Kevin,Magnussen,1992-10-05,Danish,renault,Renault,French,Kevin Magnussen,2016,1.0
23019,952,831,15,12,20.0,15.0,15,15,0.0,65,11,0,2016,5,4,Spanish Grand Prix,2016-05-15,12:00:00,nasr,12,NAS,Felipe,Nasr,1992-08-21,Brazilian,sauber,Sauber,Swiss,Felipe Nasr,2016,5.0
23020,952,836,209,94,21.0,16.0,16,16,0.0,65,11,0,2016,5,4,Spanish Grand Prix,2016-05-15,12:00:00,wehrlein,94,WEH,Pascal,Wehrlein,1994-10-18,German,manor,Manor Marussia,British,Pascal Wehrlein,2016,5.0
23021,952,837,209,88,22.0,17.0,17,17,0.0,65,11,0,2016,5,4,Spanish Grand Prix,2016-05-15,12:00:00,haryanto,88,HAR,Rio,Haryanto,1993-01-22,Indonesian,manor,Manor Marussia,British,Rio Haryanto,2016,5.0
23022,952,154,210,8,14.0,0.0,R,18,0.0,56,5,1,2016,5,4,Spanish Grand Prix,2016-05-15,12:00:00,grosjean,8,GRO,Romain,Grosjean,1986-04-17,French,haas,Haas F1 Team,American,Romain Grosjean,2016,14.0
23023,952,4,1,14,10.0,0.0,R,19,0.0,45,5,1,2016,5,4,Spanish Grand Prix,2016-05-15,12:00:00,alonso,14,ALO,Fernando,Alonso,1981-07-29,Spanish,mclaren,McLaren,British,Fernando Alonso,2016,10.0
23024,952,807,10,27,11.0,0.0,R,20,0.0,20,5,1,2016,5,4,Spanish Grand Prix,2016-05-15,12:00:00,hulkenberg,27,HUL,Nico,Hülkenberg,1987-08-19,German,force_india,Force India,Indian,Nico Hülkenberg,2016,11.0
23025,952,1,131,44,1.0,0.0,R,21,0.0,0,4,1,2016,5,4,Spanish Grand Prix,2016-05-15,12:00:00,hamilton,44,HAM,Lewis,Hamilton,1985-01-07,British,mercedes,Mercedes,German,Lewis Hamilton,2016,1.0
23026,952,3,131,6,2.0,0.0,R,22,0.0,0,4,1,2016,5,4,Spanish Grand Prix,2016-05-15,12:00:00,rosberg,6,ROS,Nico,Rosberg,1985-06-27,German,mercedes,Mercedes,German,Nico Rosberg,2016,2.0
23027,953,1,131,44,3.0,1.0,1,1,25.0,78,1,0,2016,6,6,Monaco Grand Prix,2016-05-29,12:00:00,hamilton,44,HAM,Lewis,Hamilton,1985-01-07,British,mercedes,Mercedes,German,Lewis Hamilton,2016,2.0
23028,953,817,9,3,1.0,2.0,2,2,18.0,78,1,0,2016,6,6,Monaco Grand Prix,2016-05-29,12:00:00,ricciardo,3,RIC,Daniel,Ricciardo,1989-07-01,Australian,red_bull,Red Bull,Austrian,Daniel Ricciardo,2016,-1.0
23029,953,815,10,11,7.0,3.0,3,3,15.0,78,1,0,2016,6,6,Monaco Grand Prix,2016-05-29,12:00:00,perez,11,PER,Sergio,Pérez,1990-01-26,Mexican,force_india,Force India,Indian,Sergio Pérez,2016,4.0
23030,953,20,6,5,4.0,4.0,4,4,12.0,78,1,0,2016,6,6,Monaco Grand Prix,2016-05-29,12:00:00,vettel,5,VET,Sebastian,Vettel,1987-07-03,German,ferrari,Ferrari,Italian,Sebastian Vettel,2016,0.0
23031,953,4,1,14,9.0,5.0,5,5,10.0,78,1,0,2016,6,6,Monaco Grand Prix,2016-05-29,12:00:00,alonso,14,ALO,Fernando,Alonso,1981-07-29,Spanish,mclaren,McLaren,British,Fernando Alonso,2016,4.0
23032,953,807,10,27,5.0,6.0,6,6,8.0,78,1,0,2016,6,6,Monaco Grand Prix,2016-05-29,12:00:00,hulkenberg,27,HUL,Nico,Hülkenberg,1987-08-19,German,force_india,Force India,Indian,Nico Hülkenberg,2016,-1.0
23033,953,3,131,6,2.0,7.0,7,7,6.0,78,1,0,2016,6,6,Monaco Grand Prix,2016-05-29,12:00:00,rosberg,6,ROS,Nico,Rosberg,1985-06-27,German,mercedes,Mercedes,German,Nico Rosberg,2016,-5.0
23034,953,832,5,55,6.0,8.0,8,8,4.0,77,11,0,2016,6,6,Monaco Grand Prix,2016-05-29,12:00:00,sainz,55,SAI,Carlos,Sainz,1994-09-01,Spanish,toro_rosso,Toro Rosso,Italian,Carlos Sainz,2016,-2.0
23035,953,18,1,22,13.0,9.0,9,9,2.0,77,11,0,2016,6,6,Monaco Grand Prix,2016-05-29,12:00:00,button,22,BUT,Jenson,Button,1980-01-19,British,mclaren,McLaren,British,Jenson Button,2016,4.0
23036,953,13,3,19,14.0,10.0,10,10,1.0,77,11,0,2016,6,6,Monaco Grand Prix,2016-05-29,12:00:00,massa,19,MAS,Felipe,Massa,1981-04-25,Brazilian,williams,Williams,British,Felipe Massa,2016,4.0
23037,953,821,210,21,12.0,11.0,11,11,0.0,77,11,0,2016,6,6,Monaco Grand Prix,2016-05-29,12:00:00,gutierrez,21,GUT,Esteban,Gutiérrez,1991-08-05,Mexican,haas,Haas F1 Team,American,Esteban Gutiérrez,2016,1.0
23038,953,822,3,77,10.0,12.0,12,12,0.0,77,11,0,2016,6,6,Monaco Grand Prix,2016-05-29,12:00:00,bottas,77,BOT,Valtteri,Bottas,1989-08-28,Finnish,williams,Williams,British,Valtteri Bottas,2016,-2.0
23039,953,154,210,8,15.0,13.0,13,13,0.0,76,12,0,2016,6,6,Monaco Grand Prix,2016-05-29,12:00:00,grosjean,8,GRO,Romain,Grosjean,1986-04-17,French,haas,Haas F1 Team,American,Romain Grosjean,2016,2.0
23040,953,836,209,94,20.0,14.0,14,14,0.0,76,12,0,2016,6,6,Monaco Grand Prix,2016-05-29,12:00:00,wehrlein,94,WEH,Pascal,Wehrlein,1994-10-18,German,manor,Manor Marussia,British,Pascal Wehrlein,2016,6.0
23041,953,837,209,88,19.0,15.0,15,15,0.0,74,14,0,2016,6,6,Monaco Grand Prix,2016-05-29,12:00:00,haryanto,88,HAR,Rio,Haryanto,1993-01-22,Indonesian,manor,Manor Marussia,British,Rio Haryanto,2016,4.0
23042,953,828,15,9,17.0,0.0,R,16,0.0,51,4,1,2016,6,6,Monaco Grand Prix,2016-05-29,12:00:00,ericsson,9,ERI,Marcus,Ericsson,1990-09-02,Swedish,sauber,Sauber,Swiss,Marcus Ericsson,2016,17.0
23043,953,831,15,12,0.0,0.0,R,17,0.0,48,31,1,2016,6,6,Monaco Grand Prix,2016-05-29,12:00:00,nasr,12,NAS,Felipe,Nasr,1992-08-21,Brazilian,sauber,Sauber,Swiss,Felipe Nasr,2016,0.0
23044,953,830,9,33,0.0,0.0,R,18,0.0,34,3,1,2016,6,6,Monaco Grand Prix,2016-05-29,12:00:00,max_verstappen,33,VER,Max,Verstappen,1997-09-30,Dutch,red_bull,Red Bull,Austrian,Max Verstappen,2016,0.0
23045,953,825,4,20,16.0,0.0,R,19,0.0,32,31,1,2016,6,6,Monaco Grand Prix,2016-05-29,12:00:00,kevin_magnussen,20,MAG,Kevin,Magnussen,1992-10-05,Danish,renault,Renault,French,Kevin Magnussen,2016,16.0
23046,953,826,5,26,8.0,0.0,R,20,0.0,18,3,1,2016,6,6,Monaco Grand Prix,2016-05-29,12:00:00,kvyat,26,KVY,Daniil,Kvyat,1994-04-26,Russian,toro_rosso,Toro Rosso,Italian,Daniil Kvyat,2016,8.0
23047,953,8,6,7,11.0,0.0,R,21,0.0,10,3,1,2016,6,6,Monaco Grand Prix,2016-05-29,12:00:00,raikkonen,7,RAI,Kimi,Räikkönen,1979-10-17,Finnish,ferrari,Ferrari,Italian,Kimi Räikkönen,2016,11.0
23048,953,835,4,30,18.0,0.0,R,22,0.0,7,3,1,2016,6,6,Monaco Grand Prix,2016-05-29,12:00:00,jolyon_palmer,30,PAL,Jolyon,Palmer,1991-01-20,British,renault,Renault,French,Jolyon Palmer,2016,18.0
23049,954,1,131,44,1.0,1.0,1,1,25.0,70,1,0,2016,7,7,Canadian Grand Prix,2016-06-12,18:00:00,hamilton,44,HAM,Lewis,Hamilton,1985-01-07,British,mercedes,Mercedes,German,Lewis Hamilton,2016,0.0
23050,954,20,6,5,3.0,2.0,2,2,18.0,70,1,0,2016,7,7,Canadian Grand Prix,2016-06-12,18:00:00,vettel,5,VET,Sebastian,Vettel,1987-07-03,German,ferrari,Ferrari,Italian,Sebastian Vettel,2016,1.0
23051,954,822,3,77,7.0,3.0,3,3,15.0,70,1,0,2016,7,7,Canadian Grand Prix,2016-06-12,18:00:00,bottas,77,BOT,Valtteri,Bottas,1989-08-28,Finnish,williams,Williams,British,Valtteri Bottas,2016,4.0
23052,954,830,9,33,5.0,4.0,4,4,12.0,70,1,0,2016,7,7,Canadian Grand Prix,2016-06-12,18:00:00,max_verstappen,33,VER,Max,Verstappen,1997-09-30,Dutch,red_bull,Red Bull,Austrian,Max Verstappen,2016,1.0
23053,954,3,131,6,2.0,5.0,5,5,10.0,70,1,0,2016,7,7,Canadian Grand Prix,2016-06-12,18:00:00,rosberg,6,ROS,Nico,Rosberg,1985-06-27,German,mercedes,Mercedes,German,Nico Rosberg,2016,-3.0
23054,954,8,6,7,6.0,6.0,6,6,8.0,70,1,0,2016,7,7,Canadian Grand Prix,2016-06-12,18:00:00,raikkonen,7,RAI,Kimi,Räikkönen,1979-10-17,Finnish,ferrari,Ferrari,Italian,Kimi Räikkönen,2016,0.0
23055,954,817,9,3,4.0,7.0,7,7,6.0,70,1,0,2016,7,7,Canadian Grand Prix,2016-06-12,18:00:00,ricciardo,3,RIC,Daniel,Ricciardo,1989-07-01,Australian,red_bull,Red Bull,Austrian,Daniel Ricciardo,2016,-3.0
23056,954,807,10,27,9.0,8.0,8,8,4.0,69,11,0,2016,7,7,Canadian Grand Prix,2016-06-12,18:00:00,hulkenberg,27,HUL,Nico,Hülkenberg,1987-08-19,German,force_india,Force India,Indian,Nico Hülkenberg,2016,1.0
23057,954,832,5,55,20.0,9.0,9,9,2.0,69,11,0,2016,7,7,Canadian Grand Prix,2016-06-12,18:00:00,sainz,55,SAI,Carlos,Sainz,1994-09-01,Spanish,toro_rosso,Toro Rosso,Italian,Carlos Sainz,2016,11.0
23058,954,815,10,11,11.0,10.0,10,10,1.0,69,11,0,2016,7,7,Canadian Grand Prix,2016-06-12,18:00:00,perez,11,PER,Sergio,Pérez,1990-01-26,Mexican,force_india,Force India,Indian,Sergio Pérez,2016,1.0
23059,954,4,1,14,10.0,11.0,11,11,0.0,69,11,0,2016,7,7,Canadian Grand Prix,2016-06-12,18:00:00,alonso,14,ALO,Fernando,Alonso,1981-07-29,Spanish,mclaren,McLaren,British,Fernando Alonso,2016,-1.0
23060,954,826,5,26,15.0,12.0,12,12,0.0,69,11,0,2016,7,7,Canadian Grand Prix,2016-06-12,18:00:00,kvyat,26,KVY,Daniil,Kvyat,1994-04-26,Russian,toro_rosso,Toro Rosso,Italian,Daniil Kvyat,2016,3.0
23061,954,821,210,21,13.0,13.0,13,13,0.0,68,12,0,2016,7,7,Canadian Grand Prix,2016-06-12,18:00:00,gutierrez,21,GUT,Esteban,Gutiérrez,1991-08-05,Mexican,haas,Haas F1 Team,American,Esteban Gutiérrez,2016,0.0
23062,954,154,210,8,14.0,14.0,14,14,0.0,68,12,0,2016,7,7,Canadian Grand Prix,2016-06-12,18:00:00,grosjean,8,GRO,Romain,Grosjean,1986-04-17,French,haas,Haas F1 Team,American,Romain Grosjean,2016,0.0
23063,954,828,15,9,21.0,15.0,15,15,0.0,68,12,0,2016,7,7,Canadian Grand Prix,2016-06-12,18:00:00,ericsson,9,ERI,Marcus,Ericsson,1990-09-02,Swedish,sauber,Sauber,Swiss,Marcus Ericsson,2016,6.0
23064,954,825,4,20,22.0,16.0,16,16,0.0,68,12,0,2016,7,7,Canadian Grand Prix,2016-06-12,18:00:00,kevin_magnussen,20,MAG,Kevin,Magnussen,1992-10-05,Danish,renault,Renault,French,Kevin Magnussen,2016,6.0
23065,954,836,209,94,17.0,17.0,17,17,0.0,68,12,0,2016,7,7,Canadian Grand Prix,2016-06-12,18:00:00,wehrlein,94,WEH,Pascal,Wehrlein,1994-10-18,German,manor,Manor Marussia,British,Pascal Wehrlein,2016,0.0
23066,954,831,15,12,18.0,18.0,18,18,0.0,68,12,0,2016,7,7,Canadian Grand Prix,2016-06-12,18:00:00,nasr,12,NAS,Felipe,Nasr,1992-08-21,Brazilian,sauber,Sauber,Swiss,Felipe Nasr,2016,0.0
23067,954,837,209,88,19.0,19.0,19,19,0.0,68,12,0,2016,7,7,Canadian Grand Prix,2016-06-12,18:00:00,haryanto,88,HAR,Rio,Haryanto,1993-01-22,Indonesian,manor,Manor Marussia,British,Rio Haryanto,2016,0.0
23068,954,13,3,19,8.0,0.0,R,20,0.0,35,31,1,2016,7,7,Canadian Grand Prix,2016-06-12,18:00:00,massa,19,MAS,Felipe,Massa,1981-04-25,Brazilian,williams,Williams,British,Felipe Massa,2016,8.0
23069,954,835,4,30,16.0,0.0,R,21,0.0,16,31,1,2016,7,7,Canadian Grand Prix,2016-06-12,18:00:00,jolyon_palmer,30,PAL,Jolyon,Palmer,1991-01-20,British,renault,Renault,French,Jolyon Palmer,2016,16.0
23070,954,18,1,22,12.0,0.0,R,22,0.0,9,131,1,2016,7,7,Canadian Grand Prix,2016-06-12,18:00:00,button,22,BUT,Jenson,Button,1980-01-19,British,mclaren,McLaren,British,Jenson Button,2016,12.0
23071,955,3,131,6,1.0,1.0,1,1,25.0,51,1,0,2016,8,73,European Grand Prix,2016-06-19,13:00:00,rosberg,6,ROS,Nico,Rosberg,1985-06-27,German,mercedes,Mercedes,German,Nico Rosberg,2016,0.0
23072,955,20,6,5,3.0,2.0,2,2,18.0,51,1,0,2016,8,73,European Grand Prix,2016-06-19,13:00:00,vettel,5,VET,Sebastian,Vettel,1987-07-03,German,ferrari,Ferrari,Italian,Sebastian Vettel,2016,1.0
23073,955,815,10,11,7.0,3.0,3,3,15.0,51,1,0,2016,8,73,European Grand Prix,2016-06-19,13:00:00,perez,11,PER,Sergio,Pérez,1990-01-26,Mexican,force_india,Force India,Indian,Sergio Pérez,2016,4.0
23074,955,8,6,7,4.0,4.0,4,4,12.0,51,1,0,2016,8,73,European Grand Prix,2016-06-19,13:00:00,raikkonen,7,RAI,Kimi,Räikkönen,1979-10-17,Finnish,ferrari,Ferrari,Italian,Kimi Räikkönen,2016,0.0
23075,955,1,131,44,10.0,5.0,5,5,10.0,51,1,0,2016,8,73,European Grand Prix,2016-06-19,13:00:00,hamilton,44,HAM,Lewis,Hamilton,1985-01-07,British,mercedes,Mercedes,German,Lewis Hamilton,2016,5.0
23076,955,822,3,77,8.0,6.0,6,6,8.0,51,1,0,2016,8,73,European Grand Prix,2016-06-19,13:00:00,bottas,77,BOT,Valtteri,Bottas,1989-08-28,Finnish,williams,Williams,British,Valtteri Bottas,2016,2.0
23077,955,817,9,3,2.0,7.0,7,7,6.0,51,1,0,2016,8,73,European Grand Prix,2016-06-19,13:00:00,ricciardo,3,RIC,Daniel,Ricciardo,1989-07-01,Australian,red_bull,Red Bull,Austrian,Daniel Ricciardo,2016,-5.0
23078,955,830,9,33,9.0,8.0,8,8,4.0,51,1,0,2016,8,73,European Grand Prix,2016-06-19,13:00:00,max_verstappen,33,VER,Max,Verstappen,1997-09-30,Dutch,red_bull,Red Bull,Austrian,Max Verstappen,2016,1.0
23079,955,807,10,27,12.0,9.0,9,9,2.0,51,1,0,2016,8,73,European Grand Prix,2016-06-19,13:00:00,hulkenberg,27,HUL,Nico,Hülkenberg,1987-08-19,German,force_india,Force India,Indian,Nico Hülkenberg,2016,3.0
23080,955,13,3,19,5.0,10.0,10,10,1.0,51,1,0,2016,8,73,European Grand Prix,2016-06-19,13:00:00,massa,19,MAS,Felipe,Massa,1981-04-25,Brazilian,williams,Williams,British,Felipe Massa,2016,-5.0
23081,955,18,1,22,19.0,11.0,11,11,0.0,51,1,0,2016,8,73,European Grand Prix,2016-06-19,13:00:00,button,22,BUT,Jenson,Button,1980-01-19,British,mclaren,McLaren,British,Jenson Button,2016,8.0
23082,955,831,15,12,15.0,12.0,12,12,0.0,50,11,0,2016,8,73,European Grand Prix,2016-06-19,13:00:00,nasr,12,NAS,Felipe,Nasr,1992-08-21,Brazilian,sauber,Sauber,Swiss,Felipe Nasr,2016,3.0
23083,955,154,210,8,11.0,13.0,13,13,0.0,50,11,0,2016,8,73,European Grand Prix,2016-06-19,13:00:00,grosjean,8,GRO,Romain,Grosjean,1986-04-17,French,haas,Haas F1 Team,American,Romain Grosjean,2016,-2.0
23084,955,825,4,20,22.0,14.0,14,14,0.0,50,11,0,2016,8,73,European Grand Prix,2016-06-19,13:00:00,kevin_magnussen,20,MAG,Kevin,Magnussen,1992-10-05,Danish,renault,Renault,French,Kevin Magnussen,2016,8.0
23085,955,835,4,30,21.0,15.0,15,15,0.0,50,11,0,2016,8,73,European Grand Prix,2016-06-19,13:00:00,jolyon_palmer,30,PAL,Jolyon,Palmer,1991-01-20,British,renault,Renault,French,Jolyon Palmer,2016,6.0
23086,955,821,210,21,14.0,16.0,16,16,0.0,50,11,0,2016,8,73,European Grand Prix,2016-06-19,13:00:00,gutierrez,21,GUT,Esteban,Gutiérrez,1991-08-05,Mexican,haas,Haas F1 Team,American,Esteban Gutiérrez,2016,-2.0
23087,955,828,15,9,20.0,17.0,17,17,0.0,50,11,0,2016,8,73,European Grand Prix,2016-06-19,13:00:00,ericsson,9,ERI,Marcus,Ericsson,1990-09-02,Swedish,sauber,Sauber,Swiss,Marcus Ericsson,2016,3.0
23088,955,837,209,88,16.0,18.0,18,18,0.0,49,12,0,2016,8,73,European Grand Prix,2016-06-19,13:00:00,haryanto,88,HAR,Rio,Haryanto,1993-01-22,Indonesian,manor,Manor Marussia,British,Rio Haryanto,2016,-2.0
23089,955,4,1,14,13.0,0.0,R,19,0.0,42,6,1,2016,8,73,European Grand Prix,2016-06-19,13:00:00,alonso,14,ALO,Fernando,Alonso,1981-07-29,Spanish,mclaren,McLaren,British,Fernando Alonso,2016,13.0
23090,955,836,209,94,17.0,0.0,R,20,0.0,39,23,1,2016,8,73,European Grand Prix,2016-06-19,13:00:00,wehrlein,94,WEH,Pascal,Wehrlein,1994-10-18,German,manor,Manor Marussia,British,Pascal Wehrlein,2016,17.0
23091,955,832,5,55,18.0,0.0,R,21,0.0,31,22,1,2016,8,73,European Grand Prix,2016-06-19,13:00:00,sainz,55,SAI,Carlos,Sainz,1994-09-01,Spanish,toro_rosso,Toro Rosso,Italian,Carlos Sainz,2016,18.0
23092,955,826,5,26,6.0,0.0,R,22,0.0,6,22,1,2016,8,73,European Grand Prix,2016-06-19,13:00:00,kvyat,26,KVY,Daniil,Kvyat,1994-04-26,Russian,toro_rosso,Toro Rosso,Italian,Daniil Kvyat,2016,6.0
23093,956,1,131,44,1.0,1.0,1,1,25.0,71,1,0,2016,9,70,Austrian Grand Prix,2016-07-03,12:00:00,hamilton,44,HAM,Lewis,Hamilton,1985-01-07,British,mercedes,Mercedes,German,Lewis Hamilton,2016,0.0
23094,956,830,9,33,8.0,2.0,2,2,18.0,71,1,0,2016,9,70,Austrian Grand Prix,2016-07-03,12:00:00,max_verstappen,33,VER,Max,Verstappen,1997-09-30,Dutch,red_bull,Red Bull,Austrian,Max Verstappen,2016,6.0
23095,956,8,6,7,4.0,3.0,3,3,15.0,71,1,0,2016,9,70,Austrian Grand Prix,2016-07-03,12:00:00,raikkonen,7,RAI,Kimi,Räikkönen,1979-10-17,Finnish,ferrari,Ferrari,Italian,Kimi Räikkönen,2016,1.0
23096,956,3,131,6,6.0,4.0,4,4,12.0,71,1,0,2016,9,70,Austrian Grand Prix,2016-07-03,12:00:00,rosberg,6,ROS,Nico,Rosberg,1985-06-27,German,mercedes,Mercedes,German,Nico Rosberg,2016,2.0
23097,956,817,9,3,5.0,5.0,5,5,10.0,71,1,0,2016,9,70,Austrian Grand Prix,2016-07-03,12:00:00,ricciardo,3,RIC,Daniel,Ricciardo,1989-07-01,Australian,red_bull,Red Bull,Austrian,Daniel Ricciardo,2016,0.0
23098,956,18,1,22,3.0,6.0,6,6,8.0,71,1,0,2016,9,70,Austrian Grand Prix,2016-07-03,12:00:00,button,22,BUT,Jenson,Button,1980-01-19,British,mclaren,McLaren,British,Jenson Button,2016,-3.0
23099,956,154,210,8,13.0,7.0,7,7,6.0,71,1,0,2016,9,70,Austrian Grand Prix,2016-07-03,12:00:00,grosjean,8,GRO,Romain,Grosjean,1986-04-17,French,haas,Haas F1 Team,American,Romain Grosjean,2016,6.0
23100,956,832,5,55,15.0,8.0,8,8,4.0,71,1,0,2016,9,70,Austrian Grand Prix,2016-07-03,12:00:00,sainz,55,SAI,Carlos,Sainz,1994-09-01,Spanish,toro_rosso,Toro Rosso,Italian,Carlos Sainz,2016,7.0
23101,956,822,3,77,7.0,9.0,9,9,2.0,70,11,0,2016,9,70,Austrian Grand Prix,2016-07-03,12:00:00,bottas,77,BOT,Valtteri,Bottas,1989-08-28,Finnish,williams,Williams,British,Valtteri Bottas,2016,-2.0
23102,956,836,209,94,12.0,10.0,10,10,1.0,70,11,0,2016,9,70,Austrian Grand Prix,2016-07-03,12:00:00,wehrlein,94,WEH,Pascal,Wehrlein,1994-10-18,German,manor,Manor Marussia,British,Pascal Wehrlein,2016,2.0
23103,956,821,210,21,11.0,11.0,11,11,0.0,70,11,0,2016,9,70,Austrian Grand Prix,2016-07-03,12:00:00,gutierrez,21,GUT,Esteban,Gutiérrez,1991-08-05,Mexican,haas,Haas F1 Team,American,Esteban Gutiérrez,2016,0.0
23104,956,835,4,30,19.0,12.0,12,12,0.0,70,11,0,2016,9,70,Austrian Grand Prix,2016-07-03,12:00:00,jolyon_palmer,30,PAL,Jolyon,Palmer,1991-01-20,British,renault,Renault,French,Jolyon Palmer,2016,7.0
23105,956,831,15,12,21.0,13.0,13,13,0.0,70,11,0,2016,9,70,Austrian Grand Prix,2016-07-03,12:00:00,nasr,12,NAS,Felipe,Nasr,1992-08-21,Brazilian,sauber,Sauber,Swiss,Felipe Nasr,2016,8.0
23106,956,825,4,20,17.0,14.0,14,14,0.0,70,11,0,2016,9,70,Austrian Grand Prix,2016-07-03,12:00:00,kevin_magnussen,20,MAG,Kevin,Magnussen,1992-10-05,Danish,renault,Renault,French,Kevin Magnussen,2016,3.0
23107,956,828,15,9,18.0,15.0,15,15,0.0,70,11,0,2016,9,70,Austrian Grand Prix,2016-07-03,12:00:00,ericsson,9,ERI,Marcus,Ericsson,1990-09-02,Swedish,sauber,Sauber,Swiss,Marcus Ericsson,2016,3.0
23108,956,837,209,88,20.0,16.0,16,16,0.0,70,11,0,2016,9,70,Austrian Grand Prix,2016-07-03,12:00:00,haryanto,88,HAR,Rio,Haryanto,1993-01-22,Indonesian,manor,Manor Marussia,British,Rio Haryanto,2016,4.0
23109,956,815,10,11,16.0,17.0,17,17,0.0,69,23,0,2016,9,70,Austrian Grand Prix,2016-07-03,12:00:00,perez,11,PER,Sergio,Pérez,1990-01-26,Mexican,force_india,Force India,Indian,Sergio Pérez,2016,-1.0
23110,956,4,1,14,14.0,18.0,18,18,0.0,64,84,0,2016,9,70,Austrian Grand Prix,2016-07-03,12:00:00,alonso,14,ALO,Fernando,Alonso,1981-07-29,Spanish,mclaren,McLaren,British,Fernando Alonso,2016,-4.0
23111,956,807,10,27,2.0,19.0,19,19,0.0,64,23,0,2016,9,70,Austrian Grand Prix,2016-07-03,12:00:00,hulkenberg,27,HUL,Nico,Hülkenberg,1987-08-19,German,force_india,Force India,Indian,Nico Hülkenberg,2016,-17.0
23112,956,13,3,19,0.0,20.0,20,20,0.0,63,23,0,2016,9,70,Austrian Grand Prix,2016-07-03,12:00:00,massa,19,MAS,Felipe,Massa,1981-04-25,Brazilian,williams,Williams,British,Felipe Massa,2016,-20.0
23113,956,20,6,5,9.0,0.0,R,21,0.0,26,27,1,2016,9,70,Austrian Grand Prix,2016-07-03,12:00:00,vettel,5,VET,Sebastian,Vettel,1987-07-03,German,ferrari,Ferrari,Italian,Sebastian Vettel,2016,9.0
23114,956,826,5,26,0.0,0.0,R,22,0.0,2,31,1,2016,9,70,Austrian Grand Prix,2016-07-03,12:00:00,kvyat,26,KVY,Daniil,Kvyat,1994-04-26,Russian,toro_rosso,Toro Rosso,Italian,Daniil Kvyat,2016,0.0
23115,957,1,131,44,1.0,1.0,1,1,25.0,52,1,0,2016,10,9,British Grand Prix,2016-07-10,12:00:00,hamilton,44,HAM,Lewis,Hamilton,1985-01-07,British,mercedes,Mercedes,German,Lewis Hamilton,2016,0.0
23116,957,830,9,33,3.0,2.0,2,2,18.0,52,1,0,2016,10,9,British Grand Prix,2016-07-10,12:00:00,max_verstappen,33,VER,Max,Verstappen,1997-09-30,Dutch,red_bull,Red Bull,Austrian,Max Verstappen,2016,1.0
23117,957,3,131,6,2.0,3.0,3,3,15.0,52,1,0,2016,10,9,British Grand Prix,2016-07-10,12:00:00,rosberg,6,ROS,Nico,Rosberg,1985-06-27,German,mercedes,Mercedes,German,Nico Rosberg,2016,-1.0
23118,957,817,9,3,4.0,4.0,4,4,12.0,52,1,0,2016,10,9,British Grand Prix,2016-07-10,12:00:00,ricciardo,3,RIC,Daniel,Ricciardo,1989-07-01,Australian,red_bull,Red Bull,Austrian,Daniel Ricciardo,2016,0.0
23119,957,8,6,7,5.0,5.0,5,5,10.0,52,1,0,2016,10,9,British Grand Prix,2016-07-10,12:00:00,raikkonen,7,RAI,Kimi,Räikkönen,1979-10-17,Finnish,ferrari,Ferrari,Italian,Kimi Räikkönen,2016,0.0
23120,957,815,10,11,10.0,6.0,6,6,8.0,52,1,0,2016,10,9,British Grand Prix,2016-07-10,12:00:00,perez,11,PER,Sergio,Pérez,1990-01-26,Mexican,force_india,Force India,Indian,Sergio Pérez,2016,4.0
23121,957,807,10,27,8.0,7.0,7,7,6.0,52,1,0,2016,10,9,British Grand Prix,2016-07-10,12:00:00,hulkenberg,27,HUL,Nico,Hülkenberg,1987-08-19,German,force_india,Force India,Indian,Nico Hülkenberg,2016,1.0
23122,957,832,5,55,7.0,8.0,8,8,4.0,52,1,0,2016,10,9,British Grand Prix,2016-07-10,12:00:00,sainz,55,SAI,Carlos,Sainz,1994-09-01,Spanish,toro_rosso,Toro Rosso,Italian,Carlos Sainz,2016,-1.0
23123,957,20,6,5,11.0,9.0,9,9,2.0,52,1,0,2016,10,9,British Grand Prix,2016-07-10,12:00:00,vettel,5,VET,Sebastian,Vettel,1987-07-03,German,ferrari,Ferrari,Italian,Sebastian Vettel,2016,2.0
23124,957,826,5,26,15.0,10.0,10,10,1.0,52,1,0,2016,10,9,British Grand Prix,2016-07-10,12:00:00,kvyat,26,KVY,Daniil,Kvyat,1994-04-26,Russian,toro_rosso,Toro Rosso,Italian,Daniil Kvyat,2016,5.0
23125,957,13,3,19,12.0,11.0,11,11,0.0,51,11,0,2016,10,9,British Grand Prix,2016-07-10,12:00:00,massa,19,MAS,Felipe,Massa,1981-04-25,Brazilian,williams,Williams,British,Felipe Massa,2016,1.0
23126,957,18,1,22,17.0,12.0,12,12,0.0,51,11,0,2016,10,9,British Grand Prix,2016-07-10,12:00:00,button,22,BUT,Jenson,Button,1980-01-19,British,mclaren,McLaren,British,Jenson Button,2016,5.0
23127,957,4,1,14,9.0,13.0,13,13,0.0,51,11,0,2016,10,9,British Grand Prix,2016-07-10,12:00:00,alonso,14,ALO,Fernando,Alonso,1981-07-29,Spanish,mclaren,McLaren,British,Fernando Alonso,2016,-4.0
23128,957,822,3,77,6.0,14.0,14,14,0.0,51,11,0,2016,10,9,British Grand Prix,2016-07-10,12:00:00,bottas,77,BOT,Valtteri,Bottas,1989-08-28,Finnish,williams,Williams,British,Valtteri Bottas,2016,-8.0
23129,957,831,15,12,21.0,15.0,15,15,0.0,51,11,0,2016,10,9,British Grand Prix,2016-07-10,12:00:00,nasr,12,NAS,Felipe,Nasr,1992-08-21,Brazilian,sauber,Sauber,Swiss,Felipe Nasr,2016,6.0
23130,957,821,210,21,14.0,16.0,16,16,0.0,51,11,0,2016,10,9,British Grand Prix,2016-07-10,12:00:00,gutierrez,21,GUT,Esteban,Gutiérrez,1991-08-05,Mexican,haas,Haas F1 Team,American,Esteban Gutiérrez,2016,-2.0
23131,957,825,4,20,16.0,17.0,17,17,0.0,49,6,0,2016,10,9,British Grand Prix,2016-07-10,12:00:00,kevin_magnussen,20,MAG,Kevin,Magnussen,1992-10-05,Danish,renault,Renault,French,Kevin Magnussen,2016,-1.0
23132,957,835,4,30,18.0,0.0,R,18,0.0,37,6,1,2016,10,9,British Grand Prix,2016-07-10,12:00:00,jolyon_palmer,30,PAL,Jolyon,Palmer,1991-01-20,British,renault,Renault,French,Jolyon Palmer,2016,18.0
23133,957,837,209,88,19.0,0.0,R,19,0.0,24,20,1,2016,10,9,British Grand Prix,2016-07-10,12:00:00,haryanto,88,HAR,Rio,Haryanto,1993-01-22,Indonesian,manor,Manor Marussia,British,Rio Haryanto,2016,19.0
23134,957,154,210,8,13.0,0.0,R,20,0.0,17,31,1,2016,10,9,British Grand Prix,2016-07-10,12:00:00,grosjean,8,GRO,Romain,Grosjean,1986-04-17,French,haas,Haas F1 Team,American,Romain Grosjean,2016,13.0
23135,957,828,15,9,22.0,0.0,R,21,0.0,11,131,1,2016,10,9,British Grand Prix,2016-07-10,12:00:00,ericsson,9,ERI,Marcus,Ericsson,1990-09-02,Swedish,sauber,Sauber,Swiss,Marcus Ericsson,2016,22.0
23136,957,836,209,94,20.0,0.0,R,22,0.0,6,20,1,2016,10,9,British Grand Prix,2016-07-10,12:00:00,wehrlein,94,WEH,Pascal,Wehrlein,1994-10-18,German,manor,Manor Marussia,British,Pascal Wehrlein,2016,20.0
23137,958,1,131,44,2.0,1.0,1,1,25.0,70,1,0,2016,11,11,Hungarian Grand Prix,2016-07-24,12:00:00,hamilton,44,HAM,Lewis,Hamilton,1985-01-07,British,mercedes,Mercedes,German,Lewis Hamilton,2016,1.0
23138,958,3,131,6,1.0,2.0,2,2,18.0,70,1,0,2016,11,11,Hungarian Grand Prix,2016-07-24,12:00:00,rosberg,6,ROS,Nico,Rosberg,1985-06-27,German,mercedes,Mercedes,German,Nico Rosberg,2016,-1.0
23139,958,817,9,3,3.0,3.0,3,3,15.0,70,1,0,2016,11,11,Hungarian Grand Prix,2016-07-24,12:00:00,ricciardo,3,RIC,Daniel,Ricciardo,1989-07-01,Australian,red_bull,Red Bull,Austrian,Daniel Ricciardo,2016,0.0
23140,958,20,6,5,5.0,4.0,4,4,12.0,70,1,0,2016,11,11,Hungarian Grand Prix,2016-07-24,12:00:00,vettel,5,VET,Sebastian,Vettel,1987-07-03,German,ferrari,Ferrari,Italian,Sebastian Vettel,2016,1.0
23141,958,830,9,33,4.0,5.0,5,5,10.0,70,1,0,2016,11,11,Hungarian Grand Prix,2016-07-24,12:00:00,max_verstappen,33,VER,Max,Verstappen,1997-09-30,Dutch,red_bull,Red Bull,Austrian,Max Verstappen,2016,-1.0
23142,958,8,6,7,14.0,6.0,6,6,8.0,70,1,0,2016,11,11,Hungarian Grand Prix,2016-07-24,12:00:00,raikkonen,7,RAI,Kimi,Räikkönen,1979-10-17,Finnish,ferrari,Ferrari,Italian,Kimi Räikkönen,2016,8.0
23143,958,4,1,14,7.0,7.0,7,7,6.0,69,11,0,2016,11,11,Hungarian Grand Prix,2016-07-24,12:00:00,alonso,14,ALO,Fernando,Alonso,1981-07-29,Spanish,mclaren,McLaren,British,Fernando Alonso,2016,0.0
23144,958,832,5,55,6.0,8.0,8,8,4.0,69,11,0,2016,11,11,Hungarian Grand Prix,2016-07-24,12:00:00,sainz,55,SAI,Carlos,Sainz,1994-09-01,Spanish,toro_rosso,Toro Rosso,Italian,Carlos Sainz,2016,-2.0
23145,958,822,3,77,10.0,9.0,9,9,2.0,69,11,0,2016,11,11,Hungarian Grand Prix,2016-07-24,12:00:00,bottas,77,BOT,Valtteri,Bottas,1989-08-28,Finnish,williams,Williams,British,Valtteri Bottas,2016,1.0
23146,958,807,10,27,9.0,10.0,10,10,1.0,69,11,0,2016,11,11,Hungarian Grand Prix,2016-07-24,12:00:00,hulkenberg,27,HUL,Nico,Hülkenberg,1987-08-19,German,force_india,Force India,Indian,Nico Hülkenberg,2016,-1.0
23147,958,815,10,11,13.0,11.0,11,11,0.0,69,11,0,2016,11,11,Hungarian Grand Prix,2016-07-24,12:00:00,perez,11,PER,Sergio,Pérez,1990-01-26,Mexican,force_india,Force India,Indian,Sergio Pérez,2016,2.0
23148,958,835,4,30,17.0,12.0,12,12,0.0,69,11,0,2016,11,11,Hungarian Grand Prix,2016-07-24,12:00:00,jolyon_palmer,30,PAL,Jolyon,Palmer,1991-01-20,British,renault,Renault,French,Jolyon Palmer,2016,5.0
23149,958,821,210,21,15.0,13.0,13,13,0.0,69,11,0,2016,11,11,Hungarian Grand Prix,2016-07-24,12:00:00,gutierrez,21,GUT,Esteban,Gutiérrez,1991-08-05,Mexican,haas,Haas F1 Team,American,Esteban Gutiérrez,2016,2.0
23150,958,154,210,8,11.0,14.0,14,14,0.0,69,11,0,2016,11,11,Hungarian Grand Prix,2016-07-24,12:00:00,grosjean,8,GRO,Romain,Grosjean,1986-04-17,French,haas,Haas F1 Team,American,Romain Grosjean,2016,-3.0
23151,958,825,4,20,19.0,15.0,15,15,0.0,69,11,0,2016,11,11,Hungarian Grand Prix,2016-07-24,12:00:00,kevin_magnussen,20,MAG,Kevin,Magnussen,1992-10-05,Danish,renault,Renault,French,Kevin Magnussen,2016,4.0
23152,958,826,5,26,12.0,16.0,16,16,0.0,69,11,0,2016,11,11,Hungarian Grand Prix,2016-07-24,12:00:00,kvyat,26,KVY,Daniil,Kvyat,1994-04-26,Russian,toro_rosso,Toro Rosso,Italian,Daniil Kvyat,2016,-4.0
23153,958,831,15,12,16.0,17.0,17,17,0.0,69,11,0,2016,11,11,Hungarian Grand Prix,2016-07-24,12:00:00,nasr,12,NAS,Felipe,Nasr,1992-08-21,Brazilian,sauber,Sauber,Swiss,Felipe Nasr,2016,-1.0
23154,958,13,3,19,18.0,18.0,18,18,0.0,68,12,0,2016,11,11,Hungarian Grand Prix,2016-07-24,12:00:00,massa,19,MAS,Felipe,Massa,1981-04-25,Brazilian,williams,Williams,British,Felipe Massa,2016,0.0
23155,958,836,209,94,20.0,19.0,19,19,0.0,68,12,0,2016,11,11,Hungarian Grand Prix,2016-07-24,12:00:00,wehrlein,94,WEH,Pascal,Wehrlein,1994-10-18,German,manor,Manor Marussia,British,Pascal Wehrlein,2016,1.0
23156,958,828,15,9,22.0,20.0,20,20,0.0,68,12,0,2016,11,11,Hungarian Grand Prix,2016-07-24,12:00:00,ericsson,9,ERI,Marcus,Ericsson,1990-09-02,Swedish,sauber,Sauber,Swiss,Marcus Ericsson,2016,2.0
23157,958,837,209,88,21.0,21.0,21,21,0.0,68,12,0,2016,11,11,Hungarian Grand Prix,2016-07-24,12:00:00,haryanto,88,HAR,Rio,Haryanto,1993-01-22,Indonesian,manor,Manor Marussia,British,Rio Haryanto,2016,0.0
23158,958,18,1,22,8.0,0.0,R,22,0.0,60,44,1,2016,11,11,Hungarian Grand Prix,2016-07-24,12:00:00,button,22,BUT,Jenson,Button,1980-01-19,British,mclaren,McLaren,British,Jenson Button,2016,8.0
23159,959,1,131,44,2.0,1.0,1,1,25.0,67,1,0,2016,12,10,German Grand Prix,2016-07-31,12:00:00,hamilton,44,HAM,Lewis,Hamilton,1985-01-07,British,mercedes,Mercedes,German,Lewis Hamilton,2016,1.0
23160,959,817,9,3,3.0,2.0,2,2,18.0,67,1,0,2016,12,10,German Grand Prix,2016-07-31,12:00:00,ricciardo,3,RIC,Daniel,Ricciardo,1989-07-01,Australian,red_bull,Red Bull,Austrian,Daniel Ricciardo,2016,1.0
23161,959,830,9,33,4.0,3.0,3,3,15.0,67,1,0,2016,12,10,German Grand Prix,2016-07-31,12:00:00,max_verstappen,33,VER,Max,Verstappen,1997-09-30,Dutch,red_bull,Red Bull,Austrian,Max Verstappen,2016,1.0
23162,959,3,131,6,1.0,4.0,4,4,12.0,67,1,0,2016,12,10,German Grand Prix,2016-07-31,12:00:00,rosberg,6,ROS,Nico,Rosberg,1985-06-27,German,mercedes,Mercedes,German,Nico Rosberg,2016,-3.0
23163,959,20,6,5,6.0,5.0,5,5,10.0,67,1,0,2016,12,10,German Grand Prix,2016-07-31,12:00:00,vettel,5,VET,Sebastian,Vettel,1987-07-03,German,ferrari,Ferrari,Italian,Sebastian Vettel,2016,1.0
23164,959,8,6,7,5.0,6.0,6,6,8.0,67,1,0,2016,12,10,German Grand Prix,2016-07-31,12:00:00,raikkonen,7,RAI,Kimi,Räikkönen,1979-10-17,Finnish,ferrari,Ferrari,Italian,Kimi Räikkönen,2016,-1.0
23165,959,807,10,27,8.0,7.0,7,7,6.0,67,1,0,2016,12,10,German Grand Prix,2016-07-31,12:00:00,hulkenberg,27,HUL,Nico,Hülkenberg,1987-08-19,German,force_india,Force India,Indian,Nico Hülkenberg,2016,1.0
23166,959,18,1,22,12.0,8.0,8,8,4.0,66,11,0,2016,12,10,German Grand Prix,2016-07-31,12:00:00,button,22,BUT,Jenson,Button,1980-01-19,British,mclaren,McLaren,British,Jenson Button,2016,4.0
23167,959,822,3,77,7.0,9.0,9,9,2.0,66,11,0,2016,12,10,German Grand Prix,2016-07-31,12:00:00,bottas,77,BOT,Valtteri,Bottas,1989-08-28,Finnish,williams,Williams,British,Valtteri Bottas,2016,-2.0
23168,959,815,10,11,9.0,10.0,10,10,1.0,66,11,0,2016,12,10,German Grand Prix,2016-07-31,12:00:00,perez,11,PER,Sergio,Pérez,1990-01-26,Mexican,force_india,Force India,Indian,Sergio Pérez,2016,-1.0
23169,959,821,210,21,11.0,11.0,11,11,0.0,66,11,0,2016,12,10,German Grand Prix,2016-07-31,12:00:00,gutierrez,21,GUT,Esteban,Gutiérrez,1991-08-05,Mexican,haas,Haas F1 Team,American,Esteban Gutiérrez,2016,0.0
23170,959,4,1,14,13.0,12.0,12,12,0.0,66,11,0,2016,12,10,German Grand Prix,2016-07-31,12:00:00,alonso,14,ALO,Fernando,Alonso,1981-07-29,Spanish,mclaren,McLaren,British,Fernando Alonso,2016,1.0
23171,959,154,210,8,20.0,13.0,13,13,0.0,66,11,0,2016,12,10,German Grand Prix,2016-07-31,12:00:00,grosjean,8,GRO,Romain,Grosjean,1986-04-17,French,haas,Haas F1 Team,American,Romain Grosjean,2016,7.0
23172,959,832,5,55,15.0,14.0,14,14,0.0,66,11,0,2016,12,10,German Grand Prix,2016-07-31,12:00:00,sainz,55,SAI,Carlos,Sainz,1994-09-01,Spanish,toro_rosso,Toro Rosso,Italian,Carlos Sainz,2016,1.0
23173,959,826,5,26,18.0,15.0,15,15,0.0,66,11,0,2016,12,10,German Grand Prix,2016-07-31,12:00:00,kvyat,26,KVY,Daniil,Kvyat,1994-04-26,Russian,toro_rosso,Toro Rosso,Italian,Daniil Kvyat,2016,3.0
23174,959,825,4,20,16.0,16.0,16,16,0.0,66,11,0,2016,12,10,German Grand Prix,2016-07-31,12:00:00,kevin_magnussen,20,MAG,Kevin,Magnussen,1992-10-05,Danish,renault,Renault,French,Kevin Magnussen,2016,0.0
23175,959,836,209,94,17.0,17.0,17,17,0.0,65,12,0,2016,12,10,German Grand Prix,2016-07-31,12:00:00,wehrlein,94,WEH,Pascal,Wehrlein,1994-10-18,German,manor,Manor Marussia,British,Pascal Wehrlein,2016,0.0
23176,959,828,15,9,22.0,18.0,18,18,0.0,65,12,0,2016,12,10,German Grand Prix,2016-07-31,12:00:00,ericsson,9,ERI,Marcus,Ericsson,1990-09-02,Swedish,sauber,Sauber,Swiss,Marcus Ericsson,2016,4.0
23177,959,835,4,30,14.0,19.0,19,19,0.0,65,12,0,2016,12,10,German Grand Prix,2016-07-31,12:00:00,jolyon_palmer,30,PAL,Jolyon,Palmer,1991-01-20,British,renault,Renault,French,Jolyon Palmer,2016,-5.0
23178,959,837,209,88,19.0,20.0,20,20,0.0,65,12,0,2016,12,10,German Grand Prix,2016-07-31,12:00:00,haryanto,88,HAR,Rio,Haryanto,1993-01-22,Indonesian,manor,Manor Marussia,British,Rio Haryanto,2016,-1.0
23179,959,831,15,12,21.0,0.0,R,21,0.0,57,131,1,2016,12,10,German Grand Prix,2016-07-31,12:00:00,nasr,12,NAS,Felipe,Nasr,1992-08-21,Brazilian,sauber,Sauber,Swiss,Felipe Nasr,2016,21.0
23180,959,13,3,19,10.0,0.0,R,22,0.0,36,22,1,2016,12,10,German Grand Prix,2016-07-31,12:00:00,massa,19,MAS,Felipe,Massa,1981-04-25,Brazilian,williams,Williams,British,Felipe Massa,2016,10.0
23181,960,3,131,6,1.0,1.0,1,1,25.0,44,1,0,2016,13,13,Belgian Grand Prix,2016-08-28,12:00:00,rosberg,6,ROS,Nico,Rosberg,1985-06-27,German,mercedes,Mercedes,German,Nico Rosberg,2016,0.0
23182,960,817,9,3,5.0,2.0,2,2,18.0,44,1,0,2016,13,13,Belgian Grand Prix,2016-08-28,12:00:00,ricciardo,3,RIC,Daniel,Ricciardo,1989-07-01,Australian,red_bull,Red Bull,Austrian,Daniel Ricciardo,2016,3.0
23183,960,1,131,44,21.0,3.0,3,3,15.0,44,1,0,2016,13,13,Belgian Grand Prix,2016-08-28,12:00:00,hamilton,44,HAM,Lewis,Hamilton,1985-01-07,British,mercedes,Mercedes,German,Lewis Hamilton,2016,18.0
23184,960,807,10,27,7.0,4.0,4,4,12.0,44,1,0,2016,13,13,Belgian Grand Prix,2016-08-28,12:00:00,hulkenberg,27,HUL,Nico,Hülkenberg,1987-08-19,German,force_india,Force India,Indian,Nico Hülkenberg,2016,3.0
23185,960,815,10,11,6.0,5.0,5,5,10.0,44,1,0,2016,13,13,Belgian Grand Prix,2016-08-28,12:00:00,perez,11,PER,Sergio,Pérez,1990-01-26,Mexican,force_india,Force India,Indian,Sergio Pérez,2016,1.0
23186,960,20,6,5,4.0,6.0,6,6,8.0,44,1,0,2016,13,13,Belgian Grand Prix,2016-08-28,12:00:00,vettel,5,VET,Sebastian,Vettel,1987-07-03,German,ferrari,Ferrari,Italian,Sebastian Vettel,2016,-2.0
23187,960,4,1,14,22.0,7.0,7,7,6.0,44,1,0,2016,13,13,Belgian Grand Prix,2016-08-28,12:00:00,alonso,14,ALO,Fernando,Alonso,1981-07-29,Spanish,mclaren,McLaren,British,Fernando Alonso,2016,15.0
23188,960,822,3,77,8.0,8.0,8,8,4.0,44,1,0,2016,13,13,Belgian Grand Prix,2016-08-28,12:00:00,bottas,77,BOT,Valtteri,Bottas,1989-08-28,Finnish,williams,Williams,British,Valtteri Bottas,2016,0.0
23189,960,8,6,7,3.0,9.0,9,9,2.0,44,1,0,2016,13,13,Belgian Grand Prix,2016-08-28,12:00:00,raikkonen,7,RAI,Kimi,Räikkönen,1979-10-17,Finnish,ferrari,Ferrari,Italian,Kimi Räikkönen,2016,-6.0
23190,960,13,3,19,10.0,10.0,10,10,1.0,44,1,0,2016,13,13,Belgian Grand Prix,2016-08-28,12:00:00,massa,19,MAS,Felipe,Massa,1981-04-25,Brazilian,williams,Williams,British,Felipe Massa,2016,0.0
23191,960,830,9,33,2.0,11.0,11,11,0.0,44,1,0,2016,13,13,Belgian Grand Prix,2016-08-28,12:00:00,max_verstappen,33,VER,Max,Verstappen,1997-09-30,Dutch,red_bull,Red Bull,Austrian,Max Verstappen,2016,-9.0
23192,960,821,210,21,18.0,12.0,12,12,0.0,44,1,0,2016,13,13,Belgian Grand Prix,2016-08-28,12:00:00,gutierrez,21,GUT,Esteban,Gutiérrez,1991-08-05,Mexican,haas,Haas F1 Team,American,Esteban Gutiérrez,2016,6.0
23193,960,154,210,8,11.0,13.0,13,13,0.0,44,1,0,2016,13,13,Belgian Grand Prix,2016-08-28,12:00:00,grosjean,8,GRO,Romain,Grosjean,1986-04-17,French,haas,Haas F1 Team,American,Romain Grosjean,2016,-2.0
23194,960,826,5,26,19.0,14.0,14,14,0.0,44,1,0,2016,13,13,Belgian Grand Prix,2016-08-28,12:00:00,kvyat,26,KVY,Daniil,Kvyat,1994-04-26,Russian,toro_rosso,Toro Rosso,Italian,Daniil Kvyat,2016,5.0
23195,960,835,4,30,13.0,15.0,15,15,0.0,44,1,0,2016,13,13,Belgian Grand Prix,2016-08-28,12:00:00,jolyon_palmer,30,PAL,Jolyon,Palmer,1991-01-20,British,renault,Renault,French,Jolyon Palmer,2016,-2.0
23196,960,839,209,31,17.0,16.0,16,16,0.0,43,11,0,2016,13,13,Belgian Grand Prix,2016-08-28,12:00:00,ocon,31,OCO,Esteban,Ocon,1996-09-17,French,manor,Manor Marussia,British,Esteban Ocon,2016,1.0
23197,960,831,15,12,16.0,17.0,17,17,0.0,43,11,0,2016,13,13,Belgian Grand Prix,2016-08-28,12:00:00,nasr,12,NAS,Felipe,Nasr,1992-08-21,Brazilian,sauber,Sauber,Swiss,Felipe Nasr,2016,-1.0
23198,960,825,4,20,12.0,0.0,R,18,0.0,5,3,1,2016,13,13,Belgian Grand Prix,2016-08-28,12:00:00,kevin_magnussen,20,MAG,Kevin,Magnussen,1992-10-05,Danish,renault,Renault,French,Kevin Magnussen,2016,12.0
23199,960,828,15,9,20.0,0.0,R,19,0.0,3,6,1,2016,13,13,Belgian Grand Prix,2016-08-28,12:00:00,ericsson,9,ERI,Marcus,Ericsson,1990-09-02,Swedish,sauber,Sauber,Swiss,Marcus Ericsson,2016,20.0
23200,960,832,5,55,14.0,0.0,R,20,0.0,1,29,1,2016,13,13,Belgian Grand Prix,2016-08-28,12:00:00,sainz,55,SAI,Carlos,Sainz,1994-09-01,Spanish,toro_rosso,Toro Rosso,Italian,Carlos Sainz,2016,14.0
23201,960,18,1,22,9.0,0.0,R,21,0.0,1,130,1,2016,13,13,Belgian Grand Prix,2016-08-28,12:00:00,button,22,BUT,Jenson,Button,1980-01-19,British,mclaren,McLaren,British,Jenson Button,2016,9.0
23202,960,836,209,94,15.0,0.0,R,22,0.0,0,130,1,2016,13,13,Belgian Grand Prix,2016-08-28,12:00:00,wehrlein,94,WEH,Pascal,Wehrlein,1994-10-18,German,manor,Manor Marussia,British,Pascal Wehrlein,2016,15.0
23203,961,3,131,6,2.0,1.0,1,1,25.0,53,1,0,2016,14,14,Italian Grand Prix,2016-09-04,12:00:00,rosberg,6,ROS,Nico,Rosberg,1985-06-27,German,mercedes,Mercedes,German,Nico Rosberg,2016,1.0
23204,961,1,131,44,1.0,2.0,2,2,18.0,53,1,0,2016,14,14,Italian Grand Prix,2016-09-04,12:00:00,hamilton,44,HAM,Lewis,Hamilton,1985-01-07,British,mercedes,Mercedes,German,Lewis Hamilton,2016,-1.0
23205,961,20,6,5,3.0,3.0,3,3,15.0,53,1,0,2016,14,14,Italian Grand Prix,2016-09-04,12:00:00,vettel,5,VET,Sebastian,Vettel,1987-07-03,German,ferrari,Ferrari,Italian,Sebastian Vettel,2016,0.0
23206,961,8,6,7,4.0,4.0,4,4,12.0,53,1,0,2016,14,14,Italian Grand Prix,2016-09-04,12:00:00,raikkonen,7,RAI,Kimi,Räikkönen,1979-10-17,Finnish,ferrari,Ferrari,Italian,Kimi Räikkönen,2016,0.0
23207,961,817,9,3,6.0,5.0,5,5,10.0,53,1,0,2016,14,14,Italian Grand Prix,2016-09-04,12:00:00,ricciardo,3,RIC,Daniel,Ricciardo,1989-07-01,Australian,red_bull,Red Bull,Austrian,Daniel Ricciardo,2016,1.0
23208,961,822,3,77,5.0,6.0,6,6,8.0,53,1,0,2016,14,14,Italian Grand Prix,2016-09-04,12:00:00,bottas,77,BOT,Valtteri,Bottas,1989-08-28,Finnish,williams,Williams,British,Valtteri Bottas,2016,-1.0
23209,961,830,9,33,7.0,7.0,7,7,6.0,53,1,0,2016,14,14,Italian Grand Prix,2016-09-04,12:00:00,max_verstappen,33,VER,Max,Verstappen,1997-09-30,Dutch,red_bull,Red Bull,Austrian,Max Verstappen,2016,0.0
23210,961,815,10,11,8.0,8.0,8,8,4.0,53,1,0,2016,14,14,Italian Grand Prix,2016-09-04,12:00:00,perez,11,PER,Sergio,Pérez,1990-01-26,Mexican,force_india,Force India,Indian,Sergio Pérez,2016,0.0
23211,961,13,3,19,11.0,9.0,9,9,2.0,53,1,0,2016,14,14,Italian Grand Prix,2016-09-04,12:00:00,massa,19,MAS,Felipe,Massa,1981-04-25,Brazilian,williams,Williams,British,Felipe Massa,2016,2.0
23212,961,807,10,27,9.0,10.0,10,10,1.0,53,1,0,2016,14,14,Italian Grand Prix,2016-09-04,12:00:00,hulkenberg,27,HUL,Nico,Hülkenberg,1987-08-19,German,force_india,Force India,Indian,Nico Hülkenberg,2016,-1.0
23213,961,154,210,8,17.0,11.0,11,11,0.0,52,11,0,2016,14,14,Italian Grand Prix,2016-09-04,12:00:00,grosjean,8,GRO,Romain,Grosjean,1986-04-17,French,haas,Haas F1 Team,American,Romain Grosjean,2016,6.0
23214,961,18,1,22,14.0,12.0,12,12,0.0,52,11,0,2016,14,14,Italian Grand Prix,2016-09-04,12:00:00,button,22,BUT,Jenson,Button,1980-01-19,British,mclaren,McLaren,British,Jenson Button,2016,2.0
23215,961,821,210,21,10.0,13.0,13,13,0.0,52,11,0,2016,14,14,Italian Grand Prix,2016-09-04,12:00:00,gutierrez,21,GUT,Esteban,Gutiérrez,1991-08-05,Mexican,haas,Haas F1 Team,American,Esteban Gutiérrez,2016,-3.0
23216,961,4,1,14,12.0,14.0,14,14,0.0,52,11,0,2016,14,14,Italian Grand Prix,2016-09-04,12:00:00,alonso,14,ALO,Fernando,Alonso,1981-07-29,Spanish,mclaren,McLaren,British,Fernando Alonso,2016,-2.0
23217,961,832,5,55,15.0,15.0,15,15,0.0,52,11,0,2016,14,14,Italian Grand Prix,2016-09-04,12:00:00,sainz,55,SAI,Carlos,Sainz,1994-09-01,Spanish,toro_rosso,Toro Rosso,Italian,Carlos Sainz,2016,0.0
23218,961,828,15,9,19.0,16.0,16,16,0.0,52,11,0,2016,14,14,Italian Grand Prix,2016-09-04,12:00:00,ericsson,9,ERI,Marcus,Ericsson,1990-09-02,Swedish,sauber,Sauber,Swiss,Marcus Ericsson,2016,3.0
23219,961,825,4,20,21.0,17.0,17,17,0.0,52,11,0,2016,14,14,Italian Grand Prix,2016-09-04,12:00:00,kevin_magnussen,20,MAG,Kevin,Magnussen,1992-10-05,Danish,renault,Renault,French,Kevin Magnussen,2016,4.0
23220,961,839,209,31,22.0,18.0,18,18,0.0,51,12,0,2016,14,14,Italian Grand Prix,2016-09-04,12:00:00,ocon,31,OCO,Esteban,Ocon,1996-09-17,French,manor,Manor Marussia,British,Esteban Ocon,2016,4.0
23221,961,826,5,26,16.0,0.0,R,19,0.0,36,84,1,2016,14,14,Italian Grand Prix,2016-09-04,12:00:00,kvyat,26,KVY,Daniil,Kvyat,1994-04-26,Russian,toro_rosso,Toro Rosso,Italian,Daniil Kvyat,2016,16.0
23222,961,836,209,94,13.0,0.0,R,20,0.0,26,44,1,2016,14,14,Italian Grand Prix,2016-09-04,12:00:00,wehrlein,94,WEH,Pascal,Wehrlein,1994-10-18,German,manor,Manor Marussia,British,Pascal Wehrlein,2016,13.0
23223,961,835,4,30,20.0,0.0,R,21,0.0,7,130,1,2016,14,14,Italian Grand Prix,2016-09-04,12:00:00,jolyon_palmer,30,PAL,Jolyon,Palmer,1991-01-20,British,renault,Renault,French,Jolyon Palmer,2016,20.0
23224,961,831,15,12,18.0,0.0,R,22,0.0,6,130,1,2016,14,14,Italian Grand Prix,2016-09-04,12:00:00,nasr,12,NAS,Felipe,Nasr,1992-08-21,Brazilian,sauber,Sauber,Swiss,Felipe Nasr,2016,18.0
23225,962,3,131,6,1.0,1.0,1,1,25.0,61,1,0,2016,15,15,Singapore Grand Prix,2016-09-18,12:00:00,rosberg,6,ROS,Nico,Rosberg,1985-06-27,German,mercedes,Mercedes,German,Nico Rosberg,2016,0.0
23226,962,817,9,3,2.0,2.0,2,2,18.0,61,1,0,2016,15,15,Singapore Grand Prix,2016-09-18,12:00:00,ricciardo,3,RIC,Daniel,Ricciardo,1989-07-01,Australian,red_bull,Red Bull,Austrian,Daniel Ricciardo,2016,0.0
23227,962,1,131,44,3.0,3.0,3,3,15.0,61,1,0,2016,15,15,Singapore Grand Prix,2016-09-18,12:00:00,hamilton,44,HAM,Lewis,Hamilton,1985-01-07,British,mercedes,Mercedes,German,Lewis Hamilton,2016,0.0
23228,962,8,6,7,5.0,4.0,4,4,12.0,61,1,0,2016,15,15,Singapore Grand Prix,2016-09-18,12:00:00,raikkonen,7,RAI,Kimi,Räikkönen,1979-10-17,Finnish,ferrari,Ferrari,Italian,Kimi Räikkönen,2016,1.0
23229,962,20,6,5,22.0,5.0,5,5,10.0,61,1,0,2016,15,15,Singapore Grand Prix,2016-09-18,12:00:00,vettel,5,VET,Sebastian,Vettel,1987-07-03,German,ferrari,Ferrari,Italian,Sebastian Vettel,2016,17.0
23230,962,830,9,33,4.0,6.0,6,6,8.0,61,1,0,2016,15,15,Singapore Grand Prix,2016-09-18,12:00:00,max_verstappen,33,VER,Max,Verstappen,1997-09-30,Dutch,red_bull,Red Bull,Austrian,Max Verstappen,2016,-2.0
23231,962,4,1,14,9.0,7.0,7,7,6.0,61,1,0,2016,15,15,Singapore Grand Prix,2016-09-18,12:00:00,alonso,14,ALO,Fernando,Alonso,1981-07-29,Spanish,mclaren,McLaren,British,Fernando Alonso,2016,2.0
23232,962,815,10,11,17.0,8.0,8,8,4.0,61,1,0,2016,15,15,Singapore Grand Prix,2016-09-18,12:00:00,perez,11,PER,Sergio,Pérez,1990-01-26,Mexican,force_india,Force India,Indian,Sergio Pérez,2016,9.0
23233,962,826,5,26,7.0,9.0,9,9,2.0,61,1,0,2016,15,15,Singapore Grand Prix,2016-09-18,12:00:00,kvyat,26,KVY,Daniil,Kvyat,1994-04-26,Russian,toro_rosso,Toro Rosso,Italian,Daniil Kvyat,2016,-2.0
23234,962,825,4,20,15.0,10.0,10,10,1.0,61,1,0,2016,15,15,Singapore Grand Prix,2016-09-18,12:00:00,kevin_magnussen,20,MAG,Kevin,Magnussen,1992-10-05,Danish,renault,Renault,French,Kevin Magnussen,2016,5.0
23235,962,821,210,21,13.0,11.0,11,11,0.0,60,11,0,2016,15,15,Singapore Grand Prix,2016-09-18,12:00:00,gutierrez,21,GUT,Esteban,Gutiérrez,1991-08-05,Mexican,haas,Haas F1 Team,American,Esteban Gutiérrez,2016,2.0
23236,962,13,3,19,11.0,12.0,12,12,0.0,60,11,0,2016,15,15,Singapore Grand Prix,2016-09-18,12:00:00,massa,19,MAS,Felipe,Massa,1981-04-25,Brazilian,williams,Williams,British,Felipe Massa,2016,-1.0
23237,962,831,15,12,16.0,13.0,13,13,0.0,60,11,0,2016,15,15,Singapore Grand Prix,2016-09-18,12:00:00,nasr,12,NAS,Felipe,Nasr,1992-08-21,Brazilian,sauber,Sauber,Swiss,Felipe Nasr,2016,3.0
23238,962,832,5,55,6.0,14.0,14,14,0.0,60,11,0,2016,15,15,Singapore Grand Prix,2016-09-18,12:00:00,sainz,55,SAI,Carlos,Sainz,1994-09-01,Spanish,toro_rosso,Toro Rosso,Italian,Carlos Sainz,2016,-8.0
23239,962,835,4,30,18.0,15.0,15,15,0.0,60,11,0,2016,15,15,Singapore Grand Prix,2016-09-18,12:00:00,jolyon_palmer,30,PAL,Jolyon,Palmer,1991-01-20,British,renault,Renault,French,Jolyon Palmer,2016,3.0
23240,962,836,209,94,19.0,16.0,16,16,0.0,60,11,0,2016,15,15,Singapore Grand Prix,2016-09-18,12:00:00,wehrlein,94,WEH,Pascal,Wehrlein,1994-10-18,German,manor,Manor Marussia,British,Pascal Wehrlein,2016,3.0
23241,962,828,15,9,14.0,17.0,17,17,0.0,60,11,0,2016,15,15,Singapore Grand Prix,2016-09-18,12:00:00,ericsson,9,ERI,Marcus,Ericsson,1990-09-02,Swedish,sauber,Sauber,Swiss,Marcus Ericsson,2016,-3.0
23242,962,839,209,31,21.0,18.0,18,18,0.0,59,12,0,2016,15,15,Singapore Grand Prix,2016-09-18,12:00:00,ocon,31,OCO,Esteban,Ocon,1996-09-17,French,manor,Manor Marussia,British,Esteban Ocon,2016,3.0
23243,962,18,1,22,12.0,0.0,R,19,0.0,43,23,1,2016,15,15,Singapore Grand Prix,2016-09-18,12:00:00,button,22,BUT,Jenson,Button,1980-01-19,British,mclaren,McLaren,British,Jenson Button,2016,12.0
23244,962,822,3,77,10.0,0.0,R,20,0.0,35,25,1,2016,15,15,Singapore Grand Prix,2016-09-18,12:00:00,bottas,77,BOT,Valtteri,Bottas,1989-08-28,Finnish,williams,Williams,British,Valtteri Bottas,2016,10.0
23245,962,807,10,27,8.0,0.0,R,21,0.0,0,4,1,2016,15,15,Singapore Grand Prix,2016-09-18,12:00:00,hulkenberg,27,HUL,Nico,Hülkenberg,1987-08-19,German,force_india,Force India,Indian,Nico Hülkenberg,2016,8.0
23246,962,154,210,8,20.0,0.0,W,22,0.0,0,54,1,2016,15,15,Singapore Grand Prix,2016-09-18,12:00:00,grosjean,8,GRO,Romain,Grosjean,1986-04-17,French,haas,Haas F1 Team,American,Romain Grosjean,2016,20.0
23247,963,817,9,3,4.0,1.0,1,1,25.0,56,1,0,2016,16,2,Malaysian Grand Prix,2016-10-02,07:00:00,ricciardo,3,RIC,Daniel,Ricciardo,1989-07-01,Australian,red_bull,Red Bull,Austrian,Daniel Ricciardo,2016,3.0
23248,963,830,9,33,3.0,2.0,2,2,18.0,56,1,0,2016,16,2,Malaysian Grand Prix,2016-10-02,07:00:00,max_verstappen,33,VER,Max,Verstappen,1997-09-30,Dutch,red_bull,Red Bull,Austrian,Max Verstappen,2016,1.0
23249,963,3,131,6,2.0,3.0,3,3,15.0,56,1,0,2016,16,2,Malaysian Grand Prix,2016-10-02,07:00:00,rosberg,6,ROS,Nico,Rosberg,1985-06-27,German,mercedes,Mercedes,German,Nico Rosberg,2016,-1.0
23250,963,8,6,7,6.0,4.0,4,4,12.0,56,1,0,2016,16,2,Malaysian Grand Prix,2016-10-02,07:00:00,raikkonen,7,RAI,Kimi,Räikkönen,1979-10-17,Finnish,ferrari,Ferrari,Italian,Kimi Räikkönen,2016,2.0
23251,963,822,3,77,11.0,5.0,5,5,10.0,56,1,0,2016,16,2,Malaysian Grand Prix,2016-10-02,07:00:00,bottas,77,BOT,Valtteri,Bottas,1989-08-28,Finnish,williams,Williams,British,Valtteri Bottas,2016,6.0
23252,963,815,10,11,7.0,6.0,6,6,8.0,56,1,0,2016,16,2,Malaysian Grand Prix,2016-10-02,07:00:00,perez,11,PER,Sergio,Pérez,1990-01-26,Mexican,force_india,Force India,Indian,Sergio Pérez,2016,1.0
23253,963,4,1,14,22.0,7.0,7,7,6.0,56,1,0,2016,16,2,Malaysian Grand Prix,2016-10-02,07:00:00,alonso,14,ALO,Fernando,Alonso,1981-07-29,Spanish,mclaren,McLaren,British,Fernando Alonso,2016,15.0
23254,963,807,10,27,8.0,8.0,8,8,4.0,56,1,0,2016,16,2,Malaysian Grand Prix,2016-10-02,07:00:00,hulkenberg,27,HUL,Nico,Hülkenberg,1987-08-19,German,force_india,Force India,Indian,Nico Hülkenberg,2016,0.0
23255,963,18,1,22,9.0,9.0,9,9,2.0,56,1,0,2016,16,2,Malaysian Grand Prix,2016-10-02,07:00:00,button,22,BUT,Jenson,Button,1980-01-19,British,mclaren,McLaren,British,Jenson Button,2016,0.0
23256,963,835,4,30,19.0,10.0,10,10,1.0,56,1,0,2016,16,2,Malaysian Grand Prix,2016-10-02,07:00:00,jolyon_palmer,30,PAL,Jolyon,Palmer,1991-01-20,British,renault,Renault,French,Jolyon Palmer,2016,9.0
23257,963,832,5,55,16.0,11.0,11,11,0.0,56,1,0,2016,16,2,Malaysian Grand Prix,2016-10-02,07:00:00,sainz,55,SAI,Carlos,Sainz,1994-09-01,Spanish,toro_rosso,Toro Rosso,Italian,Carlos Sainz,2016,5.0
23258,963,828,15,9,17.0,12.0,12,12,0.0,55,11,0,2016,16,2,Malaysian Grand Prix,2016-10-02,07:00:00,ericsson,9,ERI,Marcus,Ericsson,1990-09-02,Swedish,sauber,Sauber,Swiss,Marcus Ericsson,2016,5.0
23259,963,13,3,19,10.0,13.0,13,13,0.0,55,11,0,2016,16,2,Malaysian Grand Prix,2016-10-02,07:00:00,massa,19,MAS,Felipe,Massa,1981-04-25,Brazilian,williams,Williams,British,Felipe Massa,2016,-3.0
23260,963,826,5,26,15.0,14.0,14,14,0.0,55,11,0,2016,16,2,Malaysian Grand Prix,2016-10-02,07:00:00,kvyat,26,KVY,Daniil,Kvyat,1994-04-26,Russian,toro_rosso,Toro Rosso,Italian,Daniil Kvyat,2016,1.0
23261,963,836,209,94,21.0,15.0,15,15,0.0,55,11,0,2016,16,2,Malaysian Grand Prix,2016-10-02,07:00:00,wehrlein,94,WEH,Pascal,Wehrlein,1994-10-18,German,manor,Manor Marussia,British,Pascal Wehrlein,2016,6.0
23262,963,839,209,31,20.0,16.0,16,16,0.0,55,11,0,2016,16,2,Malaysian Grand Prix,2016-10-02,07:00:00,ocon,31,OCO,Esteban,Ocon,1996-09-17,French,manor,Manor Marussia,British,Esteban Ocon,2016,4.0
23263,963,831,15,12,18.0,0.0,R,17,0.0,46,23,1,2016,16,2,Malaysian Grand Prix,2016-10-02,07:00:00,nasr,12,NAS,Felipe,Nasr,1992-08-21,Brazilian,sauber,Sauber,Swiss,Felipe Nasr,2016,18.0
23264,963,1,131,44,1.0,0.0,R,18,0.0,40,5,1,2016,16,2,Malaysian Grand Prix,2016-10-02,07:00:00,hamilton,44,HAM,Lewis,Hamilton,1985-01-07,British,mercedes,Mercedes,German,Lewis Hamilton,2016,1.0
23265,963,821,210,21,13.0,0.0,R,19,0.0,39,61,1,2016,16,2,Malaysian Grand Prix,2016-10-02,07:00:00,gutierrez,21,GUT,Esteban,Gutiérrez,1991-08-05,Mexican,haas,Haas F1 Team,American,Esteban Gutiérrez,2016,13.0
23266,963,825,4,20,14.0,0.0,R,20,0.0,17,75,1,2016,16,2,Malaysian Grand Prix,2016-10-02,07:00:00,kevin_magnussen,20,MAG,Kevin,Magnussen,1992-10-05,Danish,renault,Renault,French,Kevin Magnussen,2016,14.0
23267,963,154,210,8,12.0,0.0,R,21,0.0,7,23,1,2016,16,2,Malaysian Grand Prix,2016-10-02,07:00:00,grosjean,8,GRO,Romain,Grosjean,1986-04-17,French,haas,Haas F1 Team,American,Romain Grosjean,2016,12.0
23268,963,20,6,5,5.0,0.0,R,22,0.0,0,4,1,2016,16,2,Malaysian Grand Prix,2016-10-02,07:00:00,vettel,5,VET,Sebastian,Vettel,1987-07-03,German,ferrari,Ferrari,Italian,Sebastian Vettel,2016,5.0
23269,964,3,131,6,1.0,1.0,1,1,25.0,53,1,0,2016,17,22,Japanese Grand Prix,2016-10-09,05:00:00,rosberg,6,ROS,Nico,Rosberg,1985-06-27,German,mercedes,Mercedes,German,Nico Rosberg,2016,0.0
23270,964,830,9,33,3.0,2.0,2,2,18.0,53,1,0,2016,17,22,Japanese Grand Prix,2016-10-09,05:00:00,max_verstappen,33,VER,Max,Verstappen,1997-09-30,Dutch,red_bull,Red Bull,Austrian,Max Verstappen,2016,1.0
23271,964,1,131,44,2.0,3.0,3,3,15.0,53,1,0,2016,17,22,Japanese Grand Prix,2016-10-09,05:00:00,hamilton,44,HAM,Lewis,Hamilton,1985-01-07,British,mercedes,Mercedes,German,Lewis Hamilton,2016,-1.0
23272,964,20,6,5,6.0,4.0,4,4,12.0,53,1,0,2016,17,22,Japanese Grand Prix,2016-10-09,05:00:00,vettel,5,VET,Sebastian,Vettel,1987-07-03,German,ferrari,Ferrari,Italian,Sebastian Vettel,2016,2.0
23273,964,8,6,7,8.0,5.0,5,5,10.0,53,1,0,2016,17,22,Japanese Grand Prix,2016-10-09,05:00:00,raikkonen,7,RAI,Kimi,Räikkönen,1979-10-17,Finnish,ferrari,Ferrari,Italian,Kimi Räikkönen,2016,3.0
23274,964,817,9,3,4.0,6.0,6,6,8.0,53,1,0,2016,17,22,Japanese Grand Prix,2016-10-09,05:00:00,ricciardo,3,RIC,Daniel,Ricciardo,1989-07-01,Australian,red_bull,Red Bull,Austrian,Daniel Ricciardo,2016,-2.0
23275,964,815,10,11,5.0,7.0,7,7,6.0,53,1,0,2016,17,22,Japanese Grand Prix,2016-10-09,05:00:00,perez,11,PER,Sergio,Pérez,1990-01-26,Mexican,force_india,Force India,Indian,Sergio Pérez,2016,-2.0
23276,964,807,10,27,9.0,8.0,8,8,4.0,53,1,0,2016,17,22,Japanese Grand Prix,2016-10-09,05:00:00,hulkenberg,27,HUL,Nico,Hülkenberg,1987-08-19,German,force_india,Force India,Indian,Nico Hülkenberg,2016,1.0
23277,964,13,3,19,12.0,9.0,9,9,2.0,53,1,0,2016,17,22,Japanese Grand Prix,2016-10-09,05:00:00,massa,19,MAS,Felipe,Massa,1981-04-25,Brazilian,williams,Williams,British,Felipe Massa,2016,3.0
23278,964,822,3,77,11.0,10.0,10,10,1.0,53,1,0,2016,17,22,Japanese Grand Prix,2016-10-09,05:00:00,bottas,77,BOT,Valtteri,Bottas,1989-08-28,Finnish,williams,Williams,British,Valtteri Bottas,2016,1.0
23279,964,154,210,8,7.0,11.0,11,11,0.0,53,1,0,2016,17,22,Japanese Grand Prix,2016-10-09,05:00:00,grosjean,8,GRO,Romain,Grosjean,1986-04-17,French,haas,Haas F1 Team,American,Romain Grosjean,2016,-4.0
23280,964,835,4,30,16.0,12.0,12,12,0.0,52,11,0,2016,17,22,Japanese Grand Prix,2016-10-09,05:00:00,jolyon_palmer,30,PAL,Jolyon,Palmer,1991-01-20,British,renault,Renault,French,Jolyon Palmer,2016,4.0
23281,964,826,5,26,13.0,13.0,13,13,0.0,52,11,0,2016,17,22,Japanese Grand Prix,2016-10-09,05:00:00,kvyat,26,KVY,Daniil,Kvyat,1994-04-26,Russian,toro_rosso,Toro Rosso,Italian,Daniil Kvyat,2016,0.0
23282,964,825,4,20,17.0,14.0,14,14,0.0,52,11,0,2016,17,22,Japanese Grand Prix,2016-10-09,05:00:00,kevin_magnussen,20,MAG,Kevin,Magnussen,1992-10-05,Danish,renault,Renault,French,Kevin Magnussen,2016,3.0
23283,964,828,15,9,18.0,15.0,15,15,0.0,52,11,0,2016,17,22,Japanese Grand Prix,2016-10-09,05:00:00,ericsson,9,ERI,Marcus,Ericsson,1990-09-02,Swedish,sauber,Sauber,Swiss,Marcus Ericsson,2016,3.0
23284,964,4,1,14,15.0,16.0,16,16,0.0,52,11,0,2016,17,22,Japanese Grand Prix,2016-10-09,05:00:00,alonso,14,ALO,Fernando,Alonso,1981-07-29,Spanish,mclaren,McLaren,British,Fernando Alonso,2016,-1.0
23285,964,832,5,55,14.0,17.0,17,17,0.0,52,11,0,2016,17,22,Japanese Grand Prix,2016-10-09,05:00:00,sainz,55,SAI,Carlos,Sainz,1994-09-01,Spanish,toro_rosso,Toro Rosso,Italian,Carlos Sainz,2016,-3.0
23286,964,18,1,22,22.0,18.0,18,18,0.0,52,11,0,2016,17,22,Japanese Grand Prix,2016-10-09,05:00:00,button,22,BUT,Jenson,Button,1980-01-19,British,mclaren,McLaren,British,Jenson Button,2016,4.0
23287,964,831,15,12,19.0,19.0,19,19,0.0,52,11,0,2016,17,22,Japanese Grand Prix,2016-10-09,05:00:00,nasr,12,NAS,Felipe,Nasr,1992-08-21,Brazilian,sauber,Sauber,Swiss,Felipe Nasr,2016,0.0
23288,964,821,210,21,10.0,20.0,20,20,0.0,52,11,0,2016,17,22,Japanese Grand Prix,2016-10-09,05:00:00,gutierrez,21,GUT,Esteban,Gutiérrez,1991-08-05,Mexican,haas,Haas F1 Team,American,Esteban Gutiérrez,2016,-10.0
23289,964,839,209,31,20.0,21.0,21,21,0.0,52,11,0,2016,17,22,Japanese Grand Prix,2016-10-09,05:00:00,ocon,31,OCO,Esteban,Ocon,1996-09-17,French,manor,Manor Marussia,British,Esteban Ocon,2016,-1.0
23290,964,836,209,94,21.0,22.0,22,22,0.0,52,11,0,2016,17,22,Japanese Grand Prix,2016-10-09,05:00:00,wehrlein,94,WEH,Pascal,Wehrlein,1994-10-18,German,manor,Manor Marussia,British,Pascal Wehrlein,2016,-1.0
23291,965,1,131,44,1.0,1.0,1,1,25.0,56,1,0,2016,18,69,United States Grand Prix,2016-10-23,19:00:00,hamilton,44,HAM,Lewis,Hamilton,1985-01-07,British,mercedes,Mercedes,German,Lewis Hamilton,2016,0.0
23292,965,3,131,6,2.0,2.0,2,2,18.0,56,1,0,2016,18,69,United States Grand Prix,2016-10-23,19:00:00,rosberg,6,ROS,Nico,Rosberg,1985-06-27,German,mercedes,Mercedes,German,Nico Rosberg,2016,0.0
23293,965,817,9,3,3.0,3.0,3,3,15.0,56,1,0,2016,18,69,United States Grand Prix,2016-10-23,19:00:00,ricciardo,3,RIC,Daniel,Ricciardo,1989-07-01,Australian,red_bull,Red Bull,Austrian,Daniel Ricciardo,2016,0.0
23294,965,20,6,5,6.0,4.0,4,4,12.0,56,1,0,2016,18,69,United States Grand Prix,2016-10-23,19:00:00,vettel,5,VET,Sebastian,Vettel,1987-07-03,German,ferrari,Ferrari,Italian,Sebastian Vettel,2016,2.0
23295,965,4,1,14,12.0,5.0,5,5,10.0,56,1,0,2016,18,69,United States Grand Prix,2016-10-23,19:00:00,alonso,14,ALO,Fernando,Alonso,1981-07-29,Spanish,mclaren,McLaren,British,Fernando Alonso,2016,7.0
23296,965,832,5,55,10.0,6.0,6,6,8.0,56,1,0,2016,18,69,United States Grand Prix,2016-10-23,19:00:00,sainz,55,SAI,Carlos,Sainz,1994-09-01,Spanish,toro_rosso,Toro Rosso,Italian,Carlos Sainz,2016,4.0
23297,965,13,3,19,9.0,7.0,7,7,6.0,55,11,0,2016,18,69,United States Grand Prix,2016-10-23,19:00:00,massa,19,MAS,Felipe,Massa,1981-04-25,Brazilian,williams,Williams,British,Felipe Massa,2016,2.0
23298,965,815,10,11,11.0,8.0,8,8,4.0,55,11,0,2016,18,69,United States Grand Prix,2016-10-23,19:00:00,perez,11,PER,Sergio,Pérez,1990-01-26,Mexican,force_india,Force India,Indian,Sergio Pérez,2016,3.0
23299,965,18,1,22,19.0,9.0,9,9,2.0,55,11,0,2016,18,69,United States Grand Prix,2016-10-23,19:00:00,button,22,BUT,Jenson,Button,1980-01-19,British,mclaren,McLaren,British,Jenson Button,2016,10.0
23300,965,154,210,8,17.0,10.0,10,10,1.0,55,11,0,2016,18,69,United States Grand Prix,2016-10-23,19:00:00,grosjean,8,GRO,Romain,Grosjean,1986-04-17,French,haas,Haas F1 Team,American,Romain Grosjean,2016,7.0
23301,965,826,5,26,13.0,11.0,11,11,0.0,55,11,0,2016,18,69,United States Grand Prix,2016-10-23,19:00:00,kvyat,26,KVY,Daniil,Kvyat,1994-04-26,Russian,toro_rosso,Toro Rosso,Italian,Daniil Kvyat,2016,2.0
23302,965,825,4,20,18.0,12.0,12,12,0.0,55,11,0,2016,18,69,United States Grand Prix,2016-10-23,19:00:00,kevin_magnussen,20,MAG,Kevin,Magnussen,1992-10-05,Danish,renault,Renault,French,Kevin Magnussen,2016,6.0
23303,965,835,4,30,15.0,13.0,13,13,0.0,55,11,0,2016,18,69,United States Grand Prix,2016-10-23,19:00:00,jolyon_palmer,30,PAL,Jolyon,Palmer,1991-01-20,British,renault,Renault,French,Jolyon Palmer,2016,2.0
23304,965,828,15,9,16.0,14.0,14,14,0.0,55,11,0,2016,18,69,United States Grand Prix,2016-10-23,19:00:00,ericsson,9,ERI,Marcus,Ericsson,1990-09-02,Swedish,sauber,Sauber,Swiss,Marcus Ericsson,2016,2.0
23305,965,831,15,12,21.0,15.0,15,15,0.0,55,11,0,2016,18,69,United States Grand Prix,2016-10-23,19:00:00,nasr,12,NAS,Felipe,Nasr,1992-08-21,Brazilian,sauber,Sauber,Swiss,Felipe Nasr,2016,6.0
23306,965,822,3,77,8.0,16.0,16,16,0.0,55,11,0,2016,18,69,United States Grand Prix,2016-10-23,19:00:00,bottas,77,BOT,Valtteri,Bottas,1989-08-28,Finnish,williams,Williams,British,Valtteri Bottas,2016,-8.0
23307,965,836,209,94,20.0,17.0,17,17,0.0,55,11,0,2016,18,69,United States Grand Prix,2016-10-23,19:00:00,wehrlein,94,WEH,Pascal,Wehrlein,1994-10-18,German,manor,Manor Marussia,British,Pascal Wehrlein,2016,3.0
23308,965,839,209,31,22.0,18.0,18,18,0.0,54,12,0,2016,18,69,United States Grand Prix,2016-10-23,19:00:00,ocon,31,OCO,Esteban,Ocon,1996-09-17,French,manor,Manor Marussia,British,Esteban Ocon,2016,4.0
23309,965,8,6,7,5.0,0.0,R,19,0.0,38,36,1,2016,18,69,United States Grand Prix,2016-10-23,19:00:00,raikkonen,7,RAI,Kimi,Räikkönen,1979-10-17,Finnish,ferrari,Ferrari,Italian,Kimi Räikkönen,2016,5.0
23310,965,830,9,33,4.0,0.0,R,20,0.0,28,6,1,2016,18,69,United States Grand Prix,2016-10-23,19:00:00,max_verstappen,33,VER,Max,Verstappen,1997-09-30,Dutch,red_bull,Red Bull,Austrian,Max Verstappen,2016,4.0
23311,965,821,210,21,14.0,0.0,R,21,0.0,16,23,1,2016,18,69,United States Grand Prix,2016-10-23,19:00:00,gutierrez,21,GUT,Esteban,Gutiérrez,1991-08-05,Mexican,haas,Haas F1 Team,American,Esteban Gutiérrez,2016,14.0
23312,965,807,10,27,7.0,0.0,R,22,0.0,1,4,1,2016,18,69,United States Grand Prix,2016-10-23,19:00:00,hulkenberg,27,HUL,Nico,Hülkenberg,1987-08-19,German,force_india,Force India,Indian,Nico Hülkenberg,2016,7.0
23313,966,1,131,44,1.0,1.0,1,1,25.0,71,1,0,2016,19,32,Mexican Grand Prix,2016-10-30,19:00:00,hamilton,44,HAM,Lewis,Hamilton,1985-01-07,British,mercedes,Mercedes,German,Lewis Hamilton,2016,0.0
23314,966,3,131,6,2.0,2.0,2,2,18.0,71,1,0,2016,19,32,Mexican Grand Prix,2016-10-30,19:00:00,rosberg,6,ROS,Nico,Rosberg,1985-06-27,German,mercedes,Mercedes,German,Nico Rosberg,2016,0.0
23315,966,817,9,3,4.0,3.0,3,3,15.0,71,1,0,2016,19,32,Mexican Grand Prix,2016-10-30,19:00:00,ricciardo,3,RIC,Daniel,Ricciardo,1989-07-01,Australian,red_bull,Red Bull,Austrian,Daniel Ricciardo,2016,1.0
23316,966,830,9,33,3.0,4.0,4,4,12.0,71,1,0,2016,19,32,Mexican Grand Prix,2016-10-30,19:00:00,max_verstappen,33,VER,Max,Verstappen,1997-09-30,Dutch,red_bull,Red Bull,Austrian,Max Verstappen,2016,-1.0
23317,966,20,6,5,7.0,5.0,5,5,10.0,71,1,0,2016,19,32,Mexican Grand Prix,2016-10-30,19:00:00,vettel,5,VET,Sebastian,Vettel,1987-07-03,German,ferrari,Ferrari,Italian,Sebastian Vettel,2016,2.0
23318,966,8,6,7,6.0,6.0,6,6,8.0,71,1,0,2016,19,32,Mexican Grand Prix,2016-10-30,19:00:00,raikkonen,7,RAI,Kimi,Räikkönen,1979-10-17,Finnish,ferrari,Ferrari,Italian,Kimi Räikkönen,2016,0.0
23319,966,807,10,27,5.0,7.0,7,7,6.0,71,1,0,2016,19,32,Mexican Grand Prix,2016-10-30,19:00:00,hulkenberg,27,HUL,Nico,Hülkenberg,1987-08-19,German,force_india,Force India,Indian,Nico Hülkenberg,2016,-2.0
23320,966,822,3,77,8.0,8.0,8,8,4.0,71,1,0,2016,19,32,Mexican Grand Prix,2016-10-30,19:00:00,bottas,77,BOT,Valtteri,Bottas,1989-08-28,Finnish,williams,Williams,British,Valtteri Bottas,2016,0.0
23321,966,13,3,19,9.0,9.0,9,9,2.0,71,1,0,2016,19,32,Mexican Grand Prix,2016-10-30,19:00:00,massa,19,MAS,Felipe,Massa,1981-04-25,Brazilian,williams,Williams,British,Felipe Massa,2016,0.0
23322,966,815,10,11,12.0,10.0,10,10,1.0,71,1,0,2016,19,32,Mexican Grand Prix,2016-10-30,19:00:00,perez,11,PER,Sergio,Pérez,1990-01-26,Mexican,force_india,Force India,Indian,Sergio Pérez,2016,2.0
23323,966,828,15,9,15.0,11.0,11,11,0.0,70,11,0,2016,19,32,Mexican Grand Prix,2016-10-30,19:00:00,ericsson,9,ERI,Marcus,Ericsson,1990-09-02,Swedish,sauber,Sauber,Swiss,Marcus Ericsson,2016,4.0
23324,966,18,1,22,13.0,12.0,12,12,0.0,70,11,0,2016,19,32,Mexican Grand Prix,2016-10-30,19:00:00,button,22,BUT,Jenson,Button,1980-01-19,British,mclaren,McLaren,British,Jenson Button,2016,1.0
23325,966,4,1,14,11.0,13.0,13,13,0.0,70,11,0,2016,19,32,Mexican Grand Prix,2016-10-30,19:00:00,alonso,14,ALO,Fernando,Alonso,1981-07-29,Spanish,mclaren,McLaren,British,Fernando Alonso,2016,-2.0
23326,966,835,4,30,21.0,14.0,14,14,0.0,70,11,0,2016,19,32,Mexican Grand Prix,2016-10-30,19:00:00,jolyon_palmer,30,PAL,Jolyon,Palmer,1991-01-20,British,renault,Renault,French,Jolyon Palmer,2016,7.0
23327,966,831,15,12,19.0,15.0,15,15,0.0,70,11,0,2016,19,32,Mexican Grand Prix,2016-10-30,19:00:00,nasr,12,NAS,Felipe,Nasr,1992-08-21,Brazilian,sauber,Sauber,Swiss,Felipe Nasr,2016,4.0
23328,966,832,5,55,10.0,16.0,16,16,0.0,70,11,0,2016,19,32,Mexican Grand Prix,2016-10-30,19:00:00,sainz,55,SAI,Carlos,Sainz,1994-09-01,Spanish,toro_rosso,Toro Rosso,Italian,Carlos Sainz,2016,-6.0
23329,966,825,4,20,14.0,17.0,17,17,0.0,70,11,0,2016,19,32,Mexican Grand Prix,2016-10-30,19:00:00,kevin_magnussen,20,MAG,Kevin,Magnussen,1992-10-05,Danish,renault,Renault,French,Kevin Magnussen,2016,-3.0
23330,966,826,5,26,18.0,18.0,18,18,0.0,70,11,0,2016,19,32,Mexican Grand Prix,2016-10-30,19:00:00,kvyat,26,KVY,Daniil,Kvyat,1994-04-26,Russian,toro_rosso,Toro Rosso,Italian,Daniil Kvyat,2016,0.0
23331,966,821,210,21,17.0,19.0,19,19,0.0,70,11,0,2016,19,32,Mexican Grand Prix,2016-10-30,19:00:00,gutierrez,21,GUT,Esteban,Gutiérrez,1991-08-05,Mexican,haas,Haas F1 Team,American,Esteban Gutiérrez,2016,-2.0
23332,966,154,210,8,22.0,20.0,20,20,0.0,70,11,0,2016,19,32,Mexican Grand Prix,2016-10-30,19:00:00,grosjean,8,GRO,Romain,Grosjean,1986-04-17,French,haas,Haas F1 Team,American,Romain Grosjean,2016,2.0
23333,966,839,209,31,20.0,21.0,21,21,0.0,69,12,0,2016,19,32,Mexican Grand Prix,2016-10-30,19:00:00,ocon,31,OCO,Esteban,Ocon,1996-09-17,French,manor,Manor Marussia,British,Esteban Ocon,2016,-1.0
23334,966,836,209,94,16.0,0.0,R,22,0.0,0,4,1,2016,19,32,Mexican Grand Prix,2016-10-30,19:00:00,wehrlein,94,WEH,Pascal,Wehrlein,1994-10-18,German,manor,Manor Marussia,British,Pascal Wehrlein,2016,16.0
23335,967,1,131,44,1.0,1.0,1,1,25.0,71,1,0,2016,20,18,Brazilian Grand Prix,2016-11-13,16:00:00,hamilton,44,HAM,Lewis,Hamilton,1985-01-07,British,mercedes,Mercedes,German,Lewis Hamilton,2016,0.0
23336,967,3,131,6,2.0,2.0,2,2,18.0,71,1,0,2016,20,18,Brazilian Grand Prix,2016-11-13,16:00:00,rosberg,6,ROS,Nico,Rosberg,1985-06-27,German,mercedes,Mercedes,German,Nico Rosberg,2016,0.0
23337,967,830,9,33,4.0,3.0,3,3,15.0,71,1,0,2016,20,18,Brazilian Grand Prix,2016-11-13,16:00:00,max_verstappen,33,VER,Max,Verstappen,1997-09-30,Dutch,red_bull,Red Bull,Austrian,Max Verstappen,2016,1.0
23338,967,815,10,11,9.0,4.0,4,4,12.0,71,1,0,2016,20,18,Brazilian Grand Prix,2016-11-13,16:00:00,perez,11,PER,Sergio,Pérez,1990-01-26,Mexican,force_india,Force India,Indian,Sergio Pérez,2016,5.0
23339,967,20,6,5,5.0,5.0,5,5,10.0,71,1,0,2016,20,18,Brazilian Grand Prix,2016-11-13,16:00:00,vettel,5,VET,Sebastian,Vettel,1987-07-03,German,ferrari,Ferrari,Italian,Sebastian Vettel,2016,0.0
23340,967,832,5,55,15.0,6.0,6,6,8.0,71,1,0,2016,20,18,Brazilian Grand Prix,2016-11-13,16:00:00,sainz,55,SAI,Carlos,Sainz,1994-09-01,Spanish,toro_rosso,Toro Rosso,Italian,Carlos Sainz,2016,9.0
23341,967,807,10,27,8.0,7.0,7,7,6.0,71,1,0,2016,20,18,Brazilian Grand Prix,2016-11-13,16:00:00,hulkenberg,27,HUL,Nico,Hülkenberg,1987-08-19,German,force_india,Force India,Indian,Nico Hülkenberg,2016,1.0
23342,967,817,9,3,6.0,8.0,8,8,4.0,71,1,0,2016,20,18,Brazilian Grand Prix,2016-11-13,16:00:00,ricciardo,3,RIC,Daniel,Ricciardo,1989-07-01,Australian,red_bull,Red Bull,Austrian,Daniel Ricciardo,2016,-2.0
23343,967,831,15,12,21.0,9.0,9,9,2.0,71,1,0,2016,20,18,Brazilian Grand Prix,2016-11-13,16:00:00,nasr,12,NAS,Felipe,Nasr,1992-08-21,Brazilian,sauber,Sauber,Swiss,Felipe Nasr,2016,12.0
23344,967,4,1,14,10.0,10.0,10,10,1.0,71,1,0,2016,20,18,Brazilian Grand Prix,2016-11-13,16:00:00,alonso,14,ALO,Fernando,Alonso,1981-07-29,Spanish,mclaren,McLaren,British,Fernando Alonso,2016,0.0
23345,967,822,3,77,11.0,11.0,11,11,0.0,71,1,0,2016,20,18,Brazilian Grand Prix,2016-11-13,16:00:00,bottas,77,BOT,Valtteri,Bottas,1989-08-28,Finnish,williams,Williams,British,Valtteri Bottas,2016,0.0
23346,967,839,209,31,22.0,12.0,12,12,0.0,71,1,0,2016,20,18,Brazilian Grand Prix,2016-11-13,16:00:00,ocon,31,OCO,Esteban,Ocon,1996-09-17,French,manor,Manor Marussia,British,Esteban Ocon,2016,10.0
23347,967,826,5,26,14.0,13.0,13,13,0.0,71,1,0,2016,20,18,Brazilian Grand Prix,2016-11-13,16:00:00,kvyat,26,KVY,Daniil,Kvyat,1994-04-26,Russian,toro_rosso,Toro Rosso,Italian,Daniil Kvyat,2016,1.0
23348,967,825,4,20,18.0,14.0,14,14,0.0,71,1,0,2016,20,18,Brazilian Grand Prix,2016-11-13,16:00:00,kevin_magnussen,20,MAG,Kevin,Magnussen,1992-10-05,Danish,renault,Renault,French,Kevin Magnussen,2016,4.0
23349,967,836,209,94,19.0,15.0,15,15,0.0,71,1,0,2016,20,18,Brazilian Grand Prix,2016-11-13,16:00:00,wehrlein,94,WEH,Pascal,Wehrlein,1994-10-18,German,manor,Manor Marussia,British,Pascal Wehrlein,2016,4.0
23350,967,18,1,22,17.0,16.0,16,16,0.0,71,1,0,2016,20,18,Brazilian Grand Prix,2016-11-13,16:00:00,button,22,BUT,Jenson,Button,1980-01-19,British,mclaren,McLaren,British,Jenson Button,2016,1.0
23351,967,821,210,21,12.0,0.0,R,17,0.0,60,31,1,2016,20,18,Brazilian Grand Prix,2016-11-13,16:00:00,gutierrez,21,GUT,Esteban,Gutiérrez,1991-08-05,Mexican,haas,Haas F1 Team,American,Esteban Gutiérrez,2016,12.0
23352,967,13,3,19,13.0,0.0,R,18,0.0,46,4,1,2016,20,18,Brazilian Grand Prix,2016-11-13,16:00:00,massa,19,MAS,Felipe,Massa,1981-04-25,Brazilian,williams,Williams,British,Felipe Massa,2016,13.0
23353,967,835,4,30,16.0,0.0,R,19,0.0,20,130,1,2016,20,18,Brazilian Grand Prix,2016-11-13,16:00:00,jolyon_palmer,30,PAL,Jolyon,Palmer,1991-01-20,British,renault,Renault,French,Jolyon Palmer,2016,16.0
23354,967,8,6,7,3.0,0.0,R,20,0.0,19,4,1,2016,20,18,Brazilian Grand Prix,2016-11-13,16:00:00,raikkonen,7,RAI,Kimi,Räikkönen,1979-10-17,Finnish,ferrari,Ferrari,Italian,Kimi Räikkönen,2016,3.0
23355,967,828,15,9,20.0,0.0,R,21,0.0,11,4,1,2016,20,18,Brazilian Grand Prix,2016-11-13,16:00:00,ericsson,9,ERI,Marcus,Ericsson,1990-09-02,Swedish,sauber,Sauber,Swiss,Marcus Ericsson,2016,20.0
23356,967,154,210,8,7.0,0.0,W,22,0.0,0,54,1,2016,20,18,Brazilian Grand Prix,2016-11-13,16:00:00,grosjean,8,GRO,Romain,Grosjean,1986-04-17,French,haas,Haas F1 Team,American,Romain Grosjean,2016,7.0
23357,968,1,131,44,1.0,1.0,1,1,25.0,55,1,0,2016,21,24,Abu Dhabi Grand Prix,2016-11-27,13:00:00,hamilton,44,HAM,Lewis,Hamilton,1985-01-07,British,mercedes,Mercedes,German,Lewis Hamilton,2016,0.0
23358,968,3,131,6,2.0,2.0,2,2,18.0,55,1,0,2016,21,24,Abu Dhabi Grand Prix,2016-11-27,13:00:00,rosberg,6,ROS,Nico,Rosberg,1985-06-27,German,mercedes,Mercedes,German,Nico Rosberg,2016,0.0
23359,968,20,6,5,5.0,3.0,3,3,15.0,55,1,0,2016,21,24,Abu Dhabi Grand Prix,2016-11-27,13:00:00,vettel,5,VET,Sebastian,Vettel,1987-07-03,German,ferrari,Ferrari,Italian,Sebastian Vettel,2016,2.0
23360,968,830,9,33,6.0,4.0,4,4,12.0,55,1,0,2016,21,24,Abu Dhabi Grand Prix,2016-11-27,13:00:00,max_verstappen,33,VER,Max,Verstappen,1997-09-30,Dutch,red_bull,Red Bull,Austrian,Max Verstappen,2016,2.0
23361,968,817,9,3,3.0,5.0,5,5,10.0,55,1,0,2016,21,24,Abu Dhabi Grand Prix,2016-11-27,13:00:00,ricciardo,3,RIC,Daniel,Ricciardo,1989-07-01,Australian,red_bull,Red Bull,Austrian,Daniel Ricciardo,2016,-2.0
23362,968,8,6,7,4.0,6.0,6,6,8.0,55,1,0,2016,21,24,Abu Dhabi Grand Prix,2016-11-27,13:00:00,raikkonen,7,RAI,Kimi,Räikkönen,1979-10-17,Finnish,ferrari,Ferrari,Italian,Kimi Räikkönen,2016,-2.0
23363,968,807,10,27,7.0,7.0,7,7,6.0,55,1,0,2016,21,24,Abu Dhabi Grand Prix,2016-11-27,13:00:00,hulkenberg,27,HUL,Nico,Hülkenberg,1987-08-19,German,force_india,Force India,Indian,Nico Hülkenberg,2016,0.0
23364,968,815,10,11,8.0,8.0,8,8,4.0,55,1,0,2016,21,24,Abu Dhabi Grand Prix,2016-11-27,13:00:00,perez,11,PER,Sergio,Pérez,1990-01-26,Mexican,force_india,Force India,Indian,Sergio Pérez,2016,0.0
23365,968,13,3,19,10.0,9.0,9,9,2.0,55,1,0,2016,21,24,Abu Dhabi Grand Prix,2016-11-27,13:00:00,massa,19,MAS,Felipe,Massa,1981-04-25,Brazilian,williams,Williams,British,Felipe Massa,2016,1.0
23366,968,4,1,14,9.0,10.0,10,10,1.0,55,1,0,2016,21,24,Abu Dhabi Grand Prix,2016-11-27,13:00:00,alonso,14,ALO,Fernando,Alonso,1981-07-29,Spanish,mclaren,McLaren,British,Fernando Alonso,2016,-1.0
23367,968,154,210,8,14.0,11.0,11,11,0.0,55,1,0,2016,21,24,Abu Dhabi Grand Prix,2016-11-27,13:00:00,grosjean,8,GRO,Romain,Grosjean,1986-04-17,French,haas,Haas F1 Team,American,Romain Grosjean,2016,3.0
23368,968,821,210,21,13.0,12.0,12,12,0.0,55,1,0,2016,21,24,Abu Dhabi Grand Prix,2016-11-27,13:00:00,gutierrez,21,GUT,Esteban,Gutiérrez,1991-08-05,Mexican,haas,Haas F1 Team,American,Esteban Gutiérrez,2016,1.0
23369,968,839,209,31,20.0,13.0,13,13,0.0,54,11,0,2016,21,24,Abu Dhabi Grand Prix,2016-11-27,13:00:00,ocon,31,OCO,Esteban,Ocon,1996-09-17,French,manor,Manor Marussia,British,Esteban Ocon,2016,7.0
23370,968,836,209,94,16.0,14.0,14,14,0.0,54,11,0,2016,21,24,Abu Dhabi Grand Prix,2016-11-27,13:00:00,wehrlein,94,WEH,Pascal,Wehrlein,1994-10-18,German,manor,Manor Marussia,British,Pascal Wehrlein,2016,2.0
23371,968,828,15,9,22.0,15.0,15,15,0.0,54,11,0,2016,21,24,Abu Dhabi Grand Prix,2016-11-27,13:00:00,ericsson,9,ERI,Marcus,Ericsson,1990-09-02,Swedish,sauber,Sauber,Swiss,Marcus Ericsson,2016,7.0
23372,968,831,15,12,19.0,16.0,16,16,0.0,54,11,0,2016,21,24,Abu Dhabi Grand Prix,2016-11-27,13:00:00,nasr,12,NAS,Felipe,Nasr,1992-08-21,Brazilian,sauber,Sauber,Swiss,Felipe Nasr,2016,3.0
23373,968,835,4,30,15.0,17.0,17,17,0.0,54,11,0,2016,21,24,Abu Dhabi Grand Prix,2016-11-27,13:00:00,jolyon_palmer,30,PAL,Jolyon,Palmer,1991-01-20,British,renault,Renault,French,Jolyon Palmer,2016,-2.0
23374,968,832,5,55,21.0,0.0,R,18,0.0,41,130,1,2016,21,24,Abu Dhabi Grand Prix,2016-11-27,13:00:00,sainz,55,SAI,Carlos,Sainz,1994-09-01,Spanish,toro_rosso,Toro Rosso,Italian,Carlos Sainz,2016,21.0
23375,968,826,5,26,17.0,0.0,R,19,0.0,14,6,1,2016,21,24,Abu Dhabi Grand Prix,2016-11-27,13:00:00,kvyat,26,KVY,Daniil,Kvyat,1994-04-26,Russian,toro_rosso,Toro Rosso,Italian,Daniil Kvyat,2016,17.0
23376,968,18,1,22,12.0,0.0,R,20,0.0,12,22,1,2016,21,24,Abu Dhabi Grand Prix,2016-11-27,13:00:00,button,22,BUT,Jenson,Button,1980-01-19,British,mclaren,McLaren,British,Jenson Button,2016,12.0
23377,968,822,3,77,11.0,0.0,R,21,0.0,6,22,1,2016,21,24,Abu Dhabi Grand Prix,2016-11-27,13:00:00,bottas,77,BOT,Valtteri,Bottas,1989-08-28,Finnish,williams,Williams,British,Valtteri Bottas,2016,11.0
23378,968,825,4,20,18.0,0.0,R,22,0.0,5,22,1,2016,21,24,Abu Dhabi Grand Prix,2016-11-27,13:00:00,kevin_magnussen,20,MAG,Kevin,Magnussen,1992-10-05,Danish,renault,Renault,French,Kevin Magnussen,2016,18.0
23379,969,20,6,5,2.0,1.0,1,1,25.0,57,1,0,2017,1,1,Australian Grand Prix,2017-03-26,05:00:00,vettel,5,VET,Sebastian,Vettel,1987-07-03,German,ferrari,Ferrari,Italian,Sebastian Vettel,2017,1.0
23380,969,1,131,44,1.0,2.0,2,2,18.0,57,1,0,2017,1,1,Australian Grand Prix,2017-03-26,05:00:00,hamilton,44,HAM,Lewis,Hamilton,1985-01-07,British,mercedes,Mercedes,German,Lewis Hamilton,2017,-1.0
23381,969,822,131,77,3.0,3.0,3,3,15.0,57,1,0,2017,1,1,Australian Grand Prix,2017-03-26,05:00:00,bottas,77,BOT,Valtteri,Bottas,1989-08-28,Finnish,mercedes,Mercedes,German,Valtteri Bottas,2017,0.0
23382,969,8,6,7,4.0,4.0,4,4,12.0,57,1,0,2017,1,1,Australian Grand Prix,2017-03-26,05:00:00,raikkonen,7,RAI,Kimi,Räikkönen,1979-10-17,Finnish,ferrari,Ferrari,Italian,Kimi Räikkönen,2017,0.0
23383,969,830,9,33,5.0,5.0,5,5,10.0,57,1,0,2017,1,1,Australian Grand Prix,2017-03-26,05:00:00,max_verstappen,33,VER,Max,Verstappen,1997-09-30,Dutch,red_bull,Red Bull,Austrian,Max Verstappen,2017,0.0
23384,969,13,3,19,7.0,6.0,6,6,8.0,57,1,0,2017,1,1,Australian Grand Prix,2017-03-26,05:00:00,massa,19,MAS,Felipe,Massa,1981-04-25,Brazilian,williams,Williams,British,Felipe Massa,2017,1.0
23385,969,815,10,11,10.0,7.0,7,7,6.0,56,11,0,2017,1,1,Australian Grand Prix,2017-03-26,05:00:00,perez,11,PER,Sergio,Pérez,1990-01-26,Mexican,force_india,Force India,Indian,Sergio Pérez,2017,3.0
23386,969,832,5,55,8.0,8.0,8,8,4.0,56,11,0,2017,1,1,Australian Grand Prix,2017-03-26,05:00:00,sainz,55,SAI,Carlos,Sainz,1994-09-01,Spanish,toro_rosso,Toro Rosso,Italian,Carlos Sainz,2017,0.0
23387,969,826,5,26,9.0,9.0,9,9,2.0,56,11,0,2017,1,1,Australian Grand Prix,2017-03-26,05:00:00,kvyat,26,KVY,Daniil,Kvyat,1994-04-26,Russian,toro_rosso,Toro Rosso,Italian,Daniil Kvyat,2017,0.0
23388,969,839,10,31,13.0,10.0,10,10,1.0,56,11,0,2017,1,1,Australian Grand Prix,2017-03-26,05:00:00,ocon,31,OCO,Esteban,Ocon,1996-09-17,French,force_india,Force India,Indian,Esteban Ocon,2017,3.0
23389,969,807,4,27,11.0,11.0,11,11,0.0,56,11,0,2017,1,1,Australian Grand Prix,2017-03-26,05:00:00,hulkenberg,27,HUL,Nico,Hülkenberg,1987-08-19,German,renault,Renault,French,Nico Hülkenberg,2017,0.0
23390,969,841,15,36,16.0,12.0,12,12,0.0,55,12,0,2017,1,1,Australian Grand Prix,2017-03-26,05:00:00,giovinazzi,99,GIO,Antonio,Giovinazzi,1993-12-14,Italian,sauber,Sauber,Swiss,Antonio Giovinazzi,2017,4.0
23391,969,838,1,2,18.0,13.0,13,13,0.0,55,12,0,2017,1,1,Australian Grand Prix,2017-03-26,05:00:00,vandoorne,2,VAN,Stoffel,Vandoorne,1992-03-26,Belgian,mclaren,McLaren,British,Stoffel Vandoorne,2017,5.0
23392,969,4,1,14,12.0,0.0,R,14,0.0,50,76,1,2017,1,1,Australian Grand Prix,2017-03-26,05:00:00,alonso,14,ALO,Fernando,Alonso,1981-07-29,Spanish,mclaren,McLaren,British,Fernando Alonso,2017,12.0
23393,969,825,210,20,17.0,0.0,R,15,0.0,46,22,1,2017,1,1,Australian Grand Prix,2017-03-26,05:00:00,kevin_magnussen,20,MAG,Kevin,Magnussen,1992-10-05,Danish,haas,Haas F1 Team,American,Kevin Magnussen,2017,17.0
23394,969,840,3,18,20.0,0.0,R,16,0.0,40,23,1,2017,1,1,Australian Grand Prix,2017-03-26,05:00:00,stroll,18,STR,Lance,Stroll,1998-10-29,Canadian,williams,Williams,British,Lance Stroll,2017,20.0
23395,969,817,9,3,0.0,0.0,R,17,0.0,25,131,1,2017,1,1,Australian Grand Prix,2017-03-26,05:00:00,ricciardo,3,RIC,Daniel,Ricciardo,1989-07-01,Australian,red_bull,Red Bull,Austrian,Daniel Ricciardo,2017,0.0
23396,969,828,15,9,14.0,0.0,R,18,0.0,21,9,1,2017,1,1,Australian Grand Prix,2017-03-26,05:00:00,ericsson,9,ERI,Marcus,Ericsson,1990-09-02,Swedish,sauber,Sauber,Swiss,Marcus Ericsson,2017,14.0
23397,969,835,4,30,19.0,0.0,R,19,0.0,15,23,1,2017,1,1,Australian Grand Prix,2017-03-26,05:00:00,jolyon_palmer,30,PAL,Jolyon,Palmer,1991-01-20,British,renault,Renault,French,Jolyon Palmer,2017,19.0
23398,969,154,210,8,6.0,0.0,R,20,0.0,13,47,1,2017,1,1,Australian Grand Prix,2017-03-26,05:00:00,grosjean,8,GRO,Romain,Grosjean,1986-04-17,French,haas,Haas F1 Team,American,Romain Grosjean,2017,6.0
23399,970,1,131,44,1.0,1.0,1,1,25.0,56,1,0,2017,2,17,Chinese Grand Prix,2017-04-09,06:00:00,hamilton,44,HAM,Lewis,Hamilton,1985-01-07,British,mercedes,Mercedes,German,Lewis Hamilton,2017,0.0
23400,970,20,6,5,2.0,2.0,2,2,18.0,56,1,0,2017,2,17,Chinese Grand Prix,2017-04-09,06:00:00,vettel,5,VET,Sebastian,Vettel,1987-07-03,German,ferrari,Ferrari,Italian,Sebastian Vettel,2017,0.0
23401,970,830,9,33,16.0,3.0,3,3,15.0,56,1,0,2017,2,17,Chinese Grand Prix,2017-04-09,06:00:00,max_verstappen,33,VER,Max,Verstappen,1997-09-30,Dutch,red_bull,Red Bull,Austrian,Max Verstappen,2017,13.0
23402,970,817,9,3,5.0,4.0,4,4,12.0,56,1,0,2017,2,17,Chinese Grand Prix,2017-04-09,06:00:00,ricciardo,3,RIC,Daniel,Ricciardo,1989-07-01,Australian,red_bull,Red Bull,Austrian,Daniel Ricciardo,2017,1.0
23403,970,8,6,7,4.0,5.0,5,5,10.0,56,1,0,2017,2,17,Chinese Grand Prix,2017-04-09,06:00:00,raikkonen,7,RAI,Kimi,Räikkönen,1979-10-17,Finnish,ferrari,Ferrari,Italian,Kimi Räikkönen,2017,-1.0
23404,970,822,131,77,3.0,6.0,6,6,8.0,56,1,0,2017,2,17,Chinese Grand Prix,2017-04-09,06:00:00,bottas,77,BOT,Valtteri,Bottas,1989-08-28,Finnish,mercedes,Mercedes,German,Valtteri Bottas,2017,-3.0
23405,970,832,5,55,11.0,7.0,7,7,6.0,56,1,0,2017,2,17,Chinese Grand Prix,2017-04-09,06:00:00,sainz,55,SAI,Carlos,Sainz,1994-09-01,Spanish,toro_rosso,Toro Rosso,Italian,Carlos Sainz,2017,4.0
23406,970,825,210,20,12.0,8.0,8,8,4.0,55,11,0,2017,2,17,Chinese Grand Prix,2017-04-09,06:00:00,kevin_magnussen,20,MAG,Kevin,Magnussen,1992-10-05,Danish,haas,Haas F1 Team,American,Kevin Magnussen,2017,4.0
23407,970,815,10,11,8.0,9.0,9,9,2.0,55,11,0,2017,2,17,Chinese Grand Prix,2017-04-09,06:00:00,perez,11,PER,Sergio,Pérez,1990-01-26,Mexican,force_india,Force India,Indian,Sergio Pérez,2017,-1.0
23408,970,839,10,31,17.0,10.0,10,10,1.0,55,11,0,2017,2,17,Chinese Grand Prix,2017-04-09,06:00:00,ocon,31,OCO,Esteban,Ocon,1996-09-17,French,force_india,Force India,Indian,Esteban Ocon,2017,7.0
23409,970,154,210,8,19.0,11.0,11,11,0.0,55,11,0,2017,2,17,Chinese Grand Prix,2017-04-09,06:00:00,grosjean,8,GRO,Romain,Grosjean,1986-04-17,French,haas,Haas F1 Team,American,Romain Grosjean,2017,8.0
23410,970,807,4,27,7.0,12.0,12,12,0.0,55,11,0,2017,2,17,Chinese Grand Prix,2017-04-09,06:00:00,hulkenberg,27,HUL,Nico,Hülkenberg,1987-08-19,German,renault,Renault,French,Nico Hülkenberg,2017,-5.0
23411,970,835,4,30,20.0,13.0,13,13,0.0,55,11,0,2017,2,17,Chinese Grand Prix,2017-04-09,06:00:00,jolyon_palmer,30,PAL,Jolyon,Palmer,1991-01-20,British,renault,Renault,French,Jolyon Palmer,2017,7.0
23412,970,13,3,19,6.0,14.0,14,14,0.0,55,11,0,2017,2,17,Chinese Grand Prix,2017-04-09,06:00:00,massa,19,MAS,Felipe,Massa,1981-04-25,Brazilian,williams,Williams,British,Felipe Massa,2017,-8.0
23413,970,828,15,9,14.0,15.0,15,15,0.0,55,11,0,2017,2,17,Chinese Grand Prix,2017-04-09,06:00:00,ericsson,9,ERI,Marcus,Ericsson,1990-09-02,Swedish,sauber,Sauber,Swiss,Marcus Ericsson,2017,-1.0
23414,970,4,1,14,13.0,0.0,R,16,0.0,33,30,1,2017,2,17,Chinese Grand Prix,2017-04-09,06:00:00,alonso,14,ALO,Fernando,Alonso,1981-07-29,Spanish,mclaren,McLaren,British,Fernando Alonso,2017,13.0
23415,970,826,5,26,9.0,0.0,R,17,0.0,18,9,1,2017,2,17,Chinese Grand Prix,2017-04-09,06:00:00,kvyat,26,KVY,Daniil,Kvyat,1994-04-26,Russian,toro_rosso,Toro Rosso,Italian,Daniil Kvyat,2017,9.0
23416,970,838,1,2,15.0,0.0,R,18,0.0,17,32,1,2017,2,17,Chinese Grand Prix,2017-04-09,06:00:00,vandoorne,2,VAN,Stoffel,Vandoorne,1992-03-26,Belgian,mclaren,McLaren,British,Stoffel Vandoorne,2017,15.0
23417,970,841,15,36,18.0,0.0,R,19,0.0,3,3,1,2017,2,17,Chinese Grand Prix,2017-04-09,06:00:00,giovinazzi,99,GIO,Antonio,Giovinazzi,1993-12-14,Italian,sauber,Sauber,Swiss,Antonio Giovinazzi,2017,18.0
23418,970,840,3,18,10.0,0.0,R,20,0.0,0,4,1,2017,2,17,Chinese Grand Prix,2017-04-09,06:00:00,stroll,18,STR,Lance,Stroll,1998-10-29,Canadian,williams,Williams,British,Lance Stroll,2017,10.0
23419,971,20,6,5,3.0,1.0,1,1,25.0,57,1,0,2017,3,3,Bahrain Grand Prix,2017-04-16,15:00:00,vettel,5,VET,Sebastian,Vettel,1987-07-03,German,ferrari,Ferrari,Italian,Sebastian Vettel,2017,2.0
23420,971,1,131,44,2.0,2.0,2,2,18.0,57,1,0,2017,3,3,Bahrain Grand Prix,2017-04-16,15:00:00,hamilton,44,HAM,Lewis,Hamilton,1985-01-07,British,mercedes,Mercedes,German,Lewis Hamilton,2017,0.0
23421,971,822,131,77,1.0,3.0,3,3,15.0,57,1,0,2017,3,3,Bahrain Grand Prix,2017-04-16,15:00:00,bottas,77,BOT,Valtteri,Bottas,1989-08-28,Finnish,mercedes,Mercedes,German,Valtteri Bottas,2017,-2.0
23422,971,8,6,7,5.0,4.0,4,4,12.0,57,1,0,2017,3,3,Bahrain Grand Prix,2017-04-16,15:00:00,raikkonen,7,RAI,Kimi,Räikkönen,1979-10-17,Finnish,ferrari,Ferrari,Italian,Kimi Räikkönen,2017,1.0
23423,971,817,9,3,4.0,5.0,5,5,10.0,57,1,0,2017,3,3,Bahrain Grand Prix,2017-04-16,15:00:00,ricciardo,3,RIC,Daniel,Ricciardo,1989-07-01,Australian,red_bull,Red Bull,Austrian,Daniel Ricciardo,2017,-1.0
23424,971,13,3,19,8.0,6.0,6,6,8.0,57,1,0,2017,3,3,Bahrain Grand Prix,2017-04-16,15:00:00,massa,19,MAS,Felipe,Massa,1981-04-25,Brazilian,williams,Williams,British,Felipe Massa,2017,2.0
23425,971,815,10,11,18.0,7.0,7,7,6.0,57,1,0,2017,3,3,Bahrain Grand Prix,2017-04-16,15:00:00,perez,11,PER,Sergio,Pérez,1990-01-26,Mexican,force_india,Force India,Indian,Sergio Pérez,2017,11.0
23426,971,154,210,8,9.0,8.0,8,8,4.0,57,1,0,2017,3,3,Bahrain Grand Prix,2017-04-16,15:00:00,grosjean,8,GRO,Romain,Grosjean,1986-04-17,French,haas,Haas F1 Team,American,Romain Grosjean,2017,1.0
23427,971,807,4,27,7.0,9.0,9,9,2.0,57,1,0,2017,3,3,Bahrain Grand Prix,2017-04-16,15:00:00,hulkenberg,27,HUL,Nico,Hülkenberg,1987-08-19,German,renault,Renault,French,Nico Hülkenberg,2017,-2.0
23428,971,839,10,31,14.0,10.0,10,10,1.0,57,1,0,2017,3,3,Bahrain Grand Prix,2017-04-16,15:00:00,ocon,31,OCO,Esteban,Ocon,1996-09-17,French,force_india,Force India,Indian,Esteban Ocon,2017,4.0
23429,971,836,15,94,13.0,11.0,11,11,0.0,56,11,0,2017,3,3,Bahrain Grand Prix,2017-04-16,15:00:00,wehrlein,94,WEH,Pascal,Wehrlein,1994-10-18,German,sauber,Sauber,Swiss,Pascal Wehrlein,2017,2.0
23430,971,826,5,26,11.0,12.0,12,12,0.0,56,11,0,2017,3,3,Bahrain Grand Prix,2017-04-16,15:00:00,kvyat,26,KVY,Daniil,Kvyat,1994-04-26,Russian,toro_rosso,Toro Rosso,Italian,Daniil Kvyat,2017,-1.0
23431,971,835,4,30,10.0,13.0,13,13,0.0,56,11,0,2017,3,3,Bahrain Grand Prix,2017-04-16,15:00:00,jolyon_palmer,30,PAL,Jolyon,Palmer,1991-01-20,British,renault,Renault,French,Jolyon Palmer,2017,-3.0
23432,971,4,1,14,15.0,14.0,14,14,0.0,54,131,0,2017,3,3,Bahrain Grand Prix,2017-04-16,15:00:00,alonso,14,ALO,Fernando,Alonso,1981-07-29,Spanish,mclaren,McLaren,British,Fernando Alonso,2017,1.0
23433,971,828,15,9,19.0,0.0,R,15,0.0,50,6,1,2017,3,3,Bahrain Grand Prix,2017-04-16,15:00:00,ericsson,9,ERI,Marcus,Ericsson,1990-09-02,Swedish,sauber,Sauber,Swiss,Marcus Ericsson,2017,19.0
23434,971,832,5,55,16.0,0.0,R,16,0.0,12,4,1,2017,3,3,Bahrain Grand Prix,2017-04-16,15:00:00,sainz,55,SAI,Carlos,Sainz,1994-09-01,Spanish,toro_rosso,Toro Rosso,Italian,Carlos Sainz,2017,16.0
23435,971,840,3,18,12.0,0.0,R,17,0.0,12,4,1,2017,3,3,Bahrain Grand Prix,2017-04-16,15:00:00,stroll,18,STR,Lance,Stroll,1998-10-29,Canadian,williams,Williams,British,Lance Stroll,2017,12.0
23436,971,830,9,33,6.0,0.0,R,18,0.0,11,23,1,2017,3,3,Bahrain Grand Prix,2017-04-16,15:00:00,max_verstappen,33,VER,Max,Verstappen,1997-09-30,Dutch,red_bull,Red Bull,Austrian,Max Verstappen,2017,6.0
23437,971,825,210,20,20.0,0.0,R,19,0.0,8,10,1,2017,3,3,Bahrain Grand Prix,2017-04-16,15:00:00,kevin_magnussen,20,MAG,Kevin,Magnussen,1992-10-05,Danish,haas,Haas F1 Team,American,Kevin Magnussen,2017,20.0
23438,971,838,1,2,17.0,0.0,R,20,0.0,0,131,1,2017,3,3,Bahrain Grand Prix,2017-04-16,15:00:00,vandoorne,2,VAN,Stoffel,Vandoorne,1992-03-26,Belgian,mclaren,McLaren,British,Stoffel Vandoorne,2017,17.0
23439,972,822,131,77,3.0,1.0,1,1,25.0,52,1,0,2017,4,71,Russian Grand Prix,2017-04-30,12:00:00,bottas,77,BOT,Valtteri,Bottas,1989-08-28,Finnish,mercedes,Mercedes,German,Valtteri Bottas,2017,2.0
23440,972,20,6,5,1.0,2.0,2,2,18.0,52,1,0,2017,4,71,Russian Grand Prix,2017-04-30,12:00:00,vettel,5,VET,Sebastian,Vettel,1987-07-03,German,ferrari,Ferrari,Italian,Sebastian Vettel,2017,-1.0
23441,972,8,6,7,2.0,3.0,3,3,15.0,52,1,0,2017,4,71,Russian Grand Prix,2017-04-30,12:00:00,raikkonen,7,RAI,Kimi,Räikkönen,1979-10-17,Finnish,ferrari,Ferrari,Italian,Kimi Räikkönen,2017,-1.0
23442,972,1,131,44,4.0,4.0,4,4,12.0,52,1,0,2017,4,71,Russian Grand Prix,2017-04-30,12:00:00,hamilton,44,HAM,Lewis,Hamilton,1985-01-07,British,mercedes,Mercedes,German,Lewis Hamilton,2017,0.0
23443,972,830,9,33,7.0,5.0,5,5,10.0,52,1,0,2017,4,71,Russian Grand Prix,2017-04-30,12:00:00,max_verstappen,33,VER,Max,Verstappen,1997-09-30,Dutch,red_bull,Red Bull,Austrian,Max Verstappen,2017,2.0
23444,972,815,10,11,9.0,6.0,6,6,8.0,52,1,0,2017,4,71,Russian Grand Prix,2017-04-30,12:00:00,perez,11,PER,Sergio,Pérez,1990-01-26,Mexican,force_india,Force India,Indian,Sergio Pérez,2017,3.0
23445,972,839,10,31,10.0,7.0,7,7,6.0,52,1,0,2017,4,71,Russian Grand Prix,2017-04-30,12:00:00,ocon,31,OCO,Esteban,Ocon,1996-09-17,French,force_india,Force India,Indian,Esteban Ocon,2017,3.0
23446,972,807,4,27,8.0,8.0,8,8,4.0,52,1,0,2017,4,71,Russian Grand Prix,2017-04-30,12:00:00,hulkenberg,27,HUL,Nico,Hülkenberg,1987-08-19,German,renault,Renault,French,Nico Hülkenberg,2017,0.0
23447,972,13,3,19,6.0,9.0,9,9,2.0,51,11,0,2017,4,71,Russian Grand Prix,2017-04-30,12:00:00,massa,19,MAS,Felipe,Massa,1981-04-25,Brazilian,williams,Williams,British,Felipe Massa,2017,-3.0
23448,972,832,5,55,14.0,10.0,10,10,1.0,51,11,0,2017,4,71,Russian Grand Prix,2017-04-30,12:00:00,sainz,55,SAI,Carlos,Sainz,1994-09-01,Spanish,toro_rosso,Toro Rosso,Italian,Carlos Sainz,2017,4.0
23449,972,840,3,18,11.0,11.0,11,11,0.0,51,11,0,2017,4,71,Russian Grand Prix,2017-04-30,12:00:00,stroll,18,STR,Lance,Stroll,1998-10-29,Canadian,williams,Williams,British,Lance Stroll,2017,0.0
23450,972,826,5,26,12.0,12.0,12,12,0.0,51,11,0,2017,4,71,Russian Grand Prix,2017-04-30,12:00:00,kvyat,26,KVY,Daniil,Kvyat,1994-04-26,Russian,toro_rosso,Toro Rosso,Italian,Daniil Kvyat,2017,0.0
23451,972,825,210,20,13.0,13.0,13,13,0.0,51,11,0,2017,4,71,Russian Grand Prix,2017-04-30,12:00:00,kevin_magnussen,20,MAG,Kevin,Magnussen,1992-10-05,Danish,haas,Haas F1 Team,American,Kevin Magnussen,2017,0.0
23452,972,838,1,2,20.0,14.0,14,14,0.0,51,11,0,2017,4,71,Russian Grand Prix,2017-04-30,12:00:00,vandoorne,2,VAN,Stoffel,Vandoorne,1992-03-26,Belgian,mclaren,McLaren,British,Stoffel Vandoorne,2017,6.0
23453,972,828,15,9,18.0,15.0,15,15,0.0,51,11,0,2017,4,71,Russian Grand Prix,2017-04-30,12:00:00,ericsson,9,ERI,Marcus,Ericsson,1990-09-02,Swedish,sauber,Sauber,Swiss,Marcus Ericsson,2017,3.0
23454,972,836,15,94,17.0,16.0,16,16,0.0,50,12,0,2017,4,71,Russian Grand Prix,2017-04-30,12:00:00,wehrlein,94,WEH,Pascal,Wehrlein,1994-10-18,German,sauber,Sauber,Swiss,Pascal Wehrlein,2017,1.0
23455,972,817,9,3,5.0,0.0,R,17,0.0,5,23,1,2017,4,71,Russian Grand Prix,2017-04-30,12:00:00,ricciardo,3,RIC,Daniel,Ricciardo,1989-07-01,Australian,red_bull,Red Bull,Austrian,Daniel Ricciardo,2017,5.0
23456,972,835,4,30,16.0,0.0,R,18,0.0,0,4,1,2017,4,71,Russian Grand Prix,2017-04-30,12:00:00,jolyon_palmer,30,PAL,Jolyon,Palmer,1991-01-20,British,renault,Renault,French,Jolyon Palmer,2017,16.0
23457,972,154,210,8,19.0,0.0,R,19,0.0,0,4,1,2017,4,71,Russian Grand Prix,2017-04-30,12:00:00,grosjean,8,GRO,Romain,Grosjean,1986-04-17,French,haas,Haas F1 Team,American,Romain Grosjean,2017,19.0
23458,972,4,1,14,15.0,0.0,W,20,0.0,0,131,1,2017,4,71,Russian Grand Prix,2017-04-30,12:00:00,alonso,14,ALO,Fernando,Alonso,1981-07-29,Spanish,mclaren,McLaren,British,Fernando Alonso,2017,15.0
23459,973,1,131,44,1.0,1.0,1,1,25.0,66,1,0,2017,5,4,Spanish Grand Prix,2017-05-14,12:00:00,hamilton,44,HAM,Lewis,Hamilton,1985-01-07,British,mercedes,Mercedes,German,Lewis Hamilton,2017,0.0
23460,973,20,6,5,2.0,2.0,2,2,18.0,66,1,0,2017,5,4,Spanish Grand Prix,2017-05-14,12:00:00,vettel,5,VET,Sebastian,Vettel,1987-07-03,German,ferrari,Ferrari,Italian,Sebastian Vettel,2017,0.0
23461,973,817,9,3,6.0,3.0,3,3,15.0,66,1,0,2017,5,4,Spanish Grand Prix,2017-05-14,12:00:00,ricciardo,3,RIC,Daniel,Ricciardo,1989-07-01,Australian,red_bull,Red Bull,Austrian,Daniel Ricciardo,2017,3.0
23462,973,815,10,11,8.0,4.0,4,4,12.0,65,11,0,2017,5,4,Spanish Grand Prix,2017-05-14,12:00:00,perez,11,PER,Sergio,Pérez,1990-01-26,Mexican,force_india,Force India,Indian,Sergio Pérez,2017,4.0
23463,973,839,10,31,10.0,5.0,5,5,10.0,65,11,0,2017,5,4,Spanish Grand Prix,2017-05-14,12:00:00,ocon,31,OCO,Esteban,Ocon,1996-09-17,French,force_india,Force India,Indian,Esteban Ocon,2017,5.0
23464,973,807,4,27,13.0,6.0,6,6,8.0,65,11,0,2017,5,4,Spanish Grand Prix,2017-05-14,12:00:00,hulkenberg,27,HUL,Nico,Hülkenberg,1987-08-19,German,renault,Renault,French,Nico Hülkenberg,2017,7.0
23465,973,832,5,55,12.0,7.0,7,7,6.0,65,11,0,2017,5,4,Spanish Grand Prix,2017-05-14,12:00:00,sainz,55,SAI,Carlos,Sainz,1994-09-01,Spanish,toro_rosso,Toro Rosso,Italian,Carlos Sainz,2017,5.0
23466,973,836,15,94,15.0,8.0,8,8,4.0,65,11,0,2017,5,4,Spanish Grand Prix,2017-05-14,12:00:00,wehrlein,94,WEH,Pascal,Wehrlein,1994-10-18,German,sauber,Sauber,Swiss,Pascal Wehrlein,2017,7.0
23467,973,826,5,26,19.0,9.0,9,9,2.0,65,11,0,2017,5,4,Spanish Grand Prix,2017-05-14,12:00:00,kvyat,26,KVY,Daniil,Kvyat,1994-04-26,Russian,toro_rosso,Toro Rosso,Italian,Daniil Kvyat,2017,10.0
23468,973,154,210,8,14.0,10.0,10,10,1.0,65,11,0,2017,5,4,Spanish Grand Prix,2017-05-14,12:00:00,grosjean,8,GRO,Romain,Grosjean,1986-04-17,French,haas,Haas F1 Team,American,Romain Grosjean,2017,4.0
23469,973,828,15,9,16.0,11.0,11,11,0.0,64,12,0,2017,5,4,Spanish Grand Prix,2017-05-14,12:00:00,ericsson,9,ERI,Marcus,Ericsson,1990-09-02,Swedish,sauber,Sauber,Swiss,Marcus Ericsson,2017,5.0
23470,973,4,1,14,7.0,12.0,12,12,0.0,64,12,0,2017,5,4,Spanish Grand Prix,2017-05-14,12:00:00,alonso,14,ALO,Fernando,Alonso,1981-07-29,Spanish,mclaren,McLaren,British,Fernando Alonso,2017,-5.0
23471,973,13,3,19,9.0,13.0,13,13,0.0,64,12,0,2017,5,4,Spanish Grand Prix,2017-05-14,12:00:00,massa,19,MAS,Felipe,Massa,1981-04-25,Brazilian,williams,Williams,British,Felipe Massa,2017,-4.0
23472,973,825,210,20,11.0,14.0,14,14,0.0,64,12,0,2017,5,4,Spanish Grand Prix,2017-05-14,12:00:00,kevin_magnussen,20,MAG,Kevin,Magnussen,1992-10-05,Danish,haas,Haas F1 Team,American,Kevin Magnussen,2017,-3.0
23473,973,835,4,30,17.0,15.0,15,15,0.0,64,12,0,2017,5,4,Spanish Grand Prix,2017-05-14,12:00:00,jolyon_palmer,30,PAL,Jolyon,Palmer,1991-01-20,British,renault,Renault,French,Jolyon Palmer,2017,2.0
23474,973,840,3,18,18.0,16.0,16,16,0.0,64,12,0,2017,5,4,Spanish Grand Prix,2017-05-14,12:00:00,stroll,18,STR,Lance,Stroll,1998-10-29,Canadian,williams,Williams,British,Lance Stroll,2017,2.0
23475,973,822,131,77,3.0,0.0,R,17,0.0,38,131,1,2017,5,4,Spanish Grand Prix,2017-05-14,12:00:00,bottas,77,BOT,Valtteri,Bottas,1989-08-28,Finnish,mercedes,Mercedes,German,Valtteri Bottas,2017,3.0
23476,973,838,1,2,20.0,0.0,R,18,0.0,32,4,1,2017,5,4,Spanish Grand Prix,2017-05-14,12:00:00,vandoorne,2,VAN,Stoffel,Vandoorne,1992-03-26,Belgian,mclaren,McLaren,British,Stoffel Vandoorne,2017,20.0
23477,973,830,9,33,5.0,0.0,R,19,0.0,1,130,1,2017,5,4,Spanish Grand Prix,2017-05-14,12:00:00,max_verstappen,33,VER,Max,Verstappen,1997-09-30,Dutch,red_bull,Red Bull,Austrian,Max Verstappen,2017,5.0
23478,973,8,6,7,4.0,0.0,R,20,0.0,0,130,1,2017,5,4,Spanish Grand Prix,2017-05-14,12:00:00,raikkonen,7,RAI,Kimi,Räikkönen,1979-10-17,Finnish,ferrari,Ferrari,Italian,Kimi Räikkönen,2017,4.0
23479,974,20,6,5,2.0,1.0,1,1,25.0,78,1,0,2017,6,6,Monaco Grand Prix,2017-05-28,12:00:00,vettel,5,VET,Sebastian,Vettel,1987-07-03,German,ferrari,Ferrari,Italian,Sebastian Vettel,2017,1.0
23480,974,8,6,7,1.0,2.0,2,2,18.0,78,1,0,2017,6,6,Monaco Grand Prix,2017-05-28,12:00:00,raikkonen,7,RAI,Kimi,Räikkönen,1979-10-17,Finnish,ferrari,Ferrari,Italian,Kimi Räikkönen,2017,-1.0
23481,974,817,9,3,5.0,3.0,3,3,15.0,78,1,0,2017,6,6,Monaco Grand Prix,2017-05-28,12:00:00,ricciardo,3,RIC,Daniel,Ricciardo,1989-07-01,Australian,red_bull,Red Bull,Austrian,Daniel Ricciardo,2017,2.0
23482,974,822,131,77,3.0,4.0,4,4,12.0,78,1,0,2017,6,6,Monaco Grand Prix,2017-05-28,12:00:00,bottas,77,BOT,Valtteri,Bottas,1989-08-28,Finnish,mercedes,Mercedes,German,Valtteri Bottas,2017,-1.0
23483,974,830,9,33,4.0,5.0,5,5,10.0,78,1,0,2017,6,6,Monaco Grand Prix,2017-05-28,12:00:00,max_verstappen,33,VER,Max,Verstappen,1997-09-30,Dutch,red_bull,Red Bull,Austrian,Max Verstappen,2017,-1.0
23484,974,832,5,55,6.0,6.0,6,6,8.0,78,1,0,2017,6,6,Monaco Grand Prix,2017-05-28,12:00:00,sainz,55,SAI,Carlos,Sainz,1994-09-01,Spanish,toro_rosso,Toro Rosso,Italian,Carlos Sainz,2017,0.0
23485,974,1,131,44,13.0,7.0,7,7,6.0,78,1,0,2017,6,6,Monaco Grand Prix,2017-05-28,12:00:00,hamilton,44,HAM,Lewis,Hamilton,1985-01-07,British,mercedes,Mercedes,German,Lewis Hamilton,2017,6.0
23486,974,154,210,8,8.0,8.0,8,8,4.0,78,1,0,2017,6,6,Monaco Grand Prix,2017-05-28,12:00:00,grosjean,8,GRO,Romain,Grosjean,1986-04-17,French,haas,Haas F1 Team,American,Romain Grosjean,2017,0.0
23487,974,13,3,19,14.0,9.0,9,9,2.0,78,1,0,2017,6,6,Monaco Grand Prix,2017-05-28,12:00:00,massa,19,MAS,Felipe,Massa,1981-04-25,Brazilian,williams,Williams,British,Felipe Massa,2017,5.0
23488,974,825,210,20,11.0,10.0,10,10,1.0,78,1,0,2017,6,6,Monaco Grand Prix,2017-05-28,12:00:00,kevin_magnussen,20,MAG,Kevin,Magnussen,1992-10-05,Danish,haas,Haas F1 Team,American,Kevin Magnussen,2017,1.0
23489,974,835,4,30,16.0,11.0,11,11,0.0,78,1,0,2017,6,6,Monaco Grand Prix,2017-05-28,12:00:00,jolyon_palmer,30,PAL,Jolyon,Palmer,1991-01-20,British,renault,Renault,French,Jolyon Palmer,2017,5.0
23490,974,839,10,31,15.0,12.0,12,12,0.0,78,1,0,2017,6,6,Monaco Grand Prix,2017-05-28,12:00:00,ocon,31,OCO,Esteban,Ocon,1996-09-17,French,force_india,Force India,Indian,Esteban Ocon,2017,3.0
23491,974,815,10,11,7.0,13.0,13,13,0.0,78,1,0,2017,6,6,Monaco Grand Prix,2017-05-28,12:00:00,perez,11,PER,Sergio,Pérez,1990-01-26,Mexican,force_india,Force India,Indian,Sergio Pérez,2017,-6.0
23492,974,826,5,26,9.0,14.0,14,14,0.0,71,130,0,2017,6,6,Monaco Grand Prix,2017-05-28,12:00:00,kvyat,26,KVY,Daniil,Kvyat,1994-04-26,Russian,toro_rosso,Toro Rosso,Italian,Daniil Kvyat,2017,-5.0
23493,974,840,3,18,17.0,15.0,15,15,0.0,71,23,0,2017,6,6,Monaco Grand Prix,2017-05-28,12:00:00,stroll,18,STR,Lance,Stroll,1998-10-29,Canadian,williams,Williams,British,Lance Stroll,2017,2.0
23494,974,838,1,2,12.0,0.0,R,16,0.0,66,3,1,2017,6,6,Monaco Grand Prix,2017-05-28,12:00:00,vandoorne,2,VAN,Stoffel,Vandoorne,1992-03-26,Belgian,mclaren,McLaren,British,Stoffel Vandoorne,2017,12.0
23495,974,828,15,9,19.0,0.0,R,17,0.0,63,3,1,2017,6,6,Monaco Grand Prix,2017-05-28,12:00:00,ericsson,9,ERI,Marcus,Ericsson,1990-09-02,Swedish,sauber,Sauber,Swiss,Marcus Ericsson,2017,19.0
23496,974,18,1,22,20.0,0.0,R,18,0.0,57,130,1,2017,6,6,Monaco Grand Prix,2017-05-28,12:00:00,button,22,BUT,Jenson,Button,1980-01-19,British,mclaren,McLaren,British,Jenson Button,2017,20.0
23497,974,836,15,94,18.0,0.0,R,19,0.0,57,4,1,2017,6,6,Monaco Grand Prix,2017-05-28,12:00:00,wehrlein,94,WEH,Pascal,Wehrlein,1994-10-18,German,sauber,Sauber,Swiss,Pascal Wehrlein,2017,18.0
23498,974,807,4,27,10.0,0.0,R,20,0.0,15,6,1,2017,6,6,Monaco Grand Prix,2017-05-28,12:00:00,hulkenberg,27,HUL,Nico,Hülkenberg,1987-08-19,German,renault,Renault,French,Nico Hülkenberg,2017,10.0
23499,975,1,131,44,1.0,1.0,1,1,25.0,70,1,0,2017,7,7,Canadian Grand Prix,2017-06-11,18:00:00,hamilton,44,HAM,Lewis,Hamilton,1985-01-07,British,mercedes,Mercedes,German,Lewis Hamilton,2017,0.0
23500,975,822,131,77,3.0,2.0,2,2,18.0,70,1,0,2017,7,7,Canadian Grand Prix,2017-06-11,18:00:00,bottas,77,BOT,Valtteri,Bottas,1989-08-28,Finnish,mercedes,Mercedes,German,Valtteri Bottas,2017,1.0
23501,975,817,9,3,6.0,3.0,3,3,15.0,70,1,0,2017,7,7,Canadian Grand Prix,2017-06-11,18:00:00,ricciardo,3,RIC,Daniel,Ricciardo,1989-07-01,Australian,red_bull,Red Bull,Austrian,Daniel Ricciardo,2017,3.0
23502,975,20,6,5,2.0,4.0,4,4,12.0,70,1,0,2017,7,7,Canadian Grand Prix,2017-06-11,18:00:00,vettel,5,VET,Sebastian,Vettel,1987-07-03,German,ferrari,Ferrari,Italian,Sebastian Vettel,2017,-2.0
23503,975,815,10,11,8.0,5.0,5,5,10.0,70,1,0,2017,7,7,Canadian Grand Prix,2017-06-11,18:00:00,perez,11,PER,Sergio,Pérez,1990-01-26,Mexican,force_india,Force India,Indian,Sergio Pérez,2017,3.0
23504,975,839,10,31,9.0,6.0,6,6,8.0,70,1,0,2017,7,7,Canadian Grand Prix,2017-06-11,18:00:00,ocon,31,OCO,Esteban,Ocon,1996-09-17,French,force_india,Force India,Indian,Esteban Ocon,2017,3.0
23505,975,8,6,7,4.0,7.0,7,7,6.0,70,1,0,2017,7,7,Canadian Grand Prix,2017-06-11,18:00:00,raikkonen,7,RAI,Kimi,Räikkönen,1979-10-17,Finnish,ferrari,Ferrari,Italian,Kimi Räikkönen,2017,-3.0
23506,975,807,4,27,10.0,8.0,8,8,4.0,70,1,0,2017,7,7,Canadian Grand Prix,2017-06-11,18:00:00,hulkenberg,27,HUL,Nico,Hülkenberg,1987-08-19,German,renault,Renault,French,Nico Hülkenberg,2017,2.0
23507,975,840,3,18,17.0,9.0,9,9,2.0,69,11,0,2017,7,7,Canadian Grand Prix,2017-06-11,18:00:00,stroll,18,STR,Lance,Stroll,1998-10-29,Canadian,williams,Williams,British,Lance Stroll,2017,8.0
23508,975,154,210,8,14.0,10.0,10,10,1.0,69,11,0,2017,7,7,Canadian Grand Prix,2017-06-11,18:00:00,grosjean,8,GRO,Romain,Grosjean,1986-04-17,French,haas,Haas F1 Team,American,Romain Grosjean,2017,4.0
23509,975,835,4,30,15.0,11.0,11,11,0.0,69,11,0,2017,7,7,Canadian Grand Prix,2017-06-11,18:00:00,jolyon_palmer,30,PAL,Jolyon,Palmer,1991-01-20,British,renault,Renault,French,Jolyon Palmer,2017,4.0
23510,975,825,210,20,18.0,12.0,12,12,0.0,69,11,0,2017,7,7,Canadian Grand Prix,2017-06-11,18:00:00,kevin_magnussen,20,MAG,Kevin,Magnussen,1992-10-05,Danish,haas,Haas F1 Team,American,Kevin Magnussen,2017,6.0
23511,975,828,15,9,19.0,13.0,13,13,0.0,69,11,0,2017,7,7,Canadian Grand Prix,2017-06-11,18:00:00,ericsson,9,ERI,Marcus,Ericsson,1990-09-02,Swedish,sauber,Sauber,Swiss,Marcus Ericsson,2017,6.0
23512,975,838,1,2,16.0,14.0,14,14,0.0,69,11,0,2017,7,7,Canadian Grand Prix,2017-06-11,18:00:00,vandoorne,2,VAN,Stoffel,Vandoorne,1992-03-26,Belgian,mclaren,McLaren,British,Stoffel Vandoorne,2017,2.0
23513,975,836,15,94,20.0,15.0,15,15,0.0,68,12,0,2017,7,7,Canadian Grand Prix,2017-06-11,18:00:00,wehrlein,94,WEH,Pascal,Wehrlein,1994-10-18,German,sauber,Sauber,Swiss,Pascal Wehrlein,2017,5.0
23514,975,4,1,14,12.0,16.0,16,16,0.0,66,131,0,2017,7,7,Canadian Grand Prix,2017-06-11,18:00:00,alonso,14,ALO,Fernando,Alonso,1981-07-29,Spanish,mclaren,McLaren,British,Fernando Alonso,2017,-4.0
23515,975,826,5,26,11.0,0.0,R,17,0.0,54,131,1,2017,7,7,Canadian Grand Prix,2017-06-11,18:00:00,kvyat,26,KVY,Daniil,Kvyat,1994-04-26,Russian,toro_rosso,Toro Rosso,Italian,Daniil Kvyat,2017,11.0
23516,975,830,9,33,5.0,0.0,R,18,0.0,10,10,1,2017,7,7,Canadian Grand Prix,2017-06-11,18:00:00,max_verstappen,33,VER,Max,Verstappen,1997-09-30,Dutch,red_bull,Red Bull,Austrian,Max Verstappen,2017,5.0
23517,975,13,3,19,7.0,0.0,R,19,0.0,0,4,1,2017,7,7,Canadian Grand Prix,2017-06-11,18:00:00,massa,19,MAS,Felipe,Massa,1981-04-25,Brazilian,williams,Williams,British,Felipe Massa,2017,7.0
23518,975,832,5,55,13.0,0.0,R,20,0.0,0,4,1,2017,7,7,Canadian Grand Prix,2017-06-11,18:00:00,sainz,55,SAI,Carlos,Sainz,1994-09-01,Spanish,toro_rosso,Toro Rosso,Italian,Carlos Sainz,2017,13.0
23519,976,817,9,3,10.0,1.0,1,1,25.0,51,1,0,2017,8,73,Azerbaijan Grand Prix,2017-06-25,13:00:00,ricciardo,3,RIC,Daniel,Ricciardo,1989-07-01,Australian,red_bull,Red Bull,Austrian,Daniel Ricciardo,2017,9.0
23520,976,822,131,77,2.0,2.0,2,2,18.0,51,1,0,2017,8,73,Azerbaijan Grand Prix,2017-06-25,13:00:00,bottas,77,BOT,Valtteri,Bottas,1989-08-28,Finnish,mercedes,Mercedes,German,Valtteri Bottas,2017,0.0
23521,976,840,3,18,8.0,3.0,3,3,15.0,51,1,0,2017,8,73,Azerbaijan Grand Prix,2017-06-25,13:00:00,stroll,18,STR,Lance,Stroll,1998-10-29,Canadian,williams,Williams,British,Lance Stroll,2017,5.0
23522,976,20,6,5,4.0,4.0,4,4,12.0,51,1,0,2017,8,73,Azerbaijan Grand Prix,2017-06-25,13:00:00,vettel,5,VET,Sebastian,Vettel,1987-07-03,German,ferrari,Ferrari,Italian,Sebastian Vettel,2017,0.0
23523,976,1,131,44,1.0,5.0,5,5,10.0,51,1,0,2017,8,73,Azerbaijan Grand Prix,2017-06-25,13:00:00,hamilton,44,HAM,Lewis,Hamilton,1985-01-07,British,mercedes,Mercedes,German,Lewis Hamilton,2017,-4.0
23524,976,839,10,31,7.0,6.0,6,6,8.0,51,1,0,2017,8,73,Azerbaijan Grand Prix,2017-06-25,13:00:00,ocon,31,OCO,Esteban,Ocon,1996-09-17,French,force_india,Force India,Indian,Esteban Ocon,2017,1.0
23525,976,825,210,20,12.0,7.0,7,7,6.0,51,1,0,2017,8,73,Azerbaijan Grand Prix,2017-06-25,13:00:00,kevin_magnussen,20,MAG,Kevin,Magnussen,1992-10-05,Danish,haas,Haas F1 Team,American,Kevin Magnussen,2017,5.0
23526,976,832,5,55,15.0,8.0,8,8,4.0,51,1,0,2017,8,73,Azerbaijan Grand Prix,2017-06-25,13:00:00,sainz,55,SAI,Carlos,Sainz,1994-09-01,Spanish,toro_rosso,Toro Rosso,Italian,Carlos Sainz,2017,7.0
23527,976,4,1,14,19.0,9.0,9,9,2.0,51,1,0,2017,8,73,Azerbaijan Grand Prix,2017-06-25,13:00:00,alonso,14,ALO,Fernando,Alonso,1981-07-29,Spanish,mclaren,McLaren,British,Fernando Alonso,2017,10.0
23528,976,836,15,94,14.0,10.0,10,10,1.0,51,1,0,2017,8,73,Azerbaijan Grand Prix,2017-06-25,13:00:00,wehrlein,94,WEH,Pascal,Wehrlein,1994-10-18,German,sauber,Sauber,Swiss,Pascal Wehrlein,2017,4.0
23529,976,828,15,9,17.0,11.0,11,11,0.0,51,1,0,2017,8,73,Azerbaijan Grand Prix,2017-06-25,13:00:00,ericsson,9,ERI,Marcus,Ericsson,1990-09-02,Swedish,sauber,Sauber,Swiss,Marcus Ericsson,2017,6.0
23530,976,838,1,2,18.0,12.0,12,12,0.0,51,1,0,2017,8,73,Azerbaijan Grand Prix,2017-06-25,13:00:00,vandoorne,2,VAN,Stoffel,Vandoorne,1992-03-26,Belgian,mclaren,McLaren,British,Stoffel Vandoorne,2017,6.0
23531,976,154,210,8,16.0,13.0,13,13,0.0,50,11,0,2017,8,73,Azerbaijan Grand Prix,2017-06-25,13:00:00,grosjean,8,GRO,Romain,Grosjean,1986-04-17,French,haas,Haas F1 Team,American,Romain Grosjean,2017,3.0
23532,976,8,6,7,3.0,14.0,14,14,0.0,46,34,0,2017,8,73,Azerbaijan Grand Prix,2017-06-25,13:00:00,raikkonen,7,RAI,Kimi,Räikkönen,1979-10-17,Finnish,ferrari,Ferrari,Italian,Kimi Räikkönen,2017,-11.0
23533,976,815,10,11,6.0,0.0,R,15,0.0,39,136,1,2017,8,73,Azerbaijan Grand Prix,2017-06-25,13:00:00,perez,11,PER,Sergio,Pérez,1990-01-26,Mexican,force_india,Force India,Indian,Sergio Pérez,2017,6.0
23534,976,13,3,19,9.0,0.0,R,16,0.0,25,22,1,2017,8,73,Azerbaijan Grand Prix,2017-06-25,13:00:00,massa,19,MAS,Felipe,Massa,1981-04-25,Brazilian,williams,Williams,British,Felipe Massa,2017,9.0
23535,976,807,4,27,13.0,0.0,R,17,0.0,24,3,1,2017,8,73,Azerbaijan Grand Prix,2017-06-25,13:00:00,hulkenberg,27,HUL,Nico,Hülkenberg,1987-08-19,German,renault,Renault,French,Nico Hülkenberg,2017,13.0
23536,976,830,9,33,5.0,0.0,R,18,0.0,12,51,1,2017,8,73,Azerbaijan Grand Prix,2017-06-25,13:00:00,max_verstappen,33,VER,Max,Verstappen,1997-09-30,Dutch,red_bull,Red Bull,Austrian,Max Verstappen,2017,5.0
23537,976,826,5,26,11.0,0.0,R,19,0.0,9,84,1,2017,8,73,Azerbaijan Grand Prix,2017-06-25,13:00:00,kvyat,26,KVY,Daniil,Kvyat,1994-04-26,Russian,toro_rosso,Toro Rosso,Italian,Daniil Kvyat,2017,11.0
23538,976,835,4,30,20.0,0.0,R,20,0.0,7,131,1,2017,8,73,Azerbaijan Grand Prix,2017-06-25,13:00:00,jolyon_palmer,30,PAL,Jolyon,Palmer,1991-01-20,British,renault,Renault,French,Jolyon Palmer,2017,20.0
23542,977,822,131,77,1.0,1.0,1,1,25.0,71,1,0,2017,9,70,Austrian Grand Prix,2017-07-09,12:00:00,bottas,77,BOT,Valtteri,Bottas,1989-08-28,Finnish,mercedes,Mercedes,German,Valtteri Bottas,2017,0.0
23543,977,20,6,5,2.0,2.0,2,2,18.0,71,1,0,2017,9,70,Austrian Grand Prix,2017-07-09,12:00:00,vettel,5,VET,Sebastian,Vettel,1987-07-03,German,ferrari,Ferrari,Italian,Sebastian Vettel,2017,0.0
23544,977,817,9,3,4.0,3.0,3,3,15.0,71,1,0,2017,9,70,Austrian Grand Prix,2017-07-09,12:00:00,ricciardo,3,RIC,Daniel,Ricciardo,1989-07-01,Australian,red_bull,Red Bull,Austrian,Daniel Ricciardo,2017,1.0
23545,977,1,131,44,8.0,4.0,4,4,12.0,71,1,0,2017,9,70,Austrian Grand Prix,2017-07-09,12:00:00,hamilton,44,HAM,Lewis,Hamilton,1985-01-07,British,mercedes,Mercedes,German,Lewis Hamilton,2017,4.0
23546,977,8,6,7,3.0,5.0,5,5,10.0,71,1,0,2017,9,70,Austrian Grand Prix,2017-07-09,12:00:00,raikkonen,7,RAI,Kimi,Räikkönen,1979-10-17,Finnish,ferrari,Ferrari,Italian,Kimi Räikkönen,2017,-2.0
23547,977,154,210,8,6.0,6.0,6,6,8.0,71,1,0,2017,9,70,Austrian Grand Prix,2017-07-09,12:00:00,grosjean,8,GRO,Romain,Grosjean,1986-04-17,French,haas,Haas F1 Team,American,Romain Grosjean,2017,0.0
23548,977,815,10,11,7.0,7.0,7,7,6.0,70,11,0,2017,9,70,Austrian Grand Prix,2017-07-09,12:00:00,perez,11,PER,Sergio,Pérez,1990-01-26,Mexican,force_india,Force India,Indian,Sergio Pérez,2017,0.0
23549,977,839,10,31,9.0,8.0,8,8,4.0,70,11,0,2017,9,70,Austrian Grand Prix,2017-07-09,12:00:00,ocon,31,OCO,Esteban,Ocon,1996-09-17,French,force_india,Force India,Indian,Esteban Ocon,2017,1.0
23550,977,13,3,19,17.0,9.0,9,9,2.0,70,11,0,2017,9,70,Austrian Grand Prix,2017-07-09,12:00:00,massa,19,MAS,Felipe,Massa,1981-04-25,Brazilian,williams,Williams,British,Felipe Massa,2017,8.0
23551,977,840,3,18,18.0,10.0,10,10,1.0,70,11,0,2017,9,70,Austrian Grand Prix,2017-07-09,12:00:00,stroll,18,STR,Lance,Stroll,1998-10-29,Canadian,williams,Williams,British,Lance Stroll,2017,8.0
23552,977,835,4,30,16.0,11.0,11,11,0.0,70,11,0,2017,9,70,Austrian Grand Prix,2017-07-09,12:00:00,jolyon_palmer,30,PAL,Jolyon,Palmer,1991-01-20,British,renault,Renault,French,Jolyon Palmer,2017,5.0
23553,977,838,1,2,13.0,12.0,12,12,0.0,70,11,0,2017,9,70,Austrian Grand Prix,2017-07-09,12:00:00,vandoorne,2,VAN,Stoffel,Vandoorne,1992-03-26,Belgian,mclaren,McLaren,British,Stoffel Vandoorne,2017,1.0
23554,977,807,4,27,11.0,13.0,13,13,0.0,70,11,0,2017,9,70,Austrian Grand Prix,2017-07-09,12:00:00,hulkenberg,27,HUL,Nico,Hülkenberg,1987-08-19,German,renault,Renault,French,Nico Hülkenberg,2017,-2.0
23555,977,836,15,94,20.0,14.0,14,14,0.0,70,11,0,2017,9,70,Austrian Grand Prix,2017-07-09,12:00:00,wehrlein,94,WEH,Pascal,Wehrlein,1994-10-18,German,sauber,Sauber,Swiss,Pascal Wehrlein,2017,6.0
23556,977,828,15,9,19.0,15.0,15,15,0.0,69,12,0,2017,9,70,Austrian Grand Prix,2017-07-09,12:00:00,ericsson,9,ERI,Marcus,Ericsson,1990-09-02,Swedish,sauber,Sauber,Swiss,Marcus Ericsson,2017,4.0
23557,977,826,5,26,14.0,16.0,16,16,0.0,68,13,0,2017,9,70,Austrian Grand Prix,2017-07-09,12:00:00,kvyat,26,KVY,Daniil,Kvyat,1994-04-26,Russian,toro_rosso,Toro Rosso,Italian,Daniil Kvyat,2017,-2.0
23558,977,832,5,55,10.0,0.0,R,17,0.0,44,5,1,2017,9,70,Austrian Grand Prix,2017-07-09,12:00:00,sainz,55,SAI,Carlos,Sainz,1994-09-01,Spanish,toro_rosso,Toro Rosso,Italian,Carlos Sainz,2017,10.0
23559,977,825,210,20,15.0,0.0,R,18,0.0,29,9,1,2017,9,70,Austrian Grand Prix,2017-07-09,12:00:00,kevin_magnussen,20,MAG,Kevin,Magnussen,1992-10-05,Danish,haas,Haas F1 Team,American,Kevin Magnussen,2017,15.0
23560,977,4,1,14,12.0,0.0,R,19,0.0,1,130,1,2017,9,70,Austrian Grand Prix,2017-07-09,12:00:00,alonso,14,ALO,Fernando,Alonso,1981-07-29,Spanish,mclaren,McLaren,British,Fernando Alonso,2017,12.0
23561,977,830,9,33,5.0,0.0,R,20,0.0,0,130,1,2017,9,70,Austrian Grand Prix,2017-07-09,12:00:00,max_verstappen,33,VER,Max,Verstappen,1997-09-30,Dutch,red_bull,Red Bull,Austrian,Max Verstappen,2017,5.0
23562,978,1,131,44,1.0,1.0,1,1,25.0,51,1,0,2017,10,9,British Grand Prix,2017-07-16,12:00:00,hamilton,44,HAM,Lewis,Hamilton,1985-01-07,British,mercedes,Mercedes,German,Lewis Hamilton,2017,0.0
23563,978,822,131,77,9.0,2.0,2,2,18.0,51,1,0,2017,10,9,British Grand Prix,2017-07-16,12:00:00,bottas,77,BOT,Valtteri,Bottas,1989-08-28,Finnish,mercedes,Mercedes,German,Valtteri Bottas,2017,7.0
23564,978,8,6,7,2.0,3.0,3,3,15.0,51,1,0,2017,10,9,British Grand Prix,2017-07-16,12:00:00,raikkonen,7,RAI,Kimi,Räikkönen,1979-10-17,Finnish,ferrari,Ferrari,Italian,Kimi Räikkönen,2017,-1.0
23565,978,830,9,33,4.0,4.0,4,4,12.0,51,1,0,2017,10,9,British Grand Prix,2017-07-16,12:00:00,max_verstappen,33,VER,Max,Verstappen,1997-09-30,Dutch,red_bull,Red Bull,Austrian,Max Verstappen,2017,0.0
23566,978,817,9,3,19.0,5.0,5,5,10.0,51,1,0,2017,10,9,British Grand Prix,2017-07-16,12:00:00,ricciardo,3,RIC,Daniel,Ricciardo,1989-07-01,Australian,red_bull,Red Bull,Austrian,Daniel Ricciardo,2017,14.0
23567,978,807,4,27,5.0,6.0,6,6,8.0,51,1,0,2017,10,9,British Grand Prix,2017-07-16,12:00:00,hulkenberg,27,HUL,Nico,Hülkenberg,1987-08-19,German,renault,Renault,French,Nico Hülkenberg,2017,-1.0
23568,978,20,6,5,3.0,7.0,7,7,6.0,51,1,0,2017,10,9,British Grand Prix,2017-07-16,12:00:00,vettel,5,VET,Sebastian,Vettel,1987-07-03,German,ferrari,Ferrari,Italian,Sebastian Vettel,2017,-4.0
23569,978,839,10,31,7.0,8.0,8,8,4.0,50,11,0,2017,10,9,British Grand Prix,2017-07-16,12:00:00,ocon,31,OCO,Esteban,Ocon,1996-09-17,French,force_india,Force India,Indian,Esteban Ocon,2017,-1.0
23570,978,815,10,11,6.0,9.0,9,9,2.0,50,11,0,2017,10,9,British Grand Prix,2017-07-16,12:00:00,perez,11,PER,Sergio,Pérez,1990-01-26,Mexican,force_india,Force India,Indian,Sergio Pérez,2017,-3.0
23571,978,13,3,19,14.0,10.0,10,10,1.0,50,11,0,2017,10,9,British Grand Prix,2017-07-16,12:00:00,massa,19,MAS,Felipe,Massa,1981-04-25,Brazilian,williams,Williams,British,Felipe Massa,2017,4.0
23572,978,838,1,2,8.0,11.0,11,11,0.0,50,11,0,2017,10,9,British Grand Prix,2017-07-16,12:00:00,vandoorne,2,VAN,Stoffel,Vandoorne,1992-03-26,Belgian,mclaren,McLaren,British,Stoffel Vandoorne,2017,-3.0
23573,978,825,210,20,16.0,12.0,12,12,0.0,50,11,0,2017,10,9,British Grand Prix,2017-07-16,12:00:00,kevin_magnussen,20,MAG,Kevin,Magnussen,1992-10-05,Danish,haas,Haas F1 Team,American,Kevin Magnussen,2017,4.0
23574,978,154,210,8,10.0,13.0,13,13,0.0,50,11,0,2017,10,9,British Grand Prix,2017-07-16,12:00:00,grosjean,8,GRO,Romain,Grosjean,1986-04-17,French,haas,Haas F1 Team,American,Romain Grosjean,2017,-3.0
23575,978,828,15,9,18.0,14.0,14,14,0.0,50,11,0,2017,10,9,British Grand Prix,2017-07-16,12:00:00,ericsson,9,ERI,Marcus,Ericsson,1990-09-02,Swedish,sauber,Sauber,Swiss,Marcus Ericsson,2017,4.0
23576,978,826,5,26,12.0,15.0,15,15,0.0,50,11,0,2017,10,9,British Grand Prix,2017-07-16,12:00:00,kvyat,26,KVY,Daniil,Kvyat,1994-04-26,Russian,toro_rosso,Toro Rosso,Italian,Daniil Kvyat,2017,-3.0
23577,978,840,3,18,15.0,16.0,16,16,0.0,50,11,0,2017,10,9,British Grand Prix,2017-07-16,12:00:00,stroll,18,STR,Lance,Stroll,1998-10-29,Canadian,williams,Williams,British,Lance Stroll,2017,-1.0
23578,978,836,15,94,17.0,17.0,17,17,0.0,50,11,0,2017,10,9,British Grand Prix,2017-07-16,12:00:00,wehrlein,94,WEH,Pascal,Wehrlein,1994-10-18,German,sauber,Sauber,Swiss,Pascal Wehrlein,2017,0.0
23579,978,4,1,14,20.0,0.0,R,18,0.0,32,131,1,2017,10,9,British Grand Prix,2017-07-16,12:00:00,alonso,14,ALO,Fernando,Alonso,1981-07-29,Spanish,mclaren,McLaren,British,Fernando Alonso,2017,20.0
23580,978,832,5,55,13.0,0.0,R,19,0.0,0,130,1,2017,10,9,British Grand Prix,2017-07-16,12:00:00,sainz,55,SAI,Carlos,Sainz,1994-09-01,Spanish,toro_rosso,Toro Rosso,Italian,Carlos Sainz,2017,13.0
23581,978,835,4,30,11.0,0.0,R,20,0.0,0,9,1,2017,10,9,British Grand Prix,2017-07-16,12:00:00,jolyon_palmer,30,PAL,Jolyon,Palmer,1991-01-20,British,renault,Renault,French,Jolyon Palmer,2017,11.0
23582,979,20,6,5,1.0,1.0,1,1,25.0,70,1,0,2017,11,11,Hungarian Grand Prix,2017-07-30,12:00:00,vettel,5,VET,Sebastian,Vettel,1987-07-03,German,ferrari,Ferrari,Italian,Sebastian Vettel,2017,0.0
23583,979,8,6,7,2.0,2.0,2,2,18.0,70,1,0,2017,11,11,Hungarian Grand Prix,2017-07-30,12:00:00,raikkonen,7,RAI,Kimi,Räikkönen,1979-10-17,Finnish,ferrari,Ferrari,Italian,Kimi Räikkönen,2017,0.0
23584,979,822,131,77,3.0,3.0,3,3,15.0,70,1,0,2017,11,11,Hungarian Grand Prix,2017-07-30,12:00:00,bottas,77,BOT,Valtteri,Bottas,1989-08-28,Finnish,mercedes,Mercedes,German,Valtteri Bottas,2017,0.0
23585,979,1,131,44,4.0,4.0,4,4,12.0,70,1,0,2017,11,11,Hungarian Grand Prix,2017-07-30,12:00:00,hamilton,44,HAM,Lewis,Hamilton,1985-01-07,British,mercedes,Mercedes,German,Lewis Hamilton,2017,0.0
23586,979,830,9,33,5.0,5.0,5,5,10.0,70,1,0,2017,11,11,Hungarian Grand Prix,2017-07-30,12:00:00,max_verstappen,33,VER,Max,Verstappen,1997-09-30,Dutch,red_bull,Red Bull,Austrian,Max Verstappen,2017,0.0
23587,979,4,1,14,7.0,6.0,6,6,8.0,70,1,0,2017,11,11,Hungarian Grand Prix,2017-07-30,12:00:00,alonso,14,ALO,Fernando,Alonso,1981-07-29,Spanish,mclaren,McLaren,British,Fernando Alonso,2017,1.0
23588,979,832,5,55,9.0,7.0,7,7,6.0,69,11,0,2017,11,11,Hungarian Grand Prix,2017-07-30,12:00:00,sainz,55,SAI,Carlos,Sainz,1994-09-01,Spanish,toro_rosso,Toro Rosso,Italian,Carlos Sainz,2017,2.0
23589,979,815,10,11,13.0,8.0,8,8,4.0,69,11,0,2017,11,11,Hungarian Grand Prix,2017-07-30,12:00:00,perez,11,PER,Sergio,Pérez,1990-01-26,Mexican,force_india,Force India,Indian,Sergio Pérez,2017,5.0
23590,979,839,10,31,11.0,9.0,9,9,2.0,69,11,0,2017,11,11,Hungarian Grand Prix,2017-07-30,12:00:00,ocon,31,OCO,Esteban,Ocon,1996-09-17,French,force_india,Force India,Indian,Esteban Ocon,2017,2.0
23591,979,838,1,2,8.0,10.0,10,10,1.0,69,11,0,2017,11,11,Hungarian Grand Prix,2017-07-30,12:00:00,vandoorne,2,VAN,Stoffel,Vandoorne,1992-03-26,Belgian,mclaren,McLaren,British,Stoffel Vandoorne,2017,-2.0
23592,979,826,5,26,16.0,11.0,11,11,0.0,69,11,0,2017,11,11,Hungarian Grand Prix,2017-07-30,12:00:00,kvyat,26,KVY,Daniil,Kvyat,1994-04-26,Russian,toro_rosso,Toro Rosso,Italian,Daniil Kvyat,2017,5.0
23593,979,835,4,30,10.0,12.0,12,12,0.0,69,11,0,2017,11,11,Hungarian Grand Prix,2017-07-30,12:00:00,jolyon_palmer,30,PAL,Jolyon,Palmer,1991-01-20,British,renault,Renault,French,Jolyon Palmer,2017,-2.0
23594,979,825,210,20,15.0,13.0,13,13,0.0,69,11,0,2017,11,11,Hungarian Grand Prix,2017-07-30,12:00:00,kevin_magnussen,20,MAG,Kevin,Magnussen,1992-10-05,Danish,haas,Haas F1 Team,American,Kevin Magnussen,2017,2.0
23595,979,840,3,18,17.0,14.0,14,14,0.0,69,11,0,2017,11,11,Hungarian Grand Prix,2017-07-30,12:00:00,stroll,18,STR,Lance,Stroll,1998-10-29,Canadian,williams,Williams,British,Lance Stroll,2017,3.0
23596,979,836,15,94,18.0,15.0,15,15,0.0,68,12,0,2017,11,11,Hungarian Grand Prix,2017-07-30,12:00:00,wehrlein,94,WEH,Pascal,Wehrlein,1994-10-18,German,sauber,Sauber,Swiss,Pascal Wehrlein,2017,3.0
23597,979,828,15,9,20.0,16.0,16,16,0.0,68,12,0,2017,11,11,Hungarian Grand Prix,2017-07-30,12:00:00,ericsson,9,ERI,Marcus,Ericsson,1990-09-02,Swedish,sauber,Sauber,Swiss,Marcus Ericsson,2017,4.0
23598,979,807,4,27,12.0,17.0,17,17,0.0,67,23,0,2017,11,11,Hungarian Grand Prix,2017-07-30,12:00:00,hulkenberg,27,HUL,Nico,Hülkenberg,1987-08-19,German,renault,Renault,French,Nico Hülkenberg,2017,-5.0
23599,979,814,3,40,19.0,0.0,R,18,0.0,60,44,1,2017,11,11,Hungarian Grand Prix,2017-07-30,12:00:00,resta,40,DIR,Paul,di Resta,1986-04-16,British,williams,Williams,British,Paul di Resta,2017,19.0
23600,979,154,210,8,14.0,0.0,R,19,0.0,20,61,1,2017,11,11,Hungarian Grand Prix,2017-07-30,12:00:00,grosjean,8,GRO,Romain,Grosjean,1986-04-17,French,haas,Haas F1 Team,American,Romain Grosjean,2017,14.0
23601,979,817,9,3,6.0,0.0,R,20,0.0,0,4,1,2017,11,11,Hungarian Grand Prix,2017-07-30,12:00:00,ricciardo,3,RIC,Daniel,Ricciardo,1989-07-01,Australian,red_bull,Red Bull,Austrian,Daniel Ricciardo,2017,6.0
23602,980,1,131,44,1.0,1.0,1,1,25.0,44,1,0,2017,12,13,Belgian Grand Prix,2017-08-27,12:00:00,hamilton,44,HAM,Lewis,Hamilton,1985-01-07,British,mercedes,Mercedes,German,Lewis Hamilton,2017,0.0
23603,980,20,6,5,2.0,2.0,2,2,18.0,44,1,0,2017,12,13,Belgian Grand Prix,2017-08-27,12:00:00,vettel,5,VET,Sebastian,Vettel,1987-07-03,German,ferrari,Ferrari,Italian,Sebastian Vettel,2017,0.0
23604,980,817,9,3,6.0,3.0,3,3,15.0,44,1,0,2017,12,13,Belgian Grand Prix,2017-08-27,12:00:00,ricciardo,3,RIC,Daniel,Ricciardo,1989-07-01,Australian,red_bull,Red Bull,Austrian,Daniel Ricciardo,2017,3.0
23605,980,8,6,7,4.0,4.0,4,4,12.0,44,1,0,2017,12,13,Belgian Grand Prix,2017-08-27,12:00:00,raikkonen,7,RAI,Kimi,Räikkönen,1979-10-17,Finnish,ferrari,Ferrari,Italian,Kimi Räikkönen,2017,0.0
23606,980,822,131,77,3.0,5.0,5,5,10.0,44,1,0,2017,12,13,Belgian Grand Prix,2017-08-27,12:00:00,bottas,77,BOT,Valtteri,Bottas,1989-08-28,Finnish,mercedes,Mercedes,German,Valtteri Bottas,2017,-2.0
23607,980,807,4,27,7.0,6.0,6,6,8.0,44,1,0,2017,12,13,Belgian Grand Prix,2017-08-27,12:00:00,hulkenberg,27,HUL,Nico,Hülkenberg,1987-08-19,German,renault,Renault,French,Nico Hülkenberg,2017,1.0
23608,980,154,210,8,11.0,7.0,7,7,6.0,44,1,0,2017,12,13,Belgian Grand Prix,2017-08-27,12:00:00,grosjean,8,GRO,Romain,Grosjean,1986-04-17,French,haas,Haas F1 Team,American,Romain Grosjean,2017,4.0
23609,980,13,3,19,16.0,8.0,8,8,4.0,44,1,0,2017,12,13,Belgian Grand Prix,2017-08-27,12:00:00,massa,19,MAS,Felipe,Massa,1981-04-25,Brazilian,williams,Williams,British,Felipe Massa,2017,8.0
23610,980,839,10,31,9.0,9.0,9,9,2.0,44,1,0,2017,12,13,Belgian Grand Prix,2017-08-27,12:00:00,ocon,31,OCO,Esteban,Ocon,1996-09-17,French,force_india,Force India,Indian,Esteban Ocon,2017,0.0
23611,980,832,5,55,13.0,10.0,10,10,1.0,44,1,0,2017,12,13,Belgian Grand Prix,2017-08-27,12:00:00,sainz,55,SAI,Carlos,Sainz,1994-09-01,Spanish,toro_rosso,Toro Rosso,Italian,Carlos Sainz,2017,3.0
23612,980,840,3,18,15.0,11.0,11,11,0.0,44,1,0,2017,12,13,Belgian Grand Prix,2017-08-27,12:00:00,stroll,18,STR,Lance,Stroll,1998-10-29,Canadian,williams,Williams,British,Lance Stroll,2017,4.0
23613,980,826,5,26,19.0,12.0,12,12,0.0,44,1,0,2017,12,13,Belgian Grand Prix,2017-08-27,12:00:00,kvyat,26,KVY,Daniil,Kvyat,1994-04-26,Russian,toro_rosso,Toro Rosso,Italian,Daniil Kvyat,2017,7.0
23614,980,835,4,30,14.0,13.0,13,13,0.0,44,1,0,2017,12,13,Belgian Grand Prix,2017-08-27,12:00:00,jolyon_palmer,30,PAL,Jolyon,Palmer,1991-01-20,British,renault,Renault,French,Jolyon Palmer,2017,1.0
23615,980,838,1,2,20.0,14.0,14,14,0.0,44,1,0,2017,12,13,Belgian Grand Prix,2017-08-27,12:00:00,vandoorne,2,VAN,Stoffel,Vandoorne,1992-03-26,Belgian,mclaren,McLaren,British,Stoffel Vandoorne,2017,6.0
23616,980,825,210,20,12.0,15.0,15,15,0.0,44,1,0,2017,12,13,Belgian Grand Prix,2017-08-27,12:00:00,kevin_magnussen,20,MAG,Kevin,Magnussen,1992-10-05,Danish,haas,Haas F1 Team,American,Kevin Magnussen,2017,-3.0
23617,980,828,15,9,17.0,16.0,16,16,0.0,44,1,0,2017,12,13,Belgian Grand Prix,2017-08-27,12:00:00,ericsson,9,ERI,Marcus,Ericsson,1990-09-02,Swedish,sauber,Sauber,Swiss,Marcus Ericsson,2017,1.0
23618,980,815,10,11,8.0,17.0,17,17,0.0,42,6,0,2017,12,13,Belgian Grand Prix,2017-08-27,12:00:00,perez,11,PER,Sergio,Pérez,1990-01-26,Mexican,force_india,Force India,Indian,Sergio Pérez,2017,-9.0
23619,980,4,1,14,10.0,0.0,R,18,0.0,25,5,1,2017,12,13,Belgian Grand Prix,2017-08-27,12:00:00,alonso,14,ALO,Fernando,Alonso,1981-07-29,Spanish,mclaren,McLaren,British,Fernando Alonso,2017,10.0
23620,980,830,9,33,5.0,0.0,R,19,0.0,7,5,1,2017,12,13,Belgian Grand Prix,2017-08-27,12:00:00,max_verstappen,33,VER,Max,Verstappen,1997-09-30,Dutch,red_bull,Red Bull,Austrian,Max Verstappen,2017,5.0
23621,980,836,15,94,18.0,0.0,R,20,0.0,2,4,1,2017,12,13,Belgian Grand Prix,2017-08-27,12:00:00,wehrlein,94,WEH,Pascal,Wehrlein,1994-10-18,German,sauber,Sauber,Swiss,Pascal Wehrlein,2017,18.0
23622,981,1,131,44,1.0,1.0,1,1,25.0,53,1,0,2017,13,14,Italian Grand Prix,2017-09-03,12:00:00,hamilton,44,HAM,Lewis,Hamilton,1985-01-07,British,mercedes,Mercedes,German,Lewis Hamilton,2017,0.0
23623,981,822,131,77,4.0,2.0,2,2,18.0,53,1,0,2017,13,14,Italian Grand Prix,2017-09-03,12:00:00,bottas,77,BOT,Valtteri,Bottas,1989-08-28,Finnish,mercedes,Mercedes,German,Valtteri Bottas,2017,2.0
23624,981,20,6,5,6.0,3.0,3,3,15.0,53,1,0,2017,13,14,Italian Grand Prix,2017-09-03,12:00:00,vettel,5,VET,Sebastian,Vettel,1987-07-03,German,ferrari,Ferrari,Italian,Sebastian Vettel,2017,3.0
23625,981,817,9,3,16.0,4.0,4,4,12.0,53,1,0,2017,13,14,Italian Grand Prix,2017-09-03,12:00:00,ricciardo,3,RIC,Daniel,Ricciardo,1989-07-01,Australian,red_bull,Red Bull,Austrian,Daniel Ricciardo,2017,12.0
23626,981,8,6,7,5.0,5.0,5,5,10.0,53,1,0,2017,13,14,Italian Grand Prix,2017-09-03,12:00:00,raikkonen,7,RAI,Kimi,Räikkönen,1979-10-17,Finnish,ferrari,Ferrari,Italian,Kimi Räikkönen,2017,0.0
23627,981,839,10,31,3.0,6.0,6,6,8.0,53,1,0,2017,13,14,Italian Grand Prix,2017-09-03,12:00:00,ocon,31,OCO,Esteban,Ocon,1996-09-17,French,force_india,Force India,Indian,Esteban Ocon,2017,-3.0
23628,981,840,3,18,2.0,7.0,7,7,6.0,53,1,0,2017,13,14,Italian Grand Prix,2017-09-03,12:00:00,stroll,18,STR,Lance,Stroll,1998-10-29,Canadian,williams,Williams,British,Lance Stroll,2017,-5.0
23629,981,13,3,19,7.0,8.0,8,8,4.0,53,1,0,2017,13,14,Italian Grand Prix,2017-09-03,12:00:00,massa,19,MAS,Felipe,Massa,1981-04-25,Brazilian,williams,Williams,British,Felipe Massa,2017,-1.0
23630,981,815,10,11,10.0,9.0,9,9,2.0,53,1,0,2017,13,14,Italian Grand Prix,2017-09-03,12:00:00,perez,11,PER,Sergio,Pérez,1990-01-26,Mexican,force_india,Force India,Indian,Sergio Pérez,2017,1.0
23631,981,830,9,33,13.0,10.0,10,10,1.0,52,11,0,2017,13,14,Italian Grand Prix,2017-09-03,12:00:00,max_verstappen,33,VER,Max,Verstappen,1997-09-30,Dutch,red_bull,Red Bull,Austrian,Max Verstappen,2017,3.0
23632,981,825,210,20,9.0,11.0,11,11,0.0,52,11,0,2017,13,14,Italian Grand Prix,2017-09-03,12:00:00,kevin_magnussen,20,MAG,Kevin,Magnussen,1992-10-05,Danish,haas,Haas F1 Team,American,Kevin Magnussen,2017,-2.0
23633,981,826,5,26,8.0,12.0,12,12,0.0,52,11,0,2017,13,14,Italian Grand Prix,2017-09-03,12:00:00,kvyat,26,KVY,Daniil,Kvyat,1994-04-26,Russian,toro_rosso,Toro Rosso,Italian,Daniil Kvyat,2017,-4.0
23634,981,807,4,27,14.0,13.0,13,13,0.0,52,11,0,2017,13,14,Italian Grand Prix,2017-09-03,12:00:00,hulkenberg,27,HUL,Nico,Hülkenberg,1987-08-19,German,renault,Renault,French,Nico Hülkenberg,2017,1.0
23635,981,832,5,55,15.0,14.0,14,14,0.0,52,11,0,2017,13,14,Italian Grand Prix,2017-09-03,12:00:00,sainz,55,SAI,Carlos,Sainz,1994-09-01,Spanish,toro_rosso,Toro Rosso,Italian,Carlos Sainz,2017,1.0
23636,981,154,210,8,20.0,15.0,15,15,0.0,52,11,0,2017,13,14,Italian Grand Prix,2017-09-03,12:00:00,grosjean,8,GRO,Romain,Grosjean,1986-04-17,French,haas,Haas F1 Team,American,Romain Grosjean,2017,5.0
23637,981,836,15,94,12.0,16.0,16,16,0.0,51,12,0,2017,13,14,Italian Grand Prix,2017-09-03,12:00:00,wehrlein,94,WEH,Pascal,Wehrlein,1994-10-18,German,sauber,Sauber,Swiss,Pascal Wehrlein,2017,-4.0
23638,981,4,1,14,19.0,17.0,17,17,0.0,50,6,0,2017,13,14,Italian Grand Prix,2017-09-03,12:00:00,alonso,14,ALO,Fernando,Alonso,1981-07-29,Spanish,mclaren,McLaren,British,Fernando Alonso,2017,2.0
23639,981,828,15,9,11.0,18.0,18,18,0.0,49,6,0,2017,13,14,Italian Grand Prix,2017-09-03,12:00:00,ericsson,9,ERI,Marcus,Ericsson,1990-09-02,Swedish,sauber,Sauber,Swiss,Marcus Ericsson,2017,-7.0
23640,981,838,1,2,18.0,0.0,R,19,0.0,33,5,1,2017,13,14,Italian Grand Prix,2017-09-03,12:00:00,vandoorne,2,VAN,Stoffel,Vandoorne,1992-03-26,Belgian,mclaren,McLaren,British,Stoffel Vandoorne,2017,18.0
23641,981,835,4,30,17.0,0.0,R,20,0.0,29,5,1,2017,13,14,Italian Grand Prix,2017-09-03,12:00:00,jolyon_palmer,30,PAL,Jolyon,Palmer,1991-01-20,British,renault,Renault,French,Jolyon Palmer,2017,17.0
23642,982,1,131,44,5.0,1.0,1,1,25.0,58,1,0,2017,14,15,Singapore Grand Prix,2017-09-17,12:00:00,hamilton,44,HAM,Lewis,Hamilton,1985-01-07,British,mercedes,Mercedes,German,Lewis Hamilton,2017,4.0
23643,982,817,9,3,3.0,2.0,2,2,18.0,58,1,0,2017,14,15,Singapore Grand Prix,2017-09-17,12:00:00,ricciardo,3,RIC,Daniel,Ricciardo,1989-07-01,Australian,red_bull,Red Bull,Austrian,Daniel Ricciardo,2017,1.0
23644,982,822,131,77,6.0,3.0,3,3,15.0,58,1,0,2017,14,15,Singapore Grand Prix,2017-09-17,12:00:00,bottas,77,BOT,Valtteri,Bottas,1989-08-28,Finnish,mercedes,Mercedes,German,Valtteri Bottas,2017,3.0
23645,982,832,5,55,10.0,4.0,4,4,12.0,58,1,0,2017,14,15,Singapore Grand Prix,2017-09-17,12:00:00,sainz,55,SAI,Carlos,Sainz,1994-09-01,Spanish,toro_rosso,Toro Rosso,Italian,Carlos Sainz,2017,6.0
23646,982,815,10,11,12.0,5.0,5,5,10.0,58,1,0,2017,14,15,Singapore Grand Prix,2017-09-17,12:00:00,perez,11,PER,Sergio,Pérez,1990-01-26,Mexican,force_india,Force India,Indian,Sergio Pérez,2017,7.0
23647,982,835,4,30,11.0,6.0,6,6,8.0,58,1,0,2017,14,15,Singapore Grand Prix,2017-09-17,12:00:00,jolyon_palmer,30,PAL,Jolyon,Palmer,1991-01-20,British,renault,Renault,French,Jolyon Palmer,2017,5.0
23648,982,838,1,2,9.0,7.0,7,7,6.0,58,1,0,2017,14,15,Singapore Grand Prix,2017-09-17,12:00:00,vandoorne,2,VAN,Stoffel,Vandoorne,1992-03-26,Belgian,mclaren,McLaren,British,Stoffel Vandoorne,2017,2.0
23649,982,840,3,18,18.0,8.0,8,8,4.0,58,1,0,2017,14,15,Singapore Grand Prix,2017-09-17,12:00:00,stroll,18,STR,Lance,Stroll,1998-10-29,Canadian,williams,Williams,British,Lance Stroll,2017,10.0
23650,982,154,210,8,15.0,9.0,9,9,2.0,58,1,0,2017,14,15,Singapore Grand Prix,2017-09-17,12:00:00,grosjean,8,GRO,Romain,Grosjean,1986-04-17,French,haas,Haas F1 Team,American,Romain Grosjean,2017,6.0
23651,982,839,10,31,14.0,10.0,10,10,1.0,58,1,0,2017,14,15,Singapore Grand Prix,2017-09-17,12:00:00,ocon,31,OCO,Esteban,Ocon,1996-09-17,French,force_india,Force India,Indian,Esteban Ocon,2017,4.0
23652,982,13,3,19,17.0,11.0,11,11,0.0,58,1,0,2017,14,15,Singapore Grand Prix,2017-09-17,12:00:00,massa,19,MAS,Felipe,Massa,1981-04-25,Brazilian,williams,Williams,British,Felipe Massa,2017,6.0
23653,982,836,15,94,19.0,12.0,12,12,0.0,56,12,0,2017,14,15,Singapore Grand Prix,2017-09-17,12:00:00,wehrlein,94,WEH,Pascal,Wehrlein,1994-10-18,German,sauber,Sauber,Swiss,Pascal Wehrlein,2017,7.0
23654,982,825,210,20,16.0,0.0,R,13,0.0,50,5,1,2017,14,15,Singapore Grand Prix,2017-09-17,12:00:00,kevin_magnussen,20,MAG,Kevin,Magnussen,1992-10-05,Danish,haas,Haas F1 Team,American,Kevin Magnussen,2017,16.0
23655,982,807,4,27,7.0,0.0,R,14,0.0,48,5,1,2017,14,15,Singapore Grand Prix,2017-09-17,12:00:00,hulkenberg,27,HUL,Nico,Hülkenberg,1987-08-19,German,renault,Renault,French,Nico Hülkenberg,2017,7.0
23656,982,828,15,9,20.0,0.0,R,15,0.0,35,3,1,2017,14,15,Singapore Grand Prix,2017-09-17,12:00:00,ericsson,9,ERI,Marcus,Ericsson,1990-09-02,Swedish,sauber,Sauber,Swiss,Marcus Ericsson,2017,20.0
23657,982,826,5,26,13.0,0.0,R,16,0.0,10,3,1,2017,14,15,Singapore Grand Prix,2017-09-17,12:00:00,kvyat,26,KVY,Daniil,Kvyat,1994-04-26,Russian,toro_rosso,Toro Rosso,Italian,Daniil Kvyat,2017,13.0
23658,982,4,1,14,8.0,0.0,R,17,0.0,8,130,1,2017,14,15,Singapore Grand Prix,2017-09-17,12:00:00,alonso,14,ALO,Fernando,Alonso,1981-07-29,Spanish,mclaren,McLaren,British,Fernando Alonso,2017,8.0
23659,982,20,6,5,1.0,0.0,R,18,0.0,0,3,1,2017,14,15,Singapore Grand Prix,2017-09-17,12:00:00,vettel,5,VET,Sebastian,Vettel,1987-07-03,German,ferrari,Ferrari,Italian,Sebastian Vettel,2017,1.0
23660,982,830,9,33,2.0,0.0,R,19,0.0,0,3,1,2017,14,15,Singapore Grand Prix,2017-09-17,12:00:00,max_verstappen,33,VER,Max,Verstappen,1997-09-30,Dutch,red_bull,Red Bull,Austrian,Max Verstappen,2017,2.0
23661,982,8,6,7,4.0,0.0,R,20,0.0,0,3,1,2017,14,15,Singapore Grand Prix,2017-09-17,12:00:00,raikkonen,7,RAI,Kimi,Räikkönen,1979-10-17,Finnish,ferrari,Ferrari,Italian,Kimi Räikkönen,2017,4.0
23662,983,830,9,33,3.0,1.0,1,1,25.0,56,1,0,2017,15,2,Malaysian Grand Prix,2017-10-01,07:00:00,max_verstappen,33,VER,Max,Verstappen,1997-09-30,Dutch,red_bull,Red Bull,Austrian,Max Verstappen,2017,2.0
23663,983,1,131,44,1.0,2.0,2,2,18.0,56,1,0,2017,15,2,Malaysian Grand Prix,2017-10-01,07:00:00,hamilton,44,HAM,Lewis,Hamilton,1985-01-07,British,mercedes,Mercedes,German,Lewis Hamilton,2017,-1.0
23664,983,817,9,3,4.0,3.0,3,3,15.0,56,1,0,2017,15,2,Malaysian Grand Prix,2017-10-01,07:00:00,ricciardo,3,RIC,Daniel,Ricciardo,1989-07-01,Australian,red_bull,Red Bull,Austrian,Daniel Ricciardo,2017,1.0
23665,983,20,6,5,20.0,4.0,4,4,12.0,56,1,0,2017,15,2,Malaysian Grand Prix,2017-10-01,07:00:00,vettel,5,VET,Sebastian,Vettel,1987-07-03,German,ferrari,Ferrari,Italian,Sebastian Vettel,2017,16.0
23666,983,822,131,77,5.0,5.0,5,5,10.0,56,1,0,2017,15,2,Malaysian Grand Prix,2017-10-01,07:00:00,bottas,77,BOT,Valtteri,Bottas,1989-08-28,Finnish,mercedes,Mercedes,German,Valtteri Bottas,2017,0.0
23667,983,815,10,11,9.0,6.0,6,6,8.0,56,1,0,2017,15,2,Malaysian Grand Prix,2017-10-01,07:00:00,perez,11,PER,Sergio,Pérez,1990-01-26,Mexican,force_india,Force India,Indian,Sergio Pérez,2017,3.0
23668,983,838,1,2,7.0,7.0,7,7,6.0,55,11,0,2017,15,2,Malaysian Grand Prix,2017-10-01,07:00:00,vandoorne,2,VAN,Stoffel,Vandoorne,1992-03-26,Belgian,mclaren,McLaren,British,Stoffel Vandoorne,2017,0.0
23669,983,840,3,18,13.0,8.0,8,8,4.0,55,11,0,2017,15,2,Malaysian Grand Prix,2017-10-01,07:00:00,stroll,18,STR,Lance,Stroll,1998-10-29,Canadian,williams,Williams,British,Lance Stroll,2017,5.0
23670,983,13,3,19,11.0,9.0,9,9,2.0,55,11,0,2017,15,2,Malaysian Grand Prix,2017-10-01,07:00:00,massa,19,MAS,Felipe,Massa,1981-04-25,Brazilian,williams,Williams,British,Felipe Massa,2017,2.0
23671,983,839,10,31,6.0,10.0,10,10,1.0,55,11,0,2017,15,2,Malaysian Grand Prix,2017-10-01,07:00:00,ocon,31,OCO,Esteban,Ocon,1996-09-17,French,force_india,Force India,Indian,Esteban Ocon,2017,-4.0
23672,983,4,1,14,10.0,11.0,11,11,0.0,55,11,0,2017,15,2,Malaysian Grand Prix,2017-10-01,07:00:00,alonso,14,ALO,Fernando,Alonso,1981-07-29,Spanish,mclaren,McLaren,British,Fernando Alonso,2017,-1.0
23673,983,825,210,20,17.0,12.0,12,12,0.0,55,11,0,2017,15,2,Malaysian Grand Prix,2017-10-01,07:00:00,kevin_magnussen,20,MAG,Kevin,Magnussen,1992-10-05,Danish,haas,Haas F1 Team,American,Kevin Magnussen,2017,5.0
23674,983,154,210,8,16.0,13.0,13,13,0.0,55,11,0,2017,15,2,Malaysian Grand Prix,2017-10-01,07:00:00,grosjean,8,GRO,Romain,Grosjean,1986-04-17,French,haas,Haas F1 Team,American,Romain Grosjean,2017,3.0
23675,983,842,5,10,15.0,14.0,14,14,0.0,55,11,0,2017,15,2,Malaysian Grand Prix,2017-10-01,07:00:00,gasly,10,GAS,Pierre,Gasly,1996-02-07,French,toro_rosso,Toro Rosso,Italian,Pierre Gasly,2017,1.0
23676,983,835,4,30,12.0,15.0,15,15,0.0,55,11,0,2017,15,2,Malaysian Grand Prix,2017-10-01,07:00:00,jolyon_palmer,30,PAL,Jolyon,Palmer,1991-01-20,British,renault,Renault,French,Jolyon Palmer,2017,-3.0
23677,983,807,4,27,8.0,16.0,16,16,0.0,55,11,0,2017,15,2,Malaysian Grand Prix,2017-10-01,07:00:00,hulkenberg,27,HUL,Nico,Hülkenberg,1987-08-19,German,renault,Renault,French,Nico Hülkenberg,2017,-8.0
23678,983,836,15,94,18.0,17.0,17,17,0.0,55,11,0,2017,15,2,Malaysian Grand Prix,2017-10-01,07:00:00,wehrlein,94,WEH,Pascal,Wehrlein,1994-10-18,German,sauber,Sauber,Swiss,Pascal Wehrlein,2017,1.0
23679,983,828,15,9,19.0,18.0,18,18,0.0,54,12,0,2017,15,2,Malaysian Grand Prix,2017-10-01,07:00:00,ericsson,9,ERI,Marcus,Ericsson,1990-09-02,Swedish,sauber,Sauber,Swiss,Marcus Ericsson,2017,1.0
23680,983,832,5,55,14.0,0.0,R,19,0.0,29,5,1,2017,15,2,Malaysian Grand Prix,2017-10-01,07:00:00,sainz,55,SAI,Carlos,Sainz,1994-09-01,Spanish,toro_rosso,Toro Rosso,Italian,Carlos Sainz,2017,14.0
23681,983,8,6,7,0.0,0.0,R,20,0.0,0,84,1,2017,15,2,Malaysian Grand Prix,2017-10-01,07:00:00,raikkonen,7,RAI,Kimi,Räikkönen,1979-10-17,Finnish,ferrari,Ferrari,Italian,Kimi Räikkönen,2017,0.0
23682,984,1,131,44,1.0,1.0,1,1,25.0,53,1,0,2017,16,22,Japanese Grand Prix,2017-10-08,05:00:00,hamilton,44,HAM,Lewis,Hamilton,1985-01-07,British,mercedes,Mercedes,German,Lewis Hamilton,2017,0.0
23683,984,830,9,33,4.0,2.0,2,2,18.0,53,1,0,2017,16,22,Japanese Grand Prix,2017-10-08,05:00:00,max_verstappen,33,VER,Max,Verstappen,1997-09-30,Dutch,red_bull,Red Bull,Austrian,Max Verstappen,2017,2.0
23684,984,817,9,3,3.0,3.0,3,3,15.0,53,1,0,2017,16,22,Japanese Grand Prix,2017-10-08,05:00:00,ricciardo,3,RIC,Daniel,Ricciardo,1989-07-01,Australian,red_bull,Red Bull,Austrian,Daniel Ricciardo,2017,0.0
23685,984,822,131,77,6.0,4.0,4,4,12.0,53,1,0,2017,16,22,Japanese Grand Prix,2017-10-08,05:00:00,bottas,77,BOT,Valtteri,Bottas,1989-08-28,Finnish,mercedes,Mercedes,German,Valtteri Bottas,2017,2.0
23686,984,8,6,7,10.0,5.0,5,5,10.0,53,1,0,2017,16,22,Japanese Grand Prix,2017-10-08,05:00:00,raikkonen,7,RAI,Kimi,Räikkönen,1979-10-17,Finnish,ferrari,Ferrari,Italian,Kimi Räikkönen,2017,5.0
23687,984,839,10,31,5.0,6.0,6,6,8.0,53,1,0,2017,16,22,Japanese Grand Prix,2017-10-08,05:00:00,ocon,31,OCO,Esteban,Ocon,1996-09-17,French,force_india,Force India,Indian,Esteban Ocon,2017,-1.0
23688,984,815,10,11,7.0,7.0,7,7,6.0,53,1,0,2017,16,22,Japanese Grand Prix,2017-10-08,05:00:00,perez,11,PER,Sergio,Pérez,1990-01-26,Mexican,force_india,Force India,Indian,Sergio Pérez,2017,0.0
23689,984,825,210,20,12.0,8.0,8,8,4.0,53,1,0,2017,16,22,Japanese Grand Prix,2017-10-08,05:00:00,kevin_magnussen,20,MAG,Kevin,Magnussen,1992-10-05,Danish,haas,Haas F1 Team,American,Kevin Magnussen,2017,4.0
23690,984,154,210,8,13.0,9.0,9,9,2.0,53,1,0,2017,16,22,Japanese Grand Prix,2017-10-08,05:00:00,grosjean,8,GRO,Romain,Grosjean,1986-04-17,French,haas,Haas F1 Team,American,Romain Grosjean,2017,4.0
23691,984,13,3,19,8.0,10.0,10,10,1.0,52,11,0,2017,16,22,Japanese Grand Prix,2017-10-08,05:00:00,massa,19,MAS,Felipe,Massa,1981-04-25,Brazilian,williams,Williams,British,Felipe Massa,2017,-2.0
23692,984,4,1,14,20.0,11.0,11,11,0.0,52,11,0,2017,16,22,Japanese Grand Prix,2017-10-08,05:00:00,alonso,14,ALO,Fernando,Alonso,1981-07-29,Spanish,mclaren,McLaren,British,Fernando Alonso,2017,9.0
23693,984,835,4,30,18.0,12.0,12,12,0.0,52,11,0,2017,16,22,Japanese Grand Prix,2017-10-08,05:00:00,jolyon_palmer,30,PAL,Jolyon,Palmer,1991-01-20,British,renault,Renault,French,Jolyon Palmer,2017,6.0
23694,984,842,5,10,14.0,13.0,13,13,0.0,52,11,0,2017,16,22,Japanese Grand Prix,2017-10-08,05:00:00,gasly,10,GAS,Pierre,Gasly,1996-02-07,French,toro_rosso,Toro Rosso,Italian,Pierre Gasly,2017,1.0
23695,984,838,1,2,9.0,14.0,14,14,0.0,52,11,0,2017,16,22,Japanese Grand Prix,2017-10-08,05:00:00,vandoorne,2,VAN,Stoffel,Vandoorne,1992-03-26,Belgian,mclaren,McLaren,British,Stoffel Vandoorne,2017,-5.0
23696,984,836,15,94,17.0,15.0,15,15,0.0,51,12,0,2017,16,22,Japanese Grand Prix,2017-10-08,05:00:00,wehrlein,94,WEH,Pascal,Wehrlein,1994-10-18,German,sauber,Sauber,Swiss,Pascal Wehrlein,2017,2.0
23697,984,840,3,18,15.0,0.0,R,16,0.0,45,36,1,2017,16,22,Japanese Grand Prix,2017-10-08,05:00:00,stroll,18,STR,Lance,Stroll,1998-10-29,Canadian,williams,Williams,British,Lance Stroll,2017,15.0
23698,984,807,4,27,11.0,0.0,R,17,0.0,40,33,1,2017,16,22,Japanese Grand Prix,2017-10-08,05:00:00,hulkenberg,27,HUL,Nico,Hülkenberg,1987-08-19,German,renault,Renault,French,Nico Hülkenberg,2017,11.0
23699,984,828,15,9,16.0,0.0,R,18,0.0,7,3,1,2017,16,22,Japanese Grand Prix,2017-10-08,05:00:00,ericsson,9,ERI,Marcus,Ericsson,1990-09-02,Swedish,sauber,Sauber,Swiss,Marcus Ericsson,2017,16.0
23700,984,20,6,5,2.0,0.0,R,19,0.0,4,105,1,2017,16,22,Japanese Grand Prix,2017-10-08,05:00:00,vettel,5,VET,Sebastian,Vettel,1987-07-03,German,ferrari,Ferrari,Italian,Sebastian Vettel,2017,2.0
23701,984,832,5,55,19.0,0.0,R,20,0.0,0,3,1,2017,16,22,Japanese Grand Prix,2017-10-08,05:00:00,sainz,55,SAI,Carlos,Sainz,1994-09-01,Spanish,toro_rosso,Toro Rosso,Italian,Carlos Sainz,2017,19.0
23702,985,1,131,44,1.0,1.0,1,1,25.0,56,1,0,2017,17,69,United States Grand Prix,2017-10-22,19:00:00,hamilton,44,HAM,Lewis,Hamilton,1985-01-07,British,mercedes,Mercedes,German,Lewis Hamilton,2017,0.0
23703,985,20,6,5,2.0,2.0,2,2,18.0,56,1,0,2017,17,69,United States Grand Prix,2017-10-22,19:00:00,vettel,5,VET,Sebastian,Vettel,1987-07-03,German,ferrari,Ferrari,Italian,Sebastian Vettel,2017,0.0
23704,985,8,6,7,5.0,3.0,3,3,15.0,56,1,0,2017,17,69,United States Grand Prix,2017-10-22,19:00:00,raikkonen,7,RAI,Kimi,Räikkönen,1979-10-17,Finnish,ferrari,Ferrari,Italian,Kimi Räikkönen,2017,2.0
23705,985,830,9,33,16.0,4.0,4,4,12.0,56,1,0,2017,17,69,United States Grand Prix,2017-10-22,19:00:00,max_verstappen,33,VER,Max,Verstappen,1997-09-30,Dutch,red_bull,Red Bull,Austrian,Max Verstappen,2017,12.0
23706,985,822,131,77,3.0,5.0,5,5,10.0,56,1,0,2017,17,69,United States Grand Prix,2017-10-22,19:00:00,bottas,77,BOT,Valtteri,Bottas,1989-08-28,Finnish,mercedes,Mercedes,German,Valtteri Bottas,2017,-2.0
23707,985,839,10,31,6.0,6.0,6,6,8.0,56,1,0,2017,17,69,United States Grand Prix,2017-10-22,19:00:00,ocon,31,OCO,Esteban,Ocon,1996-09-17,French,force_india,Force India,Indian,Esteban Ocon,2017,0.0
23708,985,832,4,55,7.0,7.0,7,7,6.0,56,1,0,2017,17,69,United States Grand Prix,2017-10-22,19:00:00,sainz,55,SAI,Carlos,Sainz,1994-09-01,Spanish,renault,Renault,French,Carlos Sainz,2017,0.0
23709,985,815,10,11,9.0,8.0,8,8,4.0,55,11,0,2017,17,69,United States Grand Prix,2017-10-22,19:00:00,perez,11,PER,Sergio,Pérez,1990-01-26,Mexican,force_india,Force India,Indian,Sergio Pérez,2017,1.0
23710,985,13,3,19,10.0,9.0,9,9,2.0,55,11,0,2017,17,69,United States Grand Prix,2017-10-22,19:00:00,massa,19,MAS,Felipe,Massa,1981-04-25,Brazilian,williams,Williams,British,Felipe Massa,2017,1.0
23711,985,826,5,26,11.0,10.0,10,10,1.0,55,11,0,2017,17,69,United States Grand Prix,2017-10-22,19:00:00,kvyat,26,KVY,Daniil,Kvyat,1994-04-26,Russian,toro_rosso,Toro Rosso,Italian,Daniil Kvyat,2017,1.0
23712,985,840,3,18,15.0,11.0,11,11,0.0,55,11,0,2017,17,69,United States Grand Prix,2017-10-22,19:00:00,stroll,18,STR,Lance,Stroll,1998-10-29,Canadian,williams,Williams,British,Lance Stroll,2017,4.0
23713,985,838,1,2,20.0,12.0,12,12,0.0,55,11,0,2017,17,69,United States Grand Prix,2017-10-22,19:00:00,vandoorne,2,VAN,Stoffel,Vandoorne,1992-03-26,Belgian,mclaren,McLaren,British,Stoffel Vandoorne,2017,8.0
23714,985,843,5,39,19.0,13.0,13,13,0.0,55,11,0,2017,17,69,United States Grand Prix,2017-10-22,19:00:00,brendon_hartley,28,HAR,Brendon,Hartley,1989-11-10,New Zealander,toro_rosso,Toro Rosso,Italian,Brendon Hartley,2017,6.0
23715,985,154,210,8,12.0,14.0,14,14,0.0,55,11,0,2017,17,69,United States Grand Prix,2017-10-22,19:00:00,grosjean,8,GRO,Romain,Grosjean,1986-04-17,French,haas,Haas F1 Team,American,Romain Grosjean,2017,-2.0
23716,985,828,15,9,13.0,15.0,15,15,0.0,55,11,0,2017,17,69,United States Grand Prix,2017-10-22,19:00:00,ericsson,9,ERI,Marcus,Ericsson,1990-09-02,Swedish,sauber,Sauber,Swiss,Marcus Ericsson,2017,-2.0
23717,985,825,210,20,17.0,16.0,16,16,0.0,55,11,0,2017,17,69,United States Grand Prix,2017-10-22,19:00:00,kevin_magnussen,20,MAG,Kevin,Magnussen,1992-10-05,Danish,haas,Haas F1 Team,American,Kevin Magnussen,2017,1.0
23718,985,4,1,14,8.0,0.0,R,17,0.0,24,5,1,2017,17,69,United States Grand Prix,2017-10-22,19:00:00,alonso,14,ALO,Fernando,Alonso,1981-07-29,Spanish,mclaren,McLaren,British,Fernando Alonso,2017,8.0
23719,985,817,9,3,4.0,0.0,R,18,0.0,14,5,1,2017,17,69,United States Grand Prix,2017-10-22,19:00:00,ricciardo,3,RIC,Daniel,Ricciardo,1989-07-01,Australian,red_bull,Red Bull,Austrian,Daniel Ricciardo,2017,4.0
23720,985,836,15,94,14.0,0.0,R,19,0.0,5,4,1,2017,17,69,United States Grand Prix,2017-10-22,19:00:00,wehrlein,94,WEH,Pascal,Wehrlein,1994-10-18,German,sauber,Sauber,Swiss,Pascal Wehrlein,2017,14.0
23721,985,807,4,27,18.0,0.0,R,20,0.0,3,5,1,2017,17,69,United States Grand Prix,2017-10-22,19:00:00,hulkenberg,27,HUL,Nico,Hülkenberg,1987-08-19,German,renault,Renault,French,Nico Hülkenberg,2017,18.0
23722,986,830,9,33,2.0,1.0,1,1,25.0,71,1,0,2017,18,32,Mexican Grand Prix,2017-10-29,19:00:00,max_verstappen,33,VER,Max,Verstappen,1997-09-30,Dutch,red_bull,Red Bull,Austrian,Max Verstappen,2017,1.0
23723,986,822,131,77,4.0,2.0,2,2,18.0,71,1,0,2017,18,32,Mexican Grand Prix,2017-10-29,19:00:00,bottas,77,BOT,Valtteri,Bottas,1989-08-28,Finnish,mercedes,Mercedes,German,Valtteri Bottas,2017,2.0
23724,986,8,6,7,5.0,3.0,3,3,15.0,71,1,0,2017,18,32,Mexican Grand Prix,2017-10-29,19:00:00,raikkonen,7,RAI,Kimi,Räikkönen,1979-10-17,Finnish,ferrari,Ferrari,Italian,Kimi Räikkönen,2017,2.0
23725,986,20,6,5,1.0,4.0,4,4,12.0,71,1,0,2017,18,32,Mexican Grand Prix,2017-10-29,19:00:00,vettel,5,VET,Sebastian,Vettel,1987-07-03,German,ferrari,Ferrari,Italian,Sebastian Vettel,2017,-3.0
23726,986,839,10,31,6.0,5.0,5,5,10.0,70,11,0,2017,18,32,Mexican Grand Prix,2017-10-29,19:00:00,ocon,31,OCO,Esteban,Ocon,1996-09-17,French,force_india,Force India,Indian,Esteban Ocon,2017,1.0
23727,986,840,3,18,11.0,6.0,6,6,8.0,70,11,0,2017,18,32,Mexican Grand Prix,2017-10-29,19:00:00,stroll,18,STR,Lance,Stroll,1998-10-29,Canadian,williams,Williams,British,Lance Stroll,2017,5.0
23728,986,815,10,11,9.0,7.0,7,7,6.0,70,11,0,2017,18,32,Mexican Grand Prix,2017-10-29,19:00:00,perez,11,PER,Sergio,Pérez,1990-01-26,Mexican,force_india,Force India,Indian,Sergio Pérez,2017,2.0
23729,986,825,210,20,14.0,8.0,8,8,4.0,70,11,0,2017,18,32,Mexican Grand Prix,2017-10-29,19:00:00,kevin_magnussen,20,MAG,Kevin,Magnussen,1992-10-05,Danish,haas,Haas F1 Team,American,Kevin Magnussen,2017,6.0
23730,986,1,131,44,3.0,9.0,9,9,2.0,70,11,0,2017,18,32,Mexican Grand Prix,2017-10-29,19:00:00,hamilton,44,HAM,Lewis,Hamilton,1985-01-07,British,mercedes,Mercedes,German,Lewis Hamilton,2017,-6.0
23731,986,4,1,14,18.0,10.0,10,10,1.0,70,11,0,2017,18,32,Mexican Grand Prix,2017-10-29,19:00:00,alonso,14,ALO,Fernando,Alonso,1981-07-29,Spanish,mclaren,McLaren,British,Fernando Alonso,2017,8.0
23732,986,13,3,19,10.0,11.0,11,11,0.0,70,11,0,2017,18,32,Mexican Grand Prix,2017-10-29,19:00:00,massa,19,MAS,Felipe,Massa,1981-04-25,Brazilian,williams,Williams,British,Felipe Massa,2017,-1.0
23733,986,838,1,2,19.0,12.0,12,12,0.0,70,11,0,2017,18,32,Mexican Grand Prix,2017-10-29,19:00:00,vandoorne,2,VAN,Stoffel,Vandoorne,1992-03-26,Belgian,mclaren,McLaren,British,Stoffel Vandoorne,2017,7.0
23734,986,842,5,10,20.0,13.0,13,13,0.0,70,11,0,2017,18,32,Mexican Grand Prix,2017-10-29,19:00:00,gasly,10,GAS,Pierre,Gasly,1996-02-07,French,toro_rosso,Toro Rosso,Italian,Pierre Gasly,2017,7.0
23735,986,836,15,94,13.0,14.0,14,14,0.0,69,12,0,2017,18,32,Mexican Grand Prix,2017-10-29,19:00:00,wehrlein,94,WEH,Pascal,Wehrlein,1994-10-18,German,sauber,Sauber,Swiss,Pascal Wehrlein,2017,-1.0
23736,986,154,210,8,15.0,15.0,15,15,0.0,69,12,0,2017,18,32,Mexican Grand Prix,2017-10-29,19:00:00,grosjean,8,GRO,Romain,Grosjean,1986-04-17,French,haas,Haas F1 Team,American,Romain Grosjean,2017,0.0
23737,986,832,4,55,8.0,0.0,R,16,0.0,59,5,1,2017,18,32,Mexican Grand Prix,2017-10-29,19:00:00,sainz,55,SAI,Carlos,Sainz,1994-09-01,Spanish,renault,Renault,French,Carlos Sainz,2017,8.0
23738,986,828,15,9,12.0,0.0,R,17,0.0,55,5,1,2017,18,32,Mexican Grand Prix,2017-10-29,19:00:00,ericsson,9,ERI,Marcus,Ericsson,1990-09-02,Swedish,sauber,Sauber,Swiss,Marcus Ericsson,2017,12.0
23739,986,843,5,28,17.0,0.0,R,18,0.0,30,5,1,2017,18,32,Mexican Grand Prix,2017-10-29,19:00:00,brendon_hartley,28,HAR,Brendon,Hartley,1989-11-10,New Zealander,toro_rosso,Toro Rosso,Italian,Brendon Hartley,2017,17.0
23740,986,807,4,27,7.0,0.0,R,19,0.0,24,10,1,2017,18,32,Mexican Grand Prix,2017-10-29,19:00:00,hulkenberg,27,HUL,Nico,Hülkenberg,1987-08-19,German,renault,Renault,French,Nico Hülkenberg,2017,7.0
23741,986,817,9,3,16.0,0.0,R,20,0.0,5,5,1,2017,18,32,Mexican Grand Prix,2017-10-29,19:00:00,ricciardo,3,RIC,Daniel,Ricciardo,1989-07-01,Australian,red_bull,Red Bull,Austrian,Daniel Ricciardo,2017,16.0
23742,987,20,6,5,2.0,1.0,1,1,25.0,71,1,0,2017,19,18,Brazilian Grand Prix,2017-11-12,16:00:00,vettel,5,VET,Sebastian,Vettel,1987-07-03,German,ferrari,Ferrari,Italian,Sebastian Vettel,2017,1.0
23743,987,822,131,77,1.0,2.0,2,2,18.0,71,1,0,2017,19,18,Brazilian Grand Prix,2017-11-12,16:00:00,bottas,77,BOT,Valtteri,Bottas,1989-08-28,Finnish,mercedes,Mercedes,German,Valtteri Bottas,2017,-1.0
23744,987,8,6,7,3.0,3.0,3,3,15.0,71,1,0,2017,19,18,Brazilian Grand Prix,2017-11-12,16:00:00,raikkonen,7,RAI,Kimi,Räikkönen,1979-10-17,Finnish,ferrari,Ferrari,Italian,Kimi Räikkönen,2017,0.0
23745,987,1,131,44,20.0,4.0,4,4,12.0,71,1,0,2017,19,18,Brazilian Grand Prix,2017-11-12,16:00:00,hamilton,44,HAM,Lewis,Hamilton,1985-01-07,British,mercedes,Mercedes,German,Lewis Hamilton,2017,16.0
23746,987,830,9,33,4.0,5.0,5,5,10.0,71,1,0,2017,19,18,Brazilian Grand Prix,2017-11-12,16:00:00,max_verstappen,33,VER,Max,Verstappen,1997-09-30,Dutch,red_bull,Red Bull,Austrian,Max Verstappen,2017,-1.0
23747,987,817,9,3,14.0,6.0,6,6,8.0,71,1,0,2017,19,18,Brazilian Grand Prix,2017-11-12,16:00:00,ricciardo,3,RIC,Daniel,Ricciardo,1989-07-01,Australian,red_bull,Red Bull,Austrian,Daniel Ricciardo,2017,8.0
23748,987,13,3,19,9.0,7.0,7,7,6.0,71,1,0,2017,19,18,Brazilian Grand Prix,2017-11-12,16:00:00,massa,19,MAS,Felipe,Massa,1981-04-25,Brazilian,williams,Williams,British,Felipe Massa,2017,2.0
23749,987,4,1,14,6.0,8.0,8,8,4.0,71,1,0,2017,19,18,Brazilian Grand Prix,2017-11-12,16:00:00,alonso,14,ALO,Fernando,Alonso,1981-07-29,Spanish,mclaren,McLaren,British,Fernando Alonso,2017,-2.0
23750,987,815,10,11,5.0,9.0,9,9,2.0,71,1,0,2017,19,18,Brazilian Grand Prix,2017-11-12,16:00:00,perez,11,PER,Sergio,Pérez,1990-01-26,Mexican,force_india,Force India,Indian,Sergio Pérez,2017,-4.0
23751,987,807,4,27,7.0,10.0,10,10,1.0,70,11,0,2017,19,18,Brazilian Grand Prix,2017-11-12,16:00:00,hulkenberg,27,HUL,Nico,Hülkenberg,1987-08-19,German,renault,Renault,French,Nico Hülkenberg,2017,-3.0
23752,987,832,4,55,8.0,11.0,11,11,0.0,70,11,0,2017,19,18,Brazilian Grand Prix,2017-11-12,16:00:00,sainz,55,SAI,Carlos,Sainz,1994-09-01,Spanish,renault,Renault,French,Carlos Sainz,2017,-3.0
23753,987,842,5,10,19.0,12.0,12,12,0.0,70,11,0,2017,19,18,Brazilian Grand Prix,2017-11-12,16:00:00,gasly,10,GAS,Pierre,Gasly,1996-02-07,French,toro_rosso,Toro Rosso,Italian,Pierre Gasly,2017,7.0
23754,987,828,15,9,17.0,13.0,13,13,0.0,70,11,0,2017,19,18,Brazilian Grand Prix,2017-11-12,16:00:00,ericsson,9,ERI,Marcus,Ericsson,1990-09-02,Swedish,sauber,Sauber,Swiss,Marcus Ericsson,2017,4.0
23755,987,836,15,94,15.0,14.0,14,14,0.0,70,11,0,2017,19,18,Brazilian Grand Prix,2017-11-12,16:00:00,wehrlein,94,WEH,Pascal,Wehrlein,1994-10-18,German,sauber,Sauber,Swiss,Pascal Wehrlein,2017,1.0
23756,987,154,210,8,11.0,15.0,15,15,0.0,69,12,0,2017,19,18,Brazilian Grand Prix,2017-11-12,16:00:00,grosjean,8,GRO,Romain,Grosjean,1986-04-17,French,haas,Haas F1 Team,American,Romain Grosjean,2017,-4.0
23757,987,840,3,18,16.0,16.0,16,16,0.0,69,12,0,2017,19,18,Brazilian Grand Prix,2017-11-12,16:00:00,stroll,18,STR,Lance,Stroll,1998-10-29,Canadian,williams,Williams,British,Lance Stroll,2017,0.0
23758,987,843,5,28,18.0,0.0,R,17,0.0,40,5,1,2017,19,18,Brazilian Grand Prix,2017-11-12,16:00:00,brendon_hartley,28,HAR,Brendon,Hartley,1989-11-10,New Zealander,toro_rosso,Toro Rosso,Italian,Brendon Hartley,2017,18.0
23759,987,839,10,31,10.0,0.0,R,18,0.0,0,3,1,2017,19,18,Brazilian Grand Prix,2017-11-12,16:00:00,ocon,31,OCO,Esteban,Ocon,1996-09-17,French,force_india,Force India,Indian,Esteban Ocon,2017,10.0
23760,987,838,1,2,12.0,0.0,R,19,0.0,0,3,1,2017,19,18,Brazilian Grand Prix,2017-11-12,16:00:00,vandoorne,2,VAN,Stoffel,Vandoorne,1992-03-26,Belgian,mclaren,McLaren,British,Stoffel Vandoorne,2017,12.0
23761,987,825,210,20,13.0,0.0,R,20,0.0,0,3,1,2017,19,18,Brazilian Grand Prix,2017-11-12,16:00:00,kevin_magnussen,20,MAG,Kevin,Magnussen,1992-10-05,Danish,haas,Haas F1 Team,American,Kevin Magnussen,2017,13.0
23762,988,822,131,77,1.0,1.0,1,1,25.0,55,1,0,2017,20,24,Abu Dhabi Grand Prix,2017-11-26,13:00:00,bottas,77,BOT,Valtteri,Bottas,1989-08-28,Finnish,mercedes,Mercedes,German,Valtteri Bottas,2017,0.0
23763,988,1,131,44,2.0,2.0,2,2,18.0,55,1,0,2017,20,24,Abu Dhabi Grand Prix,2017-11-26,13:00:00,hamilton,44,HAM,Lewis,Hamilton,1985-01-07,British,mercedes,Mercedes,German,Lewis Hamilton,2017,0.0
23764,988,20,6,5,3.0,3.0,3,3,15.0,55,1,0,2017,20,24,Abu Dhabi Grand Prix,2017-11-26,13:00:00,vettel,5,VET,Sebastian,Vettel,1987-07-03,German,ferrari,Ferrari,Italian,Sebastian Vettel,2017,0.0
23765,988,8,6,7,5.0,4.0,4,4,12.0,55,1,0,2017,20,24,Abu Dhabi Grand Prix,2017-11-26,13:00:00,raikkonen,7,RAI,Kimi,Räikkönen,1979-10-17,Finnish,ferrari,Ferrari,Italian,Kimi Räikkönen,2017,1.0
23766,988,830,9,33,6.0,5.0,5,5,10.0,55,1,0,2017,20,24,Abu Dhabi Grand Prix,2017-11-26,13:00:00,max_verstappen,33,VER,Max,Verstappen,1997-09-30,Dutch,red_bull,Red Bull,Austrian,Max Verstappen,2017,1.0
23767,988,807,4,27,7.0,6.0,6,6,8.0,55,1,0,2017,20,24,Abu Dhabi Grand Prix,2017-11-26,13:00:00,hulkenberg,27,HUL,Nico,Hülkenberg,1987-08-19,German,renault,Renault,French,Nico Hülkenberg,2017,1.0
23768,988,815,10,11,8.0,7.0,7,7,6.0,55,1,0,2017,20,24,Abu Dhabi Grand Prix,2017-11-26,13:00:00,perez,11,PER,Sergio,Pérez,1990-01-26,Mexican,force_india,Force India,Indian,Sergio Pérez,2017,1.0
23769,988,839,10,31,9.0,8.0,8,8,4.0,55,1,0,2017,20,24,Abu Dhabi Grand Prix,2017-11-26,13:00:00,ocon,31,OCO,Esteban,Ocon,1996-09-17,French,force_india,Force India,Indian,Esteban Ocon,2017,1.0
23770,988,4,1,14,11.0,9.0,9,9,2.0,54,11,0,2017,20,24,Abu Dhabi Grand Prix,2017-11-26,13:00:00,alonso,14,ALO,Fernando,Alonso,1981-07-29,Spanish,mclaren,McLaren,British,Fernando Alonso,2017,2.0
23771,988,13,3,19,10.0,10.0,10,10,1.0,54,11,0,2017,20,24,Abu Dhabi Grand Prix,2017-11-26,13:00:00,massa,19,MAS,Felipe,Massa,1981-04-25,Brazilian,williams,Williams,British,Felipe Massa,2017,0.0
23772,988,154,210,8,16.0,11.0,11,11,0.0,54,11,0,2017,20,24,Abu Dhabi Grand Prix,2017-11-26,13:00:00,grosjean,8,GRO,Romain,Grosjean,1986-04-17,French,haas,Haas F1 Team,American,Romain Grosjean,2017,5.0
23773,988,838,1,2,13.0,12.0,12,12,0.0,54,11,0,2017,20,24,Abu Dhabi Grand Prix,2017-11-26,13:00:00,vandoorne,2,VAN,Stoffel,Vandoorne,1992-03-26,Belgian,mclaren,McLaren,British,Stoffel Vandoorne,2017,1.0
23774,988,825,210,20,14.0,13.0,13,13,0.0,54,11,0,2017,20,24,Abu Dhabi Grand Prix,2017-11-26,13:00:00,kevin_magnussen,20,MAG,Kevin,Magnussen,1992-10-05,Danish,haas,Haas F1 Team,American,Kevin Magnussen,2017,1.0
23775,988,836,15,94,18.0,14.0,14,14,0.0,54,11,0,2017,20,24,Abu Dhabi Grand Prix,2017-11-26,13:00:00,wehrlein,94,WEH,Pascal,Wehrlein,1994-10-18,German,sauber,Sauber,Swiss,Pascal Wehrlein,2017,4.0
23776,988,843,5,28,20.0,15.0,15,15,0.0,54,11,0,2017,20,24,Abu Dhabi Grand Prix,2017-11-26,13:00:00,brendon_hartley,28,HAR,Brendon,Hartley,1989-11-10,New Zealander,toro_rosso,Toro Rosso,Italian,Brendon Hartley,2017,5.0
23777,988,842,5,10,17.0,16.0,16,16,0.0,54,11,0,2017,20,24,Abu Dhabi Grand Prix,2017-11-26,13:00:00,gasly,10,GAS,Pierre,Gasly,1996-02-07,French,toro_rosso,Toro Rosso,Italian,Pierre Gasly,2017,1.0
23778,988,828,15,9,19.0,17.0,17,17,0.0,54,11,0,2017,20,24,Abu Dhabi Grand Prix,2017-11-26,13:00:00,ericsson,9,ERI,Marcus,Ericsson,1990-09-02,Swedish,sauber,Sauber,Swiss,Marcus Ericsson,2017,2.0
23779,988,840,3,18,15.0,18.0,18,18,0.0,54,11,0,2017,20,24,Abu Dhabi Grand Prix,2017-11-26,13:00:00,stroll,18,STR,Lance,Stroll,1998-10-29,Canadian,williams,Williams,British,Lance Stroll,2017,-3.0
23780,988,832,4,55,12.0,0.0,R,19,0.0,31,36,1,2017,20,24,Abu Dhabi Grand Prix,2017-11-26,13:00:00,sainz,55,SAI,Carlos,Sainz,1994-09-01,Spanish,renault,Renault,French,Carlos Sainz,2017,12.0
23781,988,817,9,3,4.0,0.0,R,20,0.0,20,9,1,2017,20,24,Abu Dhabi Grand Prix,2017-11-26,13:00:00,ricciardo,3,RIC,Daniel,Ricciardo,1989-07-01,Australian,red_bull,Red Bull,Austrian,Daniel Ricciardo,2017,4.0
23782,989,20,6,5,3.0,1.0,1,1,25.0,58,1,0,2018,1,1,Australian Grand Prix,2018-03-25,05:10:00,vettel,5,VET,Sebastian,Vettel,1987-07-03,German,ferrari,Ferrari,Italian,Sebastian Vettel,2018,2.0
23783,989,1,131,44,1.0,2.0,2,2,18.0,58,1,0,2018,1,1,Australian Grand Prix,2018-03-25,05:10:00,hamilton,44,HAM,Lewis,Hamilton,1985-01-07,British,mercedes,Mercedes,German,Lewis Hamilton,2018,-1.0
23784,989,8,6,7,2.0,3.0,3,3,15.0,58,1,0,2018,1,1,Australian Grand Prix,2018-03-25,05:10:00,raikkonen,7,RAI,Kimi,Räikkönen,1979-10-17,Finnish,ferrari,Ferrari,Italian,Kimi Räikkönen,2018,-1.0
23785,989,817,9,3,8.0,4.0,4,4,12.0,58,1,0,2018,1,1,Australian Grand Prix,2018-03-25,05:10:00,ricciardo,3,RIC,Daniel,Ricciardo,1989-07-01,Australian,red_bull,Red Bull,Austrian,Daniel Ricciardo,2018,4.0
23786,989,4,1,14,10.0,5.0,5,5,10.0,58,1,0,2018,1,1,Australian Grand Prix,2018-03-25,05:10:00,alonso,14,ALO,Fernando,Alonso,1981-07-29,Spanish,mclaren,McLaren,British,Fernando Alonso,2018,5.0
23787,989,830,9,33,4.0,6.0,6,6,8.0,58,1,0,2018,1,1,Australian Grand Prix,2018-03-25,05:10:00,max_verstappen,33,VER,Max,Verstappen,1997-09-30,Dutch,red_bull,Red Bull,Austrian,Max Verstappen,2018,-2.0
23788,989,807,4,27,7.0,7.0,7,7,6.0,58,1,0,2018,1,1,Australian Grand Prix,2018-03-25,05:10:00,hulkenberg,27,HUL,Nico,Hülkenberg,1987-08-19,German,renault,Renault,French,Nico Hülkenberg,2018,0.0
23789,989,822,131,77,15.0,8.0,8,8,4.0,58,1,0,2018,1,1,Australian Grand Prix,2018-03-25,05:10:00,bottas,77,BOT,Valtteri,Bottas,1989-08-28,Finnish,mercedes,Mercedes,German,Valtteri Bottas,2018,7.0
23790,989,838,1,2,11.0,9.0,9,9,2.0,58,1,0,2018,1,1,Australian Grand Prix,2018-03-25,05:10:00,vandoorne,2,VAN,Stoffel,Vandoorne,1992-03-26,Belgian,mclaren,McLaren,British,Stoffel Vandoorne,2018,2.0
23791,989,832,4,55,9.0,10.0,10,10,1.0,58,1,0,2018,1,1,Australian Grand Prix,2018-03-25,05:10:00,sainz,55,SAI,Carlos,Sainz,1994-09-01,Spanish,renault,Renault,French,Carlos Sainz,2018,-1.0
23792,989,815,10,11,12.0,11.0,11,11,0.0,58,1,0,2018,1,1,Australian Grand Prix,2018-03-25,05:10:00,perez,11,PER,Sergio,Pérez,1990-01-26,Mexican,force_india,Force India,Indian,Sergio Pérez,2018,1.0
23793,989,839,10,31,14.0,12.0,12,12,0.0,58,1,0,2018,1,1,Australian Grand Prix,2018-03-25,05:10:00,ocon,31,OCO,Esteban,Ocon,1996-09-17,French,force_india,Force India,Indian,Esteban Ocon,2018,2.0
23794,989,844,15,16,18.0,13.0,13,13,0.0,58,1,0,2018,1,1,Australian Grand Prix,2018-03-25,05:10:00,leclerc,16,LEC,Charles,Leclerc,1997-10-16,Monegasque,sauber,Sauber,Swiss,Charles Leclerc,2018,5.0
23795,989,840,3,18,13.0,14.0,14,14,0.0,58,1,0,2018,1,1,Australian Grand Prix,2018-03-25,05:10:00,stroll,18,STR,Lance,Stroll,1998-10-29,Canadian,williams,Williams,British,Lance Stroll,2018,-1.0
23796,989,843,5,28,16.0,15.0,15,15,0.0,57,11,0,2018,1,1,Australian Grand Prix,2018-03-25,05:10:00,brendon_hartley,28,HAR,Brendon,Hartley,1989-11-10,New Zealander,toro_rosso,Toro Rosso,Italian,Brendon Hartley,2018,1.0
23797,989,154,210,8,6.0,0.0,R,16,0.0,24,36,1,2018,1,1,Australian Grand Prix,2018-03-25,05:10:00,grosjean,8,GRO,Romain,Grosjean,1986-04-17,French,haas,Haas F1 Team,American,Romain Grosjean,2018,6.0
23798,989,825,210,20,5.0,0.0,R,17,0.0,22,36,1,2018,1,1,Australian Grand Prix,2018-03-25,05:10:00,kevin_magnussen,20,MAG,Kevin,Magnussen,1992-10-05,Danish,haas,Haas F1 Team,American,Kevin Magnussen,2018,5.0
23799,989,842,5,10,20.0,0.0,R,18,0.0,13,5,1,2018,1,1,Australian Grand Prix,2018-03-25,05:10:00,gasly,10,GAS,Pierre,Gasly,1996-02-07,French,toro_rosso,Toro Rosso,Italian,Pierre Gasly,2018,20.0
23800,989,828,15,9,17.0,0.0,R,19,0.0,5,38,1,2018,1,1,Australian Grand Prix,2018-03-25,05:10:00,ericsson,9,ERI,Marcus,Ericsson,1990-09-02,Swedish,sauber,Sauber,Swiss,Marcus Ericsson,2018,17.0
23801,989,845,3,35,19.0,0.0,R,20,0.0,4,23,1,2018,1,1,Australian Grand Prix,2018-03-25,05:10:00,sirotkin,35,SIR,Sergey,Sirotkin,1995-08-27,Russian,williams,Williams,British,Sergey Sirotkin,2018,19.0
23802,990,20,6,5,1.0,1.0,1,1,25.0,57,1,0,2018,2,3,Bahrain Grand Prix,2018-04-08,15:10:00,vettel,5,VET,Sebastian,Vettel,1987-07-03,German,ferrari,Ferrari,Italian,Sebastian Vettel,2018,0.0
23803,990,822,131,77,3.0,2.0,2,2,18.0,57,1,0,2018,2,3,Bahrain Grand Prix,2018-04-08,15:10:00,bottas,77,BOT,Valtteri,Bottas,1989-08-28,Finnish,mercedes,Mercedes,German,Valtteri Bottas,2018,1.0
23804,990,1,131,44,9.0,3.0,3,3,15.0,57,1,0,2018,2,3,Bahrain Grand Prix,2018-04-08,15:10:00,hamilton,44,HAM,Lewis,Hamilton,1985-01-07,British,mercedes,Mercedes,German,Lewis Hamilton,2018,6.0
23805,990,842,5,10,5.0,4.0,4,4,12.0,57,1,0,2018,2,3,Bahrain Grand Prix,2018-04-08,15:10:00,gasly,10,GAS,Pierre,Gasly,1996-02-07,French,toro_rosso,Toro Rosso,Italian,Pierre Gasly,2018,1.0
23806,990,825,210,20,6.0,5.0,5,5,10.0,57,1,0,2018,2,3,Bahrain Grand Prix,2018-04-08,15:10:00,kevin_magnussen,20,MAG,Kevin,Magnussen,1992-10-05,Danish,haas,Haas F1 Team,American,Kevin Magnussen,2018,1.0
23807,990,807,4,27,7.0,6.0,6,6,8.0,57,1,0,2018,2,3,Bahrain Grand Prix,2018-04-08,15:10:00,hulkenberg,27,HUL,Nico,Hülkenberg,1987-08-19,German,renault,Renault,French,Nico Hülkenberg,2018,1.0
23808,990,4,1,14,13.0,7.0,7,7,6.0,56,11,0,2018,2,3,Bahrain Grand Prix,2018-04-08,15:10:00,alonso,14,ALO,Fernando,Alonso,1981-07-29,Spanish,mclaren,McLaren,British,Fernando Alonso,2018,6.0
23809,990,838,1,2,14.0,8.0,8,8,4.0,56,11,0,2018,2,3,Bahrain Grand Prix,2018-04-08,15:10:00,vandoorne,2,VAN,Stoffel,Vandoorne,1992-03-26,Belgian,mclaren,McLaren,British,Stoffel Vandoorne,2018,6.0
23810,990,828,15,9,17.0,9.0,9,9,2.0,56,11,0,2018,2,3,Bahrain Grand Prix,2018-04-08,15:10:00,ericsson,9,ERI,Marcus,Ericsson,1990-09-02,Swedish,sauber,Sauber,Swiss,Marcus Ericsson,2018,8.0
23811,990,839,10,31,8.0,10.0,10,10,1.0,56,11,0,2018,2,3,Bahrain Grand Prix,2018-04-08,15:10:00,ocon,31,OCO,Esteban,Ocon,1996-09-17,French,force_india,Force India,Indian,Esteban Ocon,2018,-2.0
23812,990,832,4,55,10.0,11.0,11,11,0.0,56,11,0,2018,2,3,Bahrain Grand Prix,2018-04-08,15:10:00,sainz,55,SAI,Carlos,Sainz,1994-09-01,Spanish,renault,Renault,French,Carlos Sainz,2018,-1.0
23813,990,844,15,16,19.0,12.0,12,12,0.0,56,11,0,2018,2,3,Bahrain Grand Prix,2018-04-08,15:10:00,leclerc,16,LEC,Charles,Leclerc,1997-10-16,Monegasque,sauber,Sauber,Swiss,Charles Leclerc,2018,7.0
23814,990,154,210,8,16.0,13.0,13,13,0.0,56,11,0,2018,2,3,Bahrain Grand Prix,2018-04-08,15:10:00,grosjean,8,GRO,Romain,Grosjean,1986-04-17,French,haas,Haas F1 Team,American,Romain Grosjean,2018,3.0
23815,990,840,3,18,20.0,14.0,14,14,0.0,56,11,0,2018,2,3,Bahrain Grand Prix,2018-04-08,15:10:00,stroll,18,STR,Lance,Stroll,1998-10-29,Canadian,williams,Williams,British,Lance Stroll,2018,6.0
23816,990,845,3,35,18.0,15.0,15,15,0.0,56,11,0,2018,2,3,Bahrain Grand Prix,2018-04-08,15:10:00,sirotkin,35,SIR,Sergey,Sirotkin,1995-08-27,Russian,williams,Williams,British,Sergey Sirotkin,2018,3.0
23817,990,815,10,11,12.0,16.0,16,16,0.0,56,11,0,2018,2,3,Bahrain Grand Prix,2018-04-08,15:10:00,perez,11,PER,Sergio,Pérez,1990-01-26,Mexican,force_india,Force India,Indian,Sergio Pérez,2018,-4.0
23818,990,843,5,28,11.0,17.0,17,17,0.0,56,11,0,2018,2,3,Bahrain Grand Prix,2018-04-08,15:10:00,brendon_hartley,28,HAR,Brendon,Hartley,1989-11-10,New Zealander,toro_rosso,Toro Rosso,Italian,Brendon Hartley,2018,-6.0
23819,990,8,6,7,2.0,0.0,R,18,0.0,35,36,1,2018,2,3,Bahrain Grand Prix,2018-04-08,15:10:00,raikkonen,7,RAI,Kimi,Räikkönen,1979-10-17,Finnish,ferrari,Ferrari,Italian,Kimi Räikkönen,2018,2.0
23820,990,830,9,33,15.0,0.0,R,19,0.0,3,29,1,2018,2,3,Bahrain Grand Prix,2018-04-08,15:10:00,max_verstappen,33,VER,Max,Verstappen,1997-09-30,Dutch,red_bull,Red Bull,Austrian,Max Verstappen,2018,15.0
23821,990,817,9,3,4.0,0.0,R,20,0.0,1,10,1,2018,2,3,Bahrain Grand Prix,2018-04-08,15:10:00,ricciardo,3,RIC,Daniel,Ricciardo,1989-07-01,Australian,red_bull,Red Bull,Austrian,Daniel Ricciardo,2018,4.0
23822,991,817,9,3,6.0,1.0,1,1,25.0,56,1,0,2018,3,17,Chinese Grand Prix,2018-04-15,06:10:00,ricciardo,3,RIC,Daniel,Ricciardo,1989-07-01,Australian,red_bull,Red Bull,Austrian,Daniel Ricciardo,2018,5.0
23823,991,822,131,77,3.0,2.0,2,2,18.0,56,1,0,2018,3,17,Chinese Grand Prix,2018-04-15,06:10:00,bottas,77,BOT,Valtteri,Bottas,1989-08-28,Finnish,mercedes,Mercedes,German,Valtteri Bottas,2018,1.0
23824,991,8,6,7,2.0,3.0,3,3,15.0,56,1,0,2018,3,17,Chinese Grand Prix,2018-04-15,06:10:00,raikkonen,7,RAI,Kimi,Räikkönen,1979-10-17,Finnish,ferrari,Ferrari,Italian,Kimi Räikkönen,2018,-1.0
23825,991,1,131,44,4.0,4.0,4,4,12.0,56,1,0,2018,3,17,Chinese Grand Prix,2018-04-15,06:10:00,hamilton,44,HAM,Lewis,Hamilton,1985-01-07,British,mercedes,Mercedes,German,Lewis Hamilton,2018,0.0
23826,991,830,9,33,5.0,5.0,5,5,10.0,56,1,0,2018,3,17,Chinese Grand Prix,2018-04-15,06:10:00,max_verstappen,33,VER,Max,Verstappen,1997-09-30,Dutch,red_bull,Red Bull,Austrian,Max Verstappen,2018,0.0
23827,991,807,4,27,7.0,6.0,6,6,8.0,56,1,0,2018,3,17,Chinese Grand Prix,2018-04-15,06:10:00,hulkenberg,27,HUL,Nico,Hülkenberg,1987-08-19,German,renault,Renault,French,Nico Hülkenberg,2018,1.0
23828,991,4,1,14,13.0,7.0,7,7,6.0,56,1,0,2018,3,17,Chinese Grand Prix,2018-04-15,06:10:00,alonso,14,ALO,Fernando,Alonso,1981-07-29,Spanish,mclaren,McLaren,British,Fernando Alonso,2018,6.0
23829,991,20,6,5,1.0,8.0,8,8,4.0,56,1,0,2018,3,17,Chinese Grand Prix,2018-04-15,06:10:00,vettel,5,VET,Sebastian,Vettel,1987-07-03,German,ferrari,Ferrari,Italian,Sebastian Vettel,2018,-7.0
23830,991,832,4,55,9.0,9.0,9,9,2.0,56,1,0,2018,3,17,Chinese Grand Prix,2018-04-15,06:10:00,sainz,55,SAI,Carlos,Sainz,1994-09-01,Spanish,renault,Renault,French,Carlos Sainz,2018,0.0
23831,991,825,210,20,11.0,10.0,10,10,1.0,56,1,0,2018,3,17,Chinese Grand Prix,2018-04-15,06:10:00,kevin_magnussen,20,MAG,Kevin,Magnussen,1992-10-05,Danish,haas,Haas F1 Team,American,Kevin Magnussen,2018,1.0
23832,991,839,10,31,12.0,11.0,11,11,0.0,56,1,0,2018,3,17,Chinese Grand Prix,2018-04-15,06:10:00,ocon,31,OCO,Esteban,Ocon,1996-09-17,French,force_india,Force India,Indian,Esteban Ocon,2018,1.0
23833,991,815,10,11,8.0,12.0,12,12,0.0,56,1,0,2018,3,17,Chinese Grand Prix,2018-04-15,06:10:00,perez,11,PER,Sergio,Pérez,1990-01-26,Mexican,force_india,Force India,Indian,Sergio Pérez,2018,-4.0
23834,991,838,1,2,14.0,13.0,13,13,0.0,56,1,0,2018,3,17,Chinese Grand Prix,2018-04-15,06:10:00,vandoorne,2,VAN,Stoffel,Vandoorne,1992-03-26,Belgian,mclaren,McLaren,British,Stoffel Vandoorne,2018,1.0
23835,991,840,3,18,18.0,14.0,14,14,0.0,56,1,0,2018,3,17,Chinese Grand Prix,2018-04-15,06:10:00,stroll,18,STR,Lance,Stroll,1998-10-29,Canadian,williams,Williams,British,Lance Stroll,2018,4.0
23836,991,845,3,35,16.0,15.0,15,15,0.0,56,1,0,2018,3,17,Chinese Grand Prix,2018-04-15,06:10:00,sirotkin,35,SIR,Sergey,Sirotkin,1995-08-27,Russian,williams,Williams,British,Sergey Sirotkin,2018,1.0
23837,991,828,15,9,20.0,16.0,16,16,0.0,56,1,0,2018,3,17,Chinese Grand Prix,2018-04-15,06:10:00,ericsson,9,ERI,Marcus,Ericsson,1990-09-02,Swedish,sauber,Sauber,Swiss,Marcus Ericsson,2018,4.0
23838,991,154,210,8,10.0,17.0,17,17,0.0,56,1,0,2018,3,17,Chinese Grand Prix,2018-04-15,06:10:00,grosjean,8,GRO,Romain,Grosjean,1986-04-17,French,haas,Haas F1 Team,American,Romain Grosjean,2018,-7.0
23839,991,842,5,10,17.0,18.0,18,18,0.0,56,1,0,2018,3,17,Chinese Grand Prix,2018-04-15,06:10:00,gasly,10,GAS,Pierre,Gasly,1996-02-07,French,toro_rosso,Toro Rosso,Italian,Pierre Gasly,2018,-1.0
23840,991,844,15,16,19.0,19.0,19,19,0.0,56,1,0,2018,3,17,Chinese Grand Prix,2018-04-15,06:10:00,leclerc,16,LEC,Charles,Leclerc,1997-10-16,Monegasque,sauber,Sauber,Swiss,Charles Leclerc,2018,0.0
23841,991,843,5,28,15.0,20.0,20,20,0.0,51,130,0,2018,3,17,Chinese Grand Prix,2018-04-15,06:10:00,brendon_hartley,28,HAR,Brendon,Hartley,1989-11-10,New Zealander,toro_rosso,Toro Rosso,Italian,Brendon Hartley,2018,-5.0
23842,992,1,131,44,2.0,1.0,1,1,25.0,51,1,0,2018,4,73,Azerbaijan Grand Prix,2018-04-29,12:10:00,hamilton,44,HAM,Lewis,Hamilton,1985-01-07,British,mercedes,Mercedes,German,Lewis Hamilton,2018,1.0
23843,992,8,6,7,6.0,2.0,2,2,18.0,51,1,0,2018,4,73,Azerbaijan Grand Prix,2018-04-29,12:10:00,raikkonen,7,RAI,Kimi,Räikkönen,1979-10-17,Finnish,ferrari,Ferrari,Italian,Kimi Räikkönen,2018,4.0
23844,992,815,10,11,8.0,3.0,3,3,15.0,51,1,0,2018,4,73,Azerbaijan Grand Prix,2018-04-29,12:10:00,perez,11,PER,Sergio,Pérez,1990-01-26,Mexican,force_india,Force India,Indian,Sergio Pérez,2018,5.0
23845,992,20,6,5,1.0,4.0,4,4,12.0,51,1,0,2018,4,73,Azerbaijan Grand Prix,2018-04-29,12:10:00,vettel,5,VET,Sebastian,Vettel,1987-07-03,German,ferrari,Ferrari,Italian,Sebastian Vettel,2018,-3.0
23846,992,832,4,55,9.0,5.0,5,5,10.0,51,1,0,2018,4,73,Azerbaijan Grand Prix,2018-04-29,12:10:00,sainz,55,SAI,Carlos,Sainz,1994-09-01,Spanish,renault,Renault,French,Carlos Sainz,2018,4.0
23847,992,844,15,16,13.0,6.0,6,6,8.0,51,1,0,2018,4,73,Azerbaijan Grand Prix,2018-04-29,12:10:00,leclerc,16,LEC,Charles,Leclerc,1997-10-16,Monegasque,sauber,Sauber,Swiss,Charles Leclerc,2018,7.0
23848,992,4,1,14,12.0,7.0,7,7,6.0,51,1,0,2018,4,73,Azerbaijan Grand Prix,2018-04-29,12:10:00,alonso,14,ALO,Fernando,Alonso,1981-07-29,Spanish,mclaren,McLaren,British,Fernando Alonso,2018,5.0
23849,992,840,3,18,10.0,8.0,8,8,4.0,51,1,0,2018,4,73,Azerbaijan Grand Prix,2018-04-29,12:10:00,stroll,18,STR,Lance,Stroll,1998-10-29,Canadian,williams,Williams,British,Lance Stroll,2018,2.0
23850,992,838,1,2,16.0,9.0,9,9,2.0,51,1,0,2018,4,73,Azerbaijan Grand Prix,2018-04-29,12:10:00,vandoorne,2,VAN,Stoffel,Vandoorne,1992-03-26,Belgian,mclaren,McLaren,British,Stoffel Vandoorne,2018,7.0
23851,992,843,5,28,19.0,10.0,10,10,1.0,51,1,0,2018,4,73,Azerbaijan Grand Prix,2018-04-29,12:10:00,brendon_hartley,28,HAR,Brendon,Hartley,1989-11-10,New Zealander,toro_rosso,Toro Rosso,Italian,Brendon Hartley,2018,9.0
23852,992,828,15,9,18.0,11.0,11,11,0.0,51,1,0,2018,4,73,Azerbaijan Grand Prix,2018-04-29,12:10:00,ericsson,9,ERI,Marcus,Ericsson,1990-09-02,Swedish,sauber,Sauber,Swiss,Marcus Ericsson,2018,7.0
23853,992,842,5,10,17.0,12.0,12,12,0.0,51,1,0,2018,4,73,Azerbaijan Grand Prix,2018-04-29,12:10:00,gasly,10,GAS,Pierre,Gasly,1996-02-07,French,toro_rosso,Toro Rosso,Italian,Pierre Gasly,2018,5.0
23854,992,825,210,20,15.0,13.0,13,13,0.0,51,1,0,2018,4,73,Azerbaijan Grand Prix,2018-04-29,12:10:00,kevin_magnussen,20,MAG,Kevin,Magnussen,1992-10-05,Danish,haas,Haas F1 Team,American,Kevin Magnussen,2018,2.0
23855,992,822,131,77,3.0,0.0,R,14,0.0,48,29,1,2018,4,73,Azerbaijan Grand Prix,2018-04-29,12:10:00,bottas,77,BOT,Valtteri,Bottas,1989-08-28,Finnish,mercedes,Mercedes,German,Valtteri Bottas,2018,3.0
23856,992,154,210,8,20.0,0.0,R,15,0.0,42,3,1,2018,4,73,Azerbaijan Grand Prix,2018-04-29,12:10:00,grosjean,8,GRO,Romain,Grosjean,1986-04-17,French,haas,Haas F1 Team,American,Romain Grosjean,2018,20.0
23857,992,830,9,33,5.0,0.0,R,16,0.0,39,4,1,2018,4,73,Azerbaijan Grand Prix,2018-04-29,12:10:00,max_verstappen,33,VER,Max,Verstappen,1997-09-30,Dutch,red_bull,Red Bull,Austrian,Max Verstappen,2018,5.0
23858,992,817,9,3,4.0,0.0,R,17,0.0,39,4,1,2018,4,73,Azerbaijan Grand Prix,2018-04-29,12:10:00,ricciardo,3,RIC,Daniel,Ricciardo,1989-07-01,Australian,red_bull,Red Bull,Austrian,Daniel Ricciardo,2018,4.0
23859,992,807,4,27,14.0,0.0,R,18,0.0,10,3,1,2018,4,73,Azerbaijan Grand Prix,2018-04-29,12:10:00,hulkenberg,27,HUL,Nico,Hülkenberg,1987-08-19,German,renault,Renault,French,Nico Hülkenberg,2018,14.0
23860,992,839,10,31,7.0,0.0,R,19,0.0,0,4,1,2018,4,73,Azerbaijan Grand Prix,2018-04-29,12:10:00,ocon,31,OCO,Esteban,Ocon,1996-09-17,French,force_india,Force India,Indian,Esteban Ocon,2018,7.0
23861,992,845,3,35,11.0,0.0,R,20,0.0,0,4,1,2018,4,73,Azerbaijan Grand Prix,2018-04-29,12:10:00,sirotkin,35,SIR,Sergey,Sirotkin,1995-08-27,Russian,williams,Williams,British,Sergey Sirotkin,2018,11.0
23862,993,1,131,44,1.0,1.0,1,1,25.0,66,1,0,2018,5,4,Spanish Grand Prix,2018-05-13,13:10:00,hamilton,44,HAM,Lewis,Hamilton,1985-01-07,British,mercedes,Mercedes,German,Lewis Hamilton,2018,0.0
23863,993,822,131,77,2.0,2.0,2,2,18.0,66,1,0,2018,5,4,Spanish Grand Prix,2018-05-13,13:10:00,bottas,77,BOT,Valtteri,Bottas,1989-08-28,Finnish,mercedes,Mercedes,German,Valtteri Bottas,2018,0.0
23864,993,830,9,33,5.0,3.0,3,3,15.0,66,1,0,2018,5,4,Spanish Grand Prix,2018-05-13,13:10:00,max_verstappen,33,VER,Max,Verstappen,1997-09-30,Dutch,red_bull,Red Bull,Austrian,Max Verstappen,2018,2.0
23865,993,20,6,5,3.0,4.0,4,4,12.0,66,1,0,2018,5,4,Spanish Grand Prix,2018-05-13,13:10:00,vettel,5,VET,Sebastian,Vettel,1987-07-03,German,ferrari,Ferrari,Italian,Sebastian Vettel,2018,-1.0
23866,993,817,9,3,6.0,5.0,5,5,10.0,66,1,0,2018,5,4,Spanish Grand Prix,2018-05-13,13:10:00,ricciardo,3,RIC,Daniel,Ricciardo,1989-07-01,Australian,red_bull,Red Bull,Austrian,Daniel Ricciardo,2018,1.0
23867,993,825,210,20,7.0,6.0,6,6,8.0,65,11,0,2018,5,4,Spanish Grand Prix,2018-05-13,13:10:00,kevin_magnussen,20,MAG,Kevin,Magnussen,1992-10-05,Danish,haas,Haas F1 Team,American,Kevin Magnussen,2018,1.0
23868,993,832,4,55,9.0,7.0,7,7,6.0,65,11,0,2018,5,4,Spanish Grand Prix,2018-05-13,13:10:00,sainz,55,SAI,Carlos,Sainz,1994-09-01,Spanish,renault,Renault,French,Carlos Sainz,2018,2.0
23869,993,4,1,14,8.0,8.0,8,8,4.0,65,11,0,2018,5,4,Spanish Grand Prix,2018-05-13,13:10:00,alonso,14,ALO,Fernando,Alonso,1981-07-29,Spanish,mclaren,McLaren,British,Fernando Alonso,2018,0.0
23870,993,815,10,11,15.0,9.0,9,9,2.0,64,12,0,2018,5,4,Spanish Grand Prix,2018-05-13,13:10:00,perez,11,PER,Sergio,Pérez,1990-01-26,Mexican,force_india,Force India,Indian,Sergio Pérez,2018,6.0
23871,993,844,15,16,14.0,10.0,10,10,1.0,64,12,0,2018,5,4,Spanish Grand Prix,2018-05-13,13:10:00,leclerc,16,LEC,Charles,Leclerc,1997-10-16,Monegasque,sauber,Sauber,Swiss,Charles Leclerc,2018,4.0
23872,993,840,3,18,18.0,11.0,11,11,0.0,64,12,0,2018,5,4,Spanish Grand Prix,2018-05-13,13:10:00,stroll,18,STR,Lance,Stroll,1998-10-29,Canadian,williams,Williams,British,Lance Stroll,2018,7.0
23873,993,843,5,28,20.0,12.0,12,12,0.0,64,12,0,2018,5,4,Spanish Grand Prix,2018-05-13,13:10:00,brendon_hartley,28,HAR,Brendon,Hartley,1989-11-10,New Zealander,toro_rosso,Toro Rosso,Italian,Brendon Hartley,2018,8.0
23874,993,828,15,9,17.0,13.0,13,13,0.0,64,12,0,2018,5,4,Spanish Grand Prix,2018-05-13,13:10:00,ericsson,9,ERI,Marcus,Ericsson,1990-09-02,Swedish,sauber,Sauber,Swiss,Marcus Ericsson,2018,4.0
23875,993,845,3,35,19.0,14.0,14,14,0.0,63,13,0,2018,5,4,Spanish Grand Prix,2018-05-13,13:10:00,sirotkin,35,SIR,Sergey,Sirotkin,1995-08-27,Russian,williams,Williams,British,Sergey Sirotkin,2018,5.0
23876,993,838,1,2,11.0,0.0,R,15,0.0,45,6,1,2018,5,4,Spanish Grand Prix,2018-05-13,13:10:00,vandoorne,2,VAN,Stoffel,Vandoorne,1992-03-26,Belgian,mclaren,McLaren,British,Stoffel Vandoorne,2018,11.0
23877,993,839,10,31,13.0,0.0,R,16,0.0,38,44,1,2018,5,4,Spanish Grand Prix,2018-05-13,13:10:00,ocon,31,OCO,Esteban,Ocon,1996-09-17,French,force_india,Force India,Indian,Esteban Ocon,2018,13.0
23878,993,8,6,7,4.0,0.0,R,17,0.0,25,101,1,2018,5,4,Spanish Grand Prix,2018-05-13,13:10:00,raikkonen,7,RAI,Kimi,Räikkönen,1979-10-17,Finnish,ferrari,Ferrari,Italian,Kimi Räikkönen,2018,4.0
23879,993,154,210,8,10.0,0.0,R,18,0.0,0,4,1,2018,5,4,Spanish Grand Prix,2018-05-13,13:10:00,grosjean,8,GRO,Romain,Grosjean,1986-04-17,French,haas,Haas F1 Team,American,Romain Grosjean,2018,10.0
23880,993,842,5,10,12.0,0.0,R,19,0.0,0,4,1,2018,5,4,Spanish Grand Prix,2018-05-13,13:10:00,gasly,10,GAS,Pierre,Gasly,1996-02-07,French,toro_rosso,Toro Rosso,Italian,Pierre Gasly,2018,12.0
23881,993,807,4,27,16.0,0.0,R,20,0.0,0,4,1,2018,5,4,Spanish Grand Prix,2018-05-13,13:10:00,hulkenberg,27,HUL,Nico,Hülkenberg,1987-08-19,German,renault,Renault,French,Nico Hülkenberg,2018,16.0
23882,994,817,9,3,1.0,1.0,1,1,25.0,78,1,0,2018,6,6,Monaco Grand Prix,2018-05-27,13:10:00,ricciardo,3,RIC,Daniel,Ricciardo,1989-07-01,Australian,red_bull,Red Bull,Austrian,Daniel Ricciardo,2018,0.0
23883,994,20,6,5,2.0,2.0,2,2,18.0,78,1,0,2018,6,6,Monaco Grand Prix,2018-05-27,13:10:00,vettel,5,VET,Sebastian,Vettel,1987-07-03,German,ferrari,Ferrari,Italian,Sebastian Vettel,2018,0.0
23884,994,1,131,44,3.0,3.0,3,3,15.0,78,1,0,2018,6,6,Monaco Grand Prix,2018-05-27,13:10:00,hamilton,44,HAM,Lewis,Hamilton,1985-01-07,British,mercedes,Mercedes,German,Lewis Hamilton,2018,0.0
23885,994,8,6,7,4.0,4.0,4,4,12.0,78,1,0,2018,6,6,Monaco Grand Prix,2018-05-27,13:10:00,raikkonen,7,RAI,Kimi,Räikkönen,1979-10-17,Finnish,ferrari,Ferrari,Italian,Kimi Räikkönen,2018,0.0
23886,994,822,131,77,5.0,5.0,5,5,10.0,78,1,0,2018,6,6,Monaco Grand Prix,2018-05-27,13:10:00,bottas,77,BOT,Valtteri,Bottas,1989-08-28,Finnish,mercedes,Mercedes,German,Valtteri Bottas,2018,0.0
23887,994,839,10,31,6.0,6.0,6,6,8.0,78,1,0,2018,6,6,Monaco Grand Prix,2018-05-27,13:10:00,ocon,31,OCO,Esteban,Ocon,1996-09-17,French,force_india,Force India,Indian,Esteban Ocon,2018,0.0
23888,994,842,5,10,10.0,7.0,7,7,6.0,78,1,0,2018,6,6,Monaco Grand Prix,2018-05-27,13:10:00,gasly,10,GAS,Pierre,Gasly,1996-02-07,French,toro_rosso,Toro Rosso,Italian,Pierre Gasly,2018,3.0
23889,994,807,4,27,11.0,8.0,8,8,4.0,78,1,0,2018,6,6,Monaco Grand Prix,2018-05-27,13:10:00,hulkenberg,27,HUL,Nico,Hülkenberg,1987-08-19,German,renault,Renault,French,Nico Hülkenberg,2018,3.0
23890,994,830,9,33,20.0,9.0,9,9,2.0,78,1,0,2018,6,6,Monaco Grand Prix,2018-05-27,13:10:00,max_verstappen,33,VER,Max,Verstappen,1997-09-30,Dutch,red_bull,Red Bull,Austrian,Max Verstappen,2018,11.0
23891,994,832,4,55,8.0,10.0,10,10,1.0,78,1,0,2018,6,6,Monaco Grand Prix,2018-05-27,13:10:00,sainz,55,SAI,Carlos,Sainz,1994-09-01,Spanish,renault,Renault,French,Carlos Sainz,2018,-2.0
23892,994,828,15,9,16.0,11.0,11,11,0.0,78,1,0,2018,6,6,Monaco Grand Prix,2018-05-27,13:10:00,ericsson,9,ERI,Marcus,Ericsson,1990-09-02,Swedish,sauber,Sauber,Swiss,Marcus Ericsson,2018,5.0
23893,994,815,10,11,9.0,12.0,12,12,0.0,78,1,0,2018,6,6,Monaco Grand Prix,2018-05-27,13:10:00,perez,11,PER,Sergio,Pérez,1990-01-26,Mexican,force_india,Force India,Indian,Sergio Pérez,2018,-3.0
23894,994,825,210,20,19.0,13.0,13,13,0.0,78,1,0,2018,6,6,Monaco Grand Prix,2018-05-27,13:10:00,kevin_magnussen,20,MAG,Kevin,Magnussen,1992-10-05,Danish,haas,Haas F1 Team,American,Kevin Magnussen,2018,6.0
23895,994,838,1,2,12.0,14.0,14,14,0.0,77,11,0,2018,6,6,Monaco Grand Prix,2018-05-27,13:10:00,vandoorne,2,VAN,Stoffel,Vandoorne,1992-03-26,Belgian,mclaren,McLaren,British,Stoffel Vandoorne,2018,-2.0
23896,994,154,210,8,18.0,15.0,15,15,0.0,77,11,0,2018,6,6,Monaco Grand Prix,2018-05-27,13:10:00,grosjean,8,GRO,Romain,Grosjean,1986-04-17,French,haas,Haas F1 Team,American,Romain Grosjean,2018,3.0
23897,994,845,3,35,13.0,16.0,16,16,0.0,77,11,0,2018,6,6,Monaco Grand Prix,2018-05-27,13:10:00,sirotkin,35,SIR,Sergey,Sirotkin,1995-08-27,Russian,williams,Williams,British,Sergey Sirotkin,2018,-3.0
23898,994,840,3,18,17.0,17.0,17,17,0.0,76,12,0,2018,6,6,Monaco Grand Prix,2018-05-27,13:10:00,stroll,18,STR,Lance,Stroll,1998-10-29,Canadian,williams,Williams,British,Lance Stroll,2018,0.0
23899,994,844,15,16,14.0,0.0,R,18,0.0,70,4,1,2018,6,6,Monaco Grand Prix,2018-05-27,13:10:00,leclerc,16,LEC,Charles,Leclerc,1997-10-16,Monegasque,sauber,Sauber,Swiss,Charles Leclerc,2018,14.0
23900,994,843,5,28,15.0,0.0,R,19,0.0,70,4,1,2018,6,6,Monaco Grand Prix,2018-05-27,13:10:00,brendon_hartley,28,HAR,Brendon,Hartley,1989-11-10,New Zealander,toro_rosso,Toro Rosso,Italian,Brendon Hartley,2018,15.0
23901,994,4,1,14,7.0,0.0,R,20,0.0,52,6,1,2018,6,6,Monaco Grand Prix,2018-05-27,13:10:00,alonso,14,ALO,Fernando,Alonso,1981-07-29,Spanish,mclaren,McLaren,British,Fernando Alonso,2018,7.0
23902,995,20,6,5,1.0,1.0,1,1,25.0,68,1,0,2018,7,7,Canadian Grand Prix,2018-06-10,18:10:00,vettel,5,VET,Sebastian,Vettel,1987-07-03,German,ferrari,Ferrari,Italian,Sebastian Vettel,2018,0.0
23903,995,822,131,77,2.0,2.0,2,2,18.0,68,1,0,2018,7,7,Canadian Grand Prix,2018-06-10,18:10:00,bottas,77,BOT,Valtteri,Bottas,1989-08-28,Finnish,mercedes,Mercedes,German,Valtteri Bottas,2018,0.0
23904,995,830,9,33,3.0,3.0,3,3,15.0,68,1,0,2018,7,7,Canadian Grand Prix,2018-06-10,18:10:00,max_verstappen,33,VER,Max,Verstappen,1997-09-30,Dutch,red_bull,Red Bull,Austrian,Max Verstappen,2018,0.0
23905,995,817,9,3,6.0,4.0,4,4,12.0,68,1,0,2018,7,7,Canadian Grand Prix,2018-06-10,18:10:00,ricciardo,3,RIC,Daniel,Ricciardo,1989-07-01,Australian,red_bull,Red Bull,Austrian,Daniel Ricciardo,2018,2.0
23906,995,1,131,44,4.0,5.0,5,5,10.0,68,1,0,2018,7,7,Canadian Grand Prix,2018-06-10,18:10:00,hamilton,44,HAM,Lewis,Hamilton,1985-01-07,British,mercedes,Mercedes,German,Lewis Hamilton,2018,-1.0
23907,995,8,6,7,5.0,6.0,6,6,8.0,68,1,0,2018,7,7,Canadian Grand Prix,2018-06-10,18:10:00,raikkonen,7,RAI,Kimi,Räikkönen,1979-10-17,Finnish,ferrari,Ferrari,Italian,Kimi Räikkönen,2018,-1.0
23908,995,807,4,27,7.0,7.0,7,7,6.0,67,11,0,2018,7,7,Canadian Grand Prix,2018-06-10,18:10:00,hulkenberg,27,HUL,Nico,Hülkenberg,1987-08-19,German,renault,Renault,French,Nico Hülkenberg,2018,0.0
23909,995,832,4,55,9.0,8.0,8,8,4.0,67,11,0,2018,7,7,Canadian Grand Prix,2018-06-10,18:10:00,sainz,55,SAI,Carlos,Sainz,1994-09-01,Spanish,renault,Renault,French,Carlos Sainz,2018,1.0
23910,995,839,10,31,8.0,9.0,9,9,2.0,67,11,0,2018,7,7,Canadian Grand Prix,2018-06-10,18:10:00,ocon,31,OCO,Esteban,Ocon,1996-09-17,French,force_india,Force India,Indian,Esteban Ocon,2018,-1.0
23911,995,844,15,16,13.0,10.0,10,10,1.0,67,11,0,2018,7,7,Canadian Grand Prix,2018-06-10,18:10:00,leclerc,16,LEC,Charles,Leclerc,1997-10-16,Monegasque,sauber,Sauber,Swiss,Charles Leclerc,2018,3.0
23912,995,842,5,10,16.0,11.0,11,11,0.0,67,11,0,2018,7,7,Canadian Grand Prix,2018-06-10,18:10:00,gasly,10,GAS,Pierre,Gasly,1996-02-07,French,toro_rosso,Toro Rosso,Italian,Pierre Gasly,2018,5.0
23913,995,154,210,8,20.0,12.0,12,12,0.0,67,11,0,2018,7,7,Canadian Grand Prix,2018-06-10,18:10:00,grosjean,8,GRO,Romain,Grosjean,1986-04-17,French,haas,Haas F1 Team,American,Romain Grosjean,2018,8.0
23914,995,825,210,20,11.0,13.0,13,13,0.0,67,11,0,2018,7,7,Canadian Grand Prix,2018-06-10,18:10:00,kevin_magnussen,20,MAG,Kevin,Magnussen,1992-10-05,Danish,haas,Haas F1 Team,American,Kevin Magnussen,2018,-2.0
23915,995,815,10,11,10.0,14.0,14,14,0.0,67,11,0,2018,7,7,Canadian Grand Prix,2018-06-10,18:10:00,perez,11,PER,Sergio,Pérez,1990-01-26,Mexican,force_india,Force India,Indian,Sergio Pérez,2018,-4.0
23916,995,828,15,9,19.0,15.0,15,15,0.0,66,12,0,2018,7,7,Canadian Grand Prix,2018-06-10,18:10:00,ericsson,9,ERI,Marcus,Ericsson,1990-09-02,Swedish,sauber,Sauber,Swiss,Marcus Ericsson,2018,4.0
23917,995,838,1,2,15.0,16.0,16,16,0.0,66,12,0,2018,7,7,Canadian Grand Prix,2018-06-10,18:10:00,vandoorne,2,VAN,Stoffel,Vandoorne,1992-03-26,Belgian,mclaren,McLaren,British,Stoffel Vandoorne,2018,-1.0
23918,995,845,3,35,18.0,17.0,17,17,0.0,66,12,0,2018,7,7,Canadian Grand Prix,2018-06-10,18:10:00,sirotkin,35,SIR,Sergey,Sirotkin,1995-08-27,Russian,williams,Williams,British,Sergey Sirotkin,2018,1.0
23919,995,4,1,14,14.0,0.0,R,18,0.0,40,43,1,2018,7,7,Canadian Grand Prix,2018-06-10,18:10:00,alonso,14,ALO,Fernando,Alonso,1981-07-29,Spanish,mclaren,McLaren,British,Fernando Alonso,2018,14.0
23920,995,843,5,28,12.0,0.0,R,19,0.0,0,4,1,2018,7,7,Canadian Grand Prix,2018-06-10,18:10:00,brendon_hartley,28,HAR,Brendon,Hartley,1989-11-10,New Zealander,toro_rosso,Toro Rosso,Italian,Brendon Hartley,2018,12.0
23921,995,840,3,18,17.0,0.0,R,20,0.0,0,4,1,2018,7,7,Canadian Grand Prix,2018-06-10,18:10:00,stroll,18,STR,Lance,Stroll,1998-10-29,Canadian,williams,Williams,British,Lance Stroll,2018,17.0
23922,996,1,131,44,1.0,1.0,1,1,25.0,53,1,0,2018,8,34,French Grand Prix,2018-06-24,14:10:00,hamilton,44,HAM,Lewis,Hamilton,1985-01-07,British,mercedes,Mercedes,German,Lewis Hamilton,2018,0.0
23923,996,830,9,33,4.0,2.0,2,2,18.0,53,1,0,2018,8,34,French Grand Prix,2018-06-24,14:10:00,max_verstappen,33,VER,Max,Verstappen,1997-09-30,Dutch,red_bull,Red Bull,Austrian,Max Verstappen,2018,2.0
23924,996,8,6,7,6.0,3.0,3,3,15.0,53,1,0,2018,8,34,French Grand Prix,2018-06-24,14:10:00,raikkonen,7,RAI,Kimi,Räikkönen,1979-10-17,Finnish,ferrari,Ferrari,Italian,Kimi Räikkönen,2018,3.0
23925,996,817,9,3,5.0,4.0,4,4,12.0,53,1,0,2018,8,34,French Grand Prix,2018-06-24,14:10:00,ricciardo,3,RIC,Daniel,Ricciardo,1989-07-01,Australian,red_bull,Red Bull,Austrian,Daniel Ricciardo,2018,1.0
23926,996,20,6,5,3.0,5.0,5,5,10.0,53,1,0,2018,8,34,French Grand Prix,2018-06-24,14:10:00,vettel,5,VET,Sebastian,Vettel,1987-07-03,German,ferrari,Ferrari,Italian,Sebastian Vettel,2018,-2.0
23927,996,825,210,20,9.0,6.0,6,6,8.0,53,1,0,2018,8,34,French Grand Prix,2018-06-24,14:10:00,kevin_magnussen,20,MAG,Kevin,Magnussen,1992-10-05,Danish,haas,Haas F1 Team,American,Kevin Magnussen,2018,3.0
23928,996,822,131,77,2.0,7.0,7,7,6.0,53,1,0,2018,8,34,French Grand Prix,2018-06-24,14:10:00,bottas,77,BOT,Valtteri,Bottas,1989-08-28,Finnish,mercedes,Mercedes,German,Valtteri Bottas,2018,-5.0
23929,996,832,4,55,7.0,8.0,8,8,4.0,53,1,0,2018,8,34,French Grand Prix,2018-06-24,14:10:00,sainz,55,SAI,Carlos,Sainz,1994-09-01,Spanish,renault,Renault,French,Carlos Sainz,2018,-1.0
23930,996,807,4,27,12.0,9.0,9,9,2.0,53,1,0,2018,8,34,French Grand Prix,2018-06-24,14:10:00,hulkenberg,27,HUL,Nico,Hülkenberg,1987-08-19,German,renault,Renault,French,Nico Hülkenberg,2018,3.0
23931,996,844,15,16,8.0,10.0,10,10,1.0,53,1,0,2018,8,34,French Grand Prix,2018-06-24,14:10:00,leclerc,16,LEC,Charles,Leclerc,1997-10-16,Monegasque,sauber,Sauber,Swiss,Charles Leclerc,2018,-2.0
23932,996,154,210,8,10.0,11.0,11,11,0.0,52,11,0,2018,8,34,French Grand Prix,2018-06-24,14:10:00,grosjean,8,GRO,Romain,Grosjean,1986-04-17,French,haas,Haas F1 Team,American,Romain Grosjean,2018,-1.0
23933,996,838,1,2,17.0,12.0,12,12,0.0,52,11,0,2018,8,34,French Grand Prix,2018-06-24,14:10:00,vandoorne,2,VAN,Stoffel,Vandoorne,1992-03-26,Belgian,mclaren,McLaren,British,Stoffel Vandoorne,2018,5.0
23934,996,828,15,9,15.0,13.0,13,13,0.0,52,11,0,2018,8,34,French Grand Prix,2018-06-24,14:10:00,ericsson,9,ERI,Marcus,Ericsson,1990-09-02,Swedish,sauber,Sauber,Swiss,Marcus Ericsson,2018,2.0
23935,996,843,5,28,20.0,14.0,14,14,0.0,52,11,0,2018,8,34,French Grand Prix,2018-06-24,14:10:00,brendon_hartley,28,HAR,Brendon,Hartley,1989-11-10,New Zealander,toro_rosso,Toro Rosso,Italian,Brendon Hartley,2018,6.0
23936,996,845,3,35,18.0,15.0,15,15,0.0,52,11,0,2018,8,34,French Grand Prix,2018-06-24,14:10:00,sirotkin,35,SIR,Sergey,Sirotkin,1995-08-27,Russian,williams,Williams,British,Sergey Sirotkin,2018,3.0
23937,996,4,1,14,16.0,16.0,16,16,0.0,50,36,0,2018,8,34,French Grand Prix,2018-06-24,14:10:00,alonso,14,ALO,Fernando,Alonso,1981-07-29,Spanish,mclaren,McLaren,British,Fernando Alonso,2018,0.0
23938,996,840,3,18,19.0,17.0,17,17,0.0,48,29,0,2018,8,34,French Grand Prix,2018-06-24,14:10:00,stroll,18,STR,Lance,Stroll,1998-10-29,Canadian,williams,Williams,British,Lance Stroll,2018,2.0
23939,996,815,10,11,13.0,0.0,R,18,0.0,27,5,1,2018,8,34,French Grand Prix,2018-06-24,14:10:00,perez,11,PER,Sergio,Pérez,1990-01-26,Mexican,force_india,Force India,Indian,Sergio Pérez,2018,13.0
23940,996,839,10,31,11.0,0.0,R,19,0.0,0,4,1,2018,8,34,French Grand Prix,2018-06-24,14:10:00,ocon,31,OCO,Esteban,Ocon,1996-09-17,French,force_india,Force India,Indian,Esteban Ocon,2018,11.0
23941,996,842,5,10,14.0,0.0,R,20,0.0,0,4,1,2018,8,34,French Grand Prix,2018-06-24,14:10:00,gasly,10,GAS,Pierre,Gasly,1996-02-07,French,toro_rosso,Toro Rosso,Italian,Pierre Gasly,2018,14.0
23942,997,830,9,33,4.0,1.0,1,1,25.0,71,1,0,2018,9,70,Austrian Grand Prix,2018-07-01,13:10:00,max_verstappen,33,VER,Max,Verstappen,1997-09-30,Dutch,red_bull,Red Bull,Austrian,Max Verstappen,2018,3.0
23943,997,8,6,7,3.0,2.0,2,2,18.0,71,1,0,2018,9,70,Austrian Grand Prix,2018-07-01,13:10:00,raikkonen,7,RAI,Kimi,Räikkönen,1979-10-17,Finnish,ferrari,Ferrari,Italian,Kimi Räikkönen,2018,1.0
23944,997,20,6,5,6.0,3.0,3,3,15.0,71,1,0,2018,9,70,Austrian Grand Prix,2018-07-01,13:10:00,vettel,5,VET,Sebastian,Vettel,1987-07-03,German,ferrari,Ferrari,Italian,Sebastian Vettel,2018,3.0
23945,997,154,210,8,5.0,4.0,4,4,12.0,70,11,0,2018,9,70,Austrian Grand Prix,2018-07-01,13:10:00,grosjean,8,GRO,Romain,Grosjean,1986-04-17,French,haas,Haas F1 Team,American,Romain Grosjean,2018,1.0
23946,997,825,210,20,8.0,5.0,5,5,10.0,70,11,0,2018,9,70,Austrian Grand Prix,2018-07-01,13:10:00,kevin_magnussen,20,MAG,Kevin,Magnussen,1992-10-05,Danish,haas,Haas F1 Team,American,Kevin Magnussen,2018,3.0
23947,997,839,10,31,11.0,6.0,6,6,8.0,70,11,0,2018,9,70,Austrian Grand Prix,2018-07-01,13:10:00,ocon,31,OCO,Esteban,Ocon,1996-09-17,French,force_india,Force India,Indian,Esteban Ocon,2018,5.0
23948,997,815,10,11,16.0,7.0,7,7,6.0,70,11,0,2018,9,70,Austrian Grand Prix,2018-07-01,13:10:00,perez,11,PER,Sergio,Pérez,1990-01-26,Mexican,force_india,Force India,Indian,Sergio Pérez,2018,9.0
23949,997,4,1,14,13.0,8.0,8,8,4.0,70,11,0,2018,9,70,Austrian Grand Prix,2018-07-01,13:10:00,alonso,14,ALO,Fernando,Alonso,1981-07-29,Spanish,mclaren,McLaren,British,Fernando Alonso,2018,5.0
23950,997,844,15,16,18.0,9.0,9,9,2.0,70,11,0,2018,9,70,Austrian Grand Prix,2018-07-01,13:10:00,leclerc,16,LEC,Charles,Leclerc,1997-10-16,Monegasque,sauber,Sauber,Swiss,Charles Leclerc,2018,9.0
23951,997,828,15,9,20.0,10.0,10,10,1.0,70,11,0,2018,9,70,Austrian Grand Prix,2018-07-01,13:10:00,ericsson,9,ERI,Marcus,Ericsson,1990-09-02,Swedish,sauber,Sauber,Swiss,Marcus Ericsson,2018,10.0
23952,997,842,5,10,12.0,11.0,11,11,0.0,70,11,0,2018,9,70,Austrian Grand Prix,2018-07-01,13:10:00,gasly,10,GAS,Pierre,Gasly,1996-02-07,French,toro_rosso,Toro Rosso,Italian,Pierre Gasly,2018,1.0
23953,997,832,4,55,9.0,12.0,12,12,0.0,70,11,0,2018,9,70,Austrian Grand Prix,2018-07-01,13:10:00,sainz,55,SAI,Carlos,Sainz,1994-09-01,Spanish,renault,Renault,French,Carlos Sainz,2018,-3.0
23954,997,845,3,35,17.0,13.0,13,13,0.0,69,12,0,2018,9,70,Austrian Grand Prix,2018-07-01,13:10:00,sirotkin,35,SIR,Sergey,Sirotkin,1995-08-27,Russian,williams,Williams,British,Sergey Sirotkin,2018,4.0
23955,997,840,3,18,14.0,14.0,14,14,0.0,69,12,0,2018,9,70,Austrian Grand Prix,2018-07-01,13:10:00,stroll,18,STR,Lance,Stroll,1998-10-29,Canadian,williams,Williams,British,Lance Stroll,2018,0.0
23956,997,838,1,2,15.0,15.0,15,15,0.0,65,130,0,2018,9,70,Austrian Grand Prix,2018-07-01,13:10:00,vandoorne,2,VAN,Stoffel,Vandoorne,1992-03-26,Belgian,mclaren,McLaren,British,Stoffel Vandoorne,2018,0.0
23957,997,1,131,44,2.0,0.0,R,16,0.0,62,32,1,2018,9,70,Austrian Grand Prix,2018-07-01,13:10:00,hamilton,44,HAM,Lewis,Hamilton,1985-01-07,British,mercedes,Mercedes,German,Lewis Hamilton,2018,2.0
23958,997,843,5,28,19.0,0.0,R,17,0.0,54,9,1,2018,9,70,Austrian Grand Prix,2018-07-01,13:10:00,brendon_hartley,28,HAR,Brendon,Hartley,1989-11-10,New Zealander,toro_rosso,Toro Rosso,Italian,Brendon Hartley,2018,19.0
23959,997,817,9,3,7.0,0.0,R,18,0.0,53,43,1,2018,9,70,Austrian Grand Prix,2018-07-01,13:10:00,ricciardo,3,RIC,Daniel,Ricciardo,1989-07-01,Australian,red_bull,Red Bull,Austrian,Daniel Ricciardo,2018,7.0
23960,997,822,131,77,1.0,0.0,R,19,0.0,13,9,1,2018,9,70,Austrian Grand Prix,2018-07-01,13:10:00,bottas,77,BOT,Valtteri,Bottas,1989-08-28,Finnish,mercedes,Mercedes,German,Valtteri Bottas,2018,1.0
23961,997,807,4,27,10.0,0.0,R,20,0.0,11,5,1,2018,9,70,Austrian Grand Prix,2018-07-01,13:10:00,hulkenberg,27,HUL,Nico,Hülkenberg,1987-08-19,German,renault,Renault,French,Nico Hülkenberg,2018,10.0
23962,998,20,6,5,2.0,1.0,1,1,25.0,52,1,0,2018,10,9,British Grand Prix,2018-07-08,13:10:00,vettel,5,VET,Sebastian,Vettel,1987-07-03,German,ferrari,Ferrari,Italian,Sebastian Vettel,2018,1.0
23963,998,1,131,44,1.0,2.0,2,2,18.0,52,1,0,2018,10,9,British Grand Prix,2018-07-08,13:10:00,hamilton,44,HAM,Lewis,Hamilton,1985-01-07,British,mercedes,Mercedes,German,Lewis Hamilton,2018,-1.0
23964,998,8,6,7,3.0,3.0,3,3,15.0,52,1,0,2018,10,9,British Grand Prix,2018-07-08,13:10:00,raikkonen,7,RAI,Kimi,Räikkönen,1979-10-17,Finnish,ferrari,Ferrari,Italian,Kimi Räikkönen,2018,0.0
23965,998,822,131,77,4.0,4.0,4,4,12.0,52,1,0,2018,10,9,British Grand Prix,2018-07-08,13:10:00,bottas,77,BOT,Valtteri,Bottas,1989-08-28,Finnish,mercedes,Mercedes,German,Valtteri Bottas,2018,0.0
23966,998,817,9,3,6.0,5.0,5,5,10.0,52,1,0,2018,10,9,British Grand Prix,2018-07-08,13:10:00,ricciardo,3,RIC,Daniel,Ricciardo,1989-07-01,Australian,red_bull,Red Bull,Austrian,Daniel Ricciardo,2018,1.0
23967,998,807,4,27,11.0,6.0,6,6,8.0,52,1,0,2018,10,9,British Grand Prix,2018-07-08,13:10:00,hulkenberg,27,HUL,Nico,Hülkenberg,1987-08-19,German,renault,Renault,French,Nico Hülkenberg,2018,5.0
23968,998,839,10,31,10.0,7.0,7,7,6.0,52,1,0,2018,10,9,British Grand Prix,2018-07-08,13:10:00,ocon,31,OCO,Esteban,Ocon,1996-09-17,French,force_india,Force India,Indian,Esteban Ocon,2018,3.0
23969,998,4,1,14,13.0,8.0,8,8,4.0,52,1,0,2018,10,9,British Grand Prix,2018-07-08,13:10:00,alonso,14,ALO,Fernando,Alonso,1981-07-29,Spanish,mclaren,McLaren,British,Fernando Alonso,2018,5.0
23970,998,825,210,20,7.0,9.0,9,9,2.0,52,1,0,2018,10,9,British Grand Prix,2018-07-08,13:10:00,kevin_magnussen,20,MAG,Kevin,Magnussen,1992-10-05,Danish,haas,Haas F1 Team,American,Kevin Magnussen,2018,-2.0
23971,998,815,10,11,12.0,10.0,10,10,1.0,52,1,0,2018,10,9,British Grand Prix,2018-07-08,13:10:00,perez,11,PER,Sergio,Pérez,1990-01-26,Mexican,force_india,Force India,Indian,Sergio Pérez,2018,2.0
23972,998,838,1,2,17.0,11.0,11,11,0.0,52,1,0,2018,10,9,British Grand Prix,2018-07-08,13:10:00,vandoorne,2,VAN,Stoffel,Vandoorne,1992-03-26,Belgian,mclaren,McLaren,British,Stoffel Vandoorne,2018,6.0
23973,998,840,3,18,19.0,12.0,12,12,0.0,52,1,0,2018,10,9,British Grand Prix,2018-07-08,13:10:00,stroll,18,STR,Lance,Stroll,1998-10-29,Canadian,williams,Williams,British,Lance Stroll,2018,7.0
23974,998,842,5,10,14.0,13.0,13,13,0.0,52,1,0,2018,10,9,British Grand Prix,2018-07-08,13:10:00,gasly,10,GAS,Pierre,Gasly,1996-02-07,French,toro_rosso,Toro Rosso,Italian,Pierre Gasly,2018,1.0
23975,998,845,3,35,18.0,14.0,14,14,0.0,52,1,0,2018,10,9,British Grand Prix,2018-07-08,13:10:00,sirotkin,35,SIR,Sergey,Sirotkin,1995-08-27,Russian,williams,Williams,British,Sergey Sirotkin,2018,4.0
23982,998,843,5,28,0.0,0.0,R,20,0.0,1,131,1,2018,10,9,British Grand Prix,2018-07-08,13:10:00,brendon_hartley,28,HAR,Brendon,Hartley,1989-11-10,New Zealander,toro_rosso,Toro Rosso,Italian,Brendon Hartley,2018,0.0
23977,998,830,9,33,5.0,0.0,R,15,0.0,46,23,1,2018,10,9,British Grand Prix,2018-07-08,13:10:00,max_verstappen,33,VER,Max,Verstappen,1997-09-30,Dutch,red_bull,Red Bull,Austrian,Max Verstappen,2018,5.0
23978,998,154,210,8,8.0,0.0,R,16,0.0,37,4,1,2018,10,9,British Grand Prix,2018-07-08,13:10:00,grosjean,8,GRO,Romain,Grosjean,1986-04-17,French,haas,Haas F1 Team,American,Romain Grosjean,2018,8.0
23979,998,832,4,55,16.0,0.0,R,17,0.0,37,4,1,2018,10,9,British Grand Prix,2018-07-08,13:10:00,sainz,55,SAI,Carlos,Sainz,1994-09-01,Spanish,renault,Renault,French,Carlos Sainz,2018,16.0
23980,998,828,15,9,15.0,0.0,R,18,0.0,31,3,1,2018,10,9,British Grand Prix,2018-07-08,13:10:00,ericsson,9,ERI,Marcus,Ericsson,1990-09-02,Swedish,sauber,Sauber,Swiss,Marcus Ericsson,2018,15.0
23981,998,844,15,16,9.0,0.0,R,19,0.0,18,27,1,2018,10,9,British Grand Prix,2018-07-08,13:10:00,leclerc,16,LEC,Charles,Leclerc,1997-10-16,Monegasque,sauber,Sauber,Swiss,Charles Leclerc,2018,9.0
23983,999,1,131,44,14.0,1.0,1,1,25.0,67,1,0,2018,11,10,German Grand Prix,2018-07-22,13:10:00,hamilton,44,HAM,Lewis,Hamilton,1985-01-07,British,mercedes,Mercedes,German,Lewis Hamilton,2018,13.0
23984,999,822,131,77,2.0,2.0,2,2,18.0,67,1,0,2018,11,10,German Grand Prix,2018-07-22,13:10:00,bottas,77,BOT,Valtteri,Bottas,1989-08-28,Finnish,mercedes,Mercedes,German,Valtteri Bottas,2018,0.0
23985,999,8,6,7,3.0,3.0,3,3,15.0,67,1,0,2018,11,10,German Grand Prix,2018-07-22,13:10:00,raikkonen,7,RAI,Kimi,Räikkönen,1979-10-17,Finnish,ferrari,Ferrari,Italian,Kimi Räikkönen,2018,0.0
23986,999,830,9,33,4.0,4.0,4,4,12.0,67,1,0,2018,11,10,German Grand Prix,2018-07-22,13:10:00,max_verstappen,33,VER,Max,Verstappen,1997-09-30,Dutch,red_bull,Red Bull,Austrian,Max Verstappen,2018,0.0
23987,999,807,4,27,7.0,5.0,5,5,10.0,67,1,0,2018,11,10,German Grand Prix,2018-07-22,13:10:00,hulkenberg,27,HUL,Nico,Hülkenberg,1987-08-19,German,renault,Renault,French,Nico Hülkenberg,2018,2.0
23988,999,154,210,8,6.0,6.0,6,6,8.0,67,1,0,2018,11,10,German Grand Prix,2018-07-22,13:10:00,grosjean,8,GRO,Romain,Grosjean,1986-04-17,French,haas,Haas F1 Team,American,Romain Grosjean,2018,0.0
23989,999,815,10,11,10.0,7.0,7,7,6.0,67,1,0,2018,11,10,German Grand Prix,2018-07-22,13:10:00,perez,11,PER,Sergio,Pérez,1990-01-26,Mexican,force_india,Force India,Indian,Sergio Pérez,2018,3.0
23990,999,839,10,31,15.0,8.0,8,8,4.0,67,1,0,2018,11,10,German Grand Prix,2018-07-22,13:10:00,ocon,31,OCO,Esteban,Ocon,1996-09-17,French,force_india,Force India,Indian,Esteban Ocon,2018,7.0
23991,999,828,15,9,13.0,9.0,9,9,2.0,67,1,0,2018,11,10,German Grand Prix,2018-07-22,13:10:00,ericsson,9,ERI,Marcus,Ericsson,1990-09-02,Swedish,sauber,Sauber,Swiss,Marcus Ericsson,2018,4.0
23992,999,843,5,28,17.0,10.0,10,10,1.0,67,1,0,2018,11,10,German Grand Prix,2018-07-22,13:10:00,brendon_hartley,28,HAR,Brendon,Hartley,1989-11-10,New Zealander,toro_rosso,Toro Rosso,Italian,Brendon Hartley,2018,7.0
23993,999,825,210,20,5.0,11.0,11,11,0.0,67,1,0,2018,11,10,German Grand Prix,2018-07-22,13:10:00,kevin_magnussen,20,MAG,Kevin,Magnussen,1992-10-05,Danish,haas,Haas F1 Team,American,Kevin Magnussen,2018,-6.0
23994,999,832,4,55,8.0,12.0,12,12,0.0,67,1,0,2018,11,10,German Grand Prix,2018-07-22,13:10:00,sainz,55,SAI,Carlos,Sainz,1994-09-01,Spanish,renault,Renault,French,Carlos Sainz,2018,-4.0
23995,999,838,1,2,19.0,13.0,13,13,0.0,67,1,0,2018,11,10,German Grand Prix,2018-07-22,13:10:00,vandoorne,2,VAN,Stoffel,Vandoorne,1992-03-26,Belgian,mclaren,McLaren,British,Stoffel Vandoorne,2018,6.0
23996,999,842,5,10,16.0,14.0,14,14,0.0,66,11,0,2018,11,10,German Grand Prix,2018-07-22,13:10:00,gasly,10,GAS,Pierre,Gasly,1996-02-07,French,toro_rosso,Toro Rosso,Italian,Pierre Gasly,2018,2.0
23997,999,844,15,16,9.0,15.0,15,15,0.0,66,11,0,2018,11,10,German Grand Prix,2018-07-22,13:10:00,leclerc,16,LEC,Charles,Leclerc,1997-10-16,Monegasque,sauber,Sauber,Swiss,Charles Leclerc,2018,-6.0
23998,999,4,1,14,11.0,16.0,16,16,0.0,65,31,0,2018,11,10,German Grand Prix,2018-07-22,13:10:00,alonso,14,ALO,Fernando,Alonso,1981-07-29,Spanish,mclaren,McLaren,British,Fernando Alonso,2018,-5.0
23999,999,840,3,18,18.0,0.0,R,17,0.0,53,5,1,2018,11,10,German Grand Prix,2018-07-22,13:10:00,stroll,18,STR,Lance,Stroll,1998-10-29,Canadian,williams,Williams,British,Lance Stroll,2018,18.0
24000,999,20,6,5,1.0,0.0,R,18,0.0,51,3,1,2018,11,10,German Grand Prix,2018-07-22,13:10:00,vettel,5,VET,Sebastian,Vettel,1987-07-03,German,ferrari,Ferrari,Italian,Sebastian Vettel,2018,1.0
24001,999,845,3,35,12.0,0.0,R,19,0.0,51,5,1,2018,11,10,German Grand Prix,2018-07-22,13:10:00,sirotkin,35,SIR,Sergey,Sirotkin,1995-08-27,Russian,williams,Williams,British,Sergey Sirotkin,2018,12.0
24002,999,817,9,3,20.0,0.0,R,20,0.0,27,5,1,2018,11,10,German Grand Prix,2018-07-22,13:10:00,ricciardo,3,RIC,Daniel,Ricciardo,1989-07-01,Australian,red_bull,Red Bull,Austrian,Daniel Ricciardo,2018,20.0
24003,1000,1,131,44,1.0,1.0,1,1,25.0,70,1,0,2018,12,11,Hungarian Grand Prix,2018-07-29,13:10:00,hamilton,44,HAM,Lewis,Hamilton,1985-01-07,British,mercedes,Mercedes,German,Lewis Hamilton,2018,0.0
24004,1000,20,6,5,4.0,2.0,2,2,18.0,70,1,0,2018,12,11,Hungarian Grand Prix,2018-07-29,13:10:00,vettel,5,VET,Sebastian,Vettel,1987-07-03,German,ferrari,Ferrari,Italian,Sebastian Vettel,2018,2.0
24005,1000,8,6,7,3.0,3.0,3,3,15.0,70,1,0,2018,12,11,Hungarian Grand Prix,2018-07-29,13:10:00,raikkonen,7,RAI,Kimi,Räikkönen,1979-10-17,Finnish,ferrari,Ferrari,Italian,Kimi Räikkönen,2018,0.0
24006,1000,817,9,3,12.0,4.0,4,4,12.0,70,1,0,2018,12,11,Hungarian Grand Prix,2018-07-29,13:10:00,ricciardo,3,RIC,Daniel,Ricciardo,1989-07-01,Australian,red_bull,Red Bull,Austrian,Daniel Ricciardo,2018,8.0
24007,1000,822,131,77,2.0,5.0,5,5,10.0,70,1,0,2018,12,11,Hungarian Grand Prix,2018-07-29,13:10:00,bottas,77,BOT,Valtteri,Bottas,1989-08-28,Finnish,mercedes,Mercedes,German,Valtteri Bottas,2018,-3.0
24008,1000,842,5,10,6.0,6.0,6,6,8.0,70,1,0,2018,12,11,Hungarian Grand Prix,2018-07-29,13:10:00,gasly,10,GAS,Pierre,Gasly,1996-02-07,French,toro_rosso,Toro Rosso,Italian,Pierre Gasly,2018,0.0
24009,1000,825,210,20,9.0,7.0,7,7,6.0,69,11,0,2018,12,11,Hungarian Grand Prix,2018-07-29,13:10:00,kevin_magnussen,20,MAG,Kevin,Magnussen,1992-10-05,Danish,haas,Haas F1 Team,American,Kevin Magnussen,2018,2.0
24010,1000,4,1,14,11.0,8.0,8,8,4.0,69,11,0,2018,12,11,Hungarian Grand Prix,2018-07-29,13:10:00,alonso,14,ALO,Fernando,Alonso,1981-07-29,Spanish,mclaren,McLaren,British,Fernando Alonso,2018,3.0
24011,1000,832,4,55,5.0,9.0,9,9,2.0,69,11,0,2018,12,11,Hungarian Grand Prix,2018-07-29,13:10:00,sainz,55,SAI,Carlos,Sainz,1994-09-01,Spanish,renault,Renault,French,Carlos Sainz,2018,-4.0
24012,1000,154,210,8,10.0,10.0,10,10,1.0,69,11,0,2018,12,11,Hungarian Grand Prix,2018-07-29,13:10:00,grosjean,8,GRO,Romain,Grosjean,1986-04-17,French,haas,Haas F1 Team,American,Romain Grosjean,2018,0.0
24013,1000,843,5,28,8.0,11.0,11,11,0.0,69,11,0,2018,12,11,Hungarian Grand Prix,2018-07-29,13:10:00,brendon_hartley,28,HAR,Brendon,Hartley,1989-11-10,New Zealander,toro_rosso,Toro Rosso,Italian,Brendon Hartley,2018,-3.0
24014,1000,807,4,27,13.0,12.0,12,12,0.0,69,11,0,2018,12,11,Hungarian Grand Prix,2018-07-29,13:10:00,hulkenberg,27,HUL,Nico,Hülkenberg,1987-08-19,German,renault,Renault,French,Nico Hülkenberg,2018,1.0
24015,1000,839,10,31,18.0,13.0,13,13,0.0,69,11,0,2018,12,11,Hungarian Grand Prix,2018-07-29,13:10:00,ocon,31,OCO,Esteban,Ocon,1996-09-17,French,force_india,Force India,Indian,Esteban Ocon,2018,5.0
24016,1000,815,10,11,19.0,14.0,14,14,0.0,69,11,0,2018,12,11,Hungarian Grand Prix,2018-07-29,13:10:00,perez,11,PER,Sergio,Pérez,1990-01-26,Mexican,force_india,Force India,Indian,Sergio Pérez,2018,5.0
24017,1000,828,15,9,14.0,15.0,15,15,0.0,68,12,0,2018,12,11,Hungarian Grand Prix,2018-07-29,13:10:00,ericsson,9,ERI,Marcus,Ericsson,1990-09-02,Swedish,sauber,Sauber,Swiss,Marcus Ericsson,2018,-1.0
24018,1000,845,3,35,20.0,16.0,16,16,0.0,68,12,0,2018,12,11,Hungarian Grand Prix,2018-07-29,13:10:00,sirotkin,35,SIR,Sergey,Sirotkin,1995-08-27,Russian,williams,Williams,British,Sergey Sirotkin,2018,4.0
24019,1000,840,3,18,15.0,17.0,17,17,0.0,68,12,0,2018,12,11,Hungarian Grand Prix,2018-07-29,13:10:00,stroll,18,STR,Lance,Stroll,1998-10-29,Canadian,williams,Williams,British,Lance Stroll,2018,-2.0
24020,1000,838,1,2,16.0,0.0,R,18,0.0,49,6,1,2018,12,11,Hungarian Grand Prix,2018-07-29,13:10:00,vandoorne,2,VAN,Stoffel,Vandoorne,1992-03-26,Belgian,mclaren,McLaren,British,Stoffel Vandoorne,2018,16.0
24021,1000,830,9,33,7.0,0.0,R,19,0.0,5,75,1,2018,12,11,Hungarian Grand Prix,2018-07-29,13:10:00,max_verstappen,33,VER,Max,Verstappen,1997-09-30,Dutch,red_bull,Red Bull,Austrian,Max Verstappen,2018,7.0
24022,1000,844,15,16,17.0,0.0,R,20,0.0,0,22,1,2018,12,11,Hungarian Grand Prix,2018-07-29,13:10:00,leclerc,16,LEC,Charles,Leclerc,1997-10-16,Monegasque,sauber,Sauber,Swiss,Charles Leclerc,2018,17.0
24023,1001,20,6,5,2.0,1.0,1,1,25.0,44,1,0,2018,13,13,Belgian Grand Prix,2018-08-26,13:10:00,vettel,5,VET,Sebastian,Vettel,1987-07-03,German,ferrari,Ferrari,Italian,Sebastian Vettel,2018,1.0
24024,1001,1,131,44,1.0,2.0,2,2,18.0,44,1,0,2018,13,13,Belgian Grand Prix,2018-08-26,13:10:00,hamilton,44,HAM,Lewis,Hamilton,1985-01-07,British,mercedes,Mercedes,German,Lewis Hamilton,2018,-1.0
24025,1001,830,9,33,7.0,3.0,3,3,15.0,44,1,0,2018,13,13,Belgian Grand Prix,2018-08-26,13:10:00,max_verstappen,33,VER,Max,Verstappen,1997-09-30,Dutch,red_bull,Red Bull,Austrian,Max Verstappen,2018,4.0
24026,1001,822,131,77,19.0,4.0,4,4,12.0,44,1,0,2018,13,13,Belgian Grand Prix,2018-08-26,13:10:00,bottas,77,BOT,Valtteri,Bottas,1989-08-28,Finnish,mercedes,Mercedes,German,Valtteri Bottas,2018,15.0
24027,1001,815,10,11,4.0,5.0,5,5,10.0,44,1,0,2018,13,13,Belgian Grand Prix,2018-08-26,13:10:00,perez,11,PER,Sergio,Pérez,1990-01-26,Mexican,force_india,Force India,Indian,Sergio Pérez,2018,-1.0
24028,1001,839,10,31,3.0,6.0,6,6,8.0,44,1,0,2018,13,13,Belgian Grand Prix,2018-08-26,13:10:00,ocon,31,OCO,Esteban,Ocon,1996-09-17,French,force_india,Force India,Indian,Esteban Ocon,2018,-3.0
24029,1001,154,210,8,5.0,7.0,7,7,6.0,44,1,0,2018,13,13,Belgian Grand Prix,2018-08-26,13:10:00,grosjean,8,GRO,Romain,Grosjean,1986-04-17,French,haas,Haas F1 Team,American,Romain Grosjean,2018,-2.0
24030,1001,825,210,20,9.0,8.0,8,8,4.0,44,1,0,2018,13,13,Belgian Grand Prix,2018-08-26,13:10:00,kevin_magnussen,20,MAG,Kevin,Magnussen,1992-10-05,Danish,haas,Haas F1 Team,American,Kevin Magnussen,2018,1.0
24031,1001,842,5,10,10.0,9.0,9,9,2.0,44,1,0,2018,13,13,Belgian Grand Prix,2018-08-26,13:10:00,gasly,10,GAS,Pierre,Gasly,1996-02-07,French,toro_rosso,Toro Rosso,Italian,Pierre Gasly,2018,1.0
24032,1001,828,15,9,13.0,10.0,10,10,1.0,43,11,0,2018,13,13,Belgian Grand Prix,2018-08-26,13:10:00,ericsson,9,ERI,Marcus,Ericsson,1990-09-02,Swedish,sauber,Sauber,Swiss,Marcus Ericsson,2018,3.0
24033,1001,832,4,55,14.0,11.0,11,11,0.0,43,11,0,2018,13,13,Belgian Grand Prix,2018-08-26,13:10:00,sainz,55,SAI,Carlos,Sainz,1994-09-01,Spanish,renault,Renault,French,Carlos Sainz,2018,3.0
24034,1001,845,3,35,16.0,12.0,12,12,0.0,43,11,0,2018,13,13,Belgian Grand Prix,2018-08-26,13:10:00,sirotkin,35,SIR,Sergey,Sirotkin,1995-08-27,Russian,williams,Williams,British,Sergey Sirotkin,2018,4.0
24035,1001,840,3,18,17.0,13.0,13,13,0.0,43,11,0,2018,13,13,Belgian Grand Prix,2018-08-26,13:10:00,stroll,18,STR,Lance,Stroll,1998-10-29,Canadian,williams,Williams,British,Lance Stroll,2018,4.0
24036,1001,843,5,28,11.0,14.0,14,14,0.0,43,11,0,2018,13,13,Belgian Grand Prix,2018-08-26,13:10:00,brendon_hartley,28,HAR,Brendon,Hartley,1989-11-10,New Zealander,toro_rosso,Toro Rosso,Italian,Brendon Hartley,2018,-3.0
24037,1001,838,1,2,18.0,15.0,15,15,0.0,43,11,0,2018,13,13,Belgian Grand Prix,2018-08-26,13:10:00,vandoorne,2,VAN,Stoffel,Vandoorne,1992-03-26,Belgian,mclaren,McLaren,British,Stoffel Vandoorne,2018,3.0
24038,1001,817,9,3,8.0,0.0,R,16,0.0,28,31,1,2018,13,13,Belgian Grand Prix,2018-08-26,13:10:00,ricciardo,3,RIC,Daniel,Ricciardo,1989-07-01,Australian,red_bull,Red Bull,Austrian,Daniel Ricciardo,2018,8.0
24039,1001,8,6,7,6.0,0.0,R,17,0.0,8,23,1,2018,13,13,Belgian Grand Prix,2018-08-26,13:10:00,raikkonen,7,RAI,Kimi,Räikkönen,1979-10-17,Finnish,ferrari,Ferrari,Italian,Kimi Räikkönen,2018,6.0
24040,1001,844,15,16,12.0,0.0,R,18,0.0,0,3,1,2018,13,13,Belgian Grand Prix,2018-08-26,13:10:00,leclerc,16,LEC,Charles,Leclerc,1997-10-16,Monegasque,sauber,Sauber,Swiss,Charles Leclerc,2018,12.0
24041,1001,4,1,14,15.0,0.0,R,19,0.0,0,3,1,2018,13,13,Belgian Grand Prix,2018-08-26,13:10:00,alonso,14,ALO,Fernando,Alonso,1981-07-29,Spanish,mclaren,McLaren,British,Fernando Alonso,2018,15.0
24042,1001,807,4,27,20.0,0.0,R,20,0.0,0,3,1,2018,13,13,Belgian Grand Prix,2018-08-26,13:10:00,hulkenberg,27,HUL,Nico,Hülkenberg,1987-08-19,German,renault,Renault,French,Nico Hülkenberg,2018,20.0
24043,1002,1,131,44,3.0,1.0,1,1,25.0,53,1,0,2018,14,14,Italian Grand Prix,2018-09-02,13:10:00,hamilton,44,HAM,Lewis,Hamilton,1985-01-07,British,mercedes,Mercedes,German,Lewis Hamilton,2018,2.0
24044,1002,8,6,7,1.0,2.0,2,2,18.0,53,1,0,2018,14,14,Italian Grand Prix,2018-09-02,13:10:00,raikkonen,7,RAI,Kimi,Räikkönen,1979-10-17,Finnish,ferrari,Ferrari,Italian,Kimi Räikkönen,2018,-1.0
24045,1002,822,131,77,4.0,3.0,3,3,15.0,53,1,0,2018,14,14,Italian Grand Prix,2018-09-02,13:10:00,bottas,77,BOT,Valtteri,Bottas,1989-08-28,Finnish,mercedes,Mercedes,German,Valtteri Bottas,2018,1.0
24046,1002,20,6,5,2.0,4.0,4,4,12.0,53,1,0,2018,14,14,Italian Grand Prix,2018-09-02,13:10:00,vettel,5,VET,Sebastian,Vettel,1987-07-03,German,ferrari,Ferrari,Italian,Sebastian Vettel,2018,-2.0
24047,1002,830,9,33,5.0,5.0,5,5,10.0,53,1,0,2018,14,14,Italian Grand Prix,2018-09-02,13:10:00,max_verstappen,33,VER,Max,Verstappen,1997-09-30,Dutch,red_bull,Red Bull,Austrian,Max Verstappen,2018,0.0
24048,1002,839,10,31,8.0,6.0,6,6,8.0,53,1,0,2018,14,14,Italian Grand Prix,2018-09-02,13:10:00,ocon,31,OCO,Esteban,Ocon,1996-09-17,French,force_india,Force India,Indian,Esteban Ocon,2018,2.0
24049,1002,815,10,11,14.0,7.0,7,7,6.0,53,1,0,2018,14,14,Italian Grand Prix,2018-09-02,13:10:00,perez,11,PER,Sergio,Pérez,1990-01-26,Mexican,force_india,Force India,Indian,Sergio Pérez,2018,7.0
24050,1002,832,4,55,7.0,8.0,8,8,4.0,53,1,0,2018,14,14,Italian Grand Prix,2018-09-02,13:10:00,sainz,55,SAI,Carlos,Sainz,1994-09-01,Spanish,renault,Renault,French,Carlos Sainz,2018,-1.0
24051,1002,840,3,18,10.0,9.0,9,9,2.0,52,11,0,2018,14,14,Italian Grand Prix,2018-09-02,13:10:00,stroll,18,STR,Lance,Stroll,1998-10-29,Canadian,williams,Williams,British,Lance Stroll,2018,1.0
24052,1002,845,3,35,12.0,10.0,10,10,1.0,52,11,0,2018,14,14,Italian Grand Prix,2018-09-02,13:10:00,sirotkin,35,SIR,Sergey,Sirotkin,1995-08-27,Russian,williams,Williams,British,Sergey Sirotkin,2018,2.0
24053,1002,844,15,16,15.0,11.0,11,11,0.0,52,11,0,2018,14,14,Italian Grand Prix,2018-09-02,13:10:00,leclerc,16,LEC,Charles,Leclerc,1997-10-16,Monegasque,sauber,Sauber,Swiss,Charles Leclerc,2018,4.0
24054,1002,838,1,2,17.0,12.0,12,12,0.0,52,11,0,2018,14,14,Italian Grand Prix,2018-09-02,13:10:00,vandoorne,2,VAN,Stoffel,Vandoorne,1992-03-26,Belgian,mclaren,McLaren,British,Stoffel Vandoorne,2018,5.0
24055,1002,807,4,27,20.0,13.0,13,13,0.0,52,11,0,2018,14,14,Italian Grand Prix,2018-09-02,13:10:00,hulkenberg,27,HUL,Nico,Hülkenberg,1987-08-19,German,renault,Renault,French,Nico Hülkenberg,2018,7.0
24056,1002,842,5,10,9.0,14.0,14,14,0.0,52,11,0,2018,14,14,Italian Grand Prix,2018-09-02,13:10:00,gasly,10,GAS,Pierre,Gasly,1996-02-07,French,toro_rosso,Toro Rosso,Italian,Pierre Gasly,2018,-5.0
24057,1002,828,15,9,18.0,15.0,15,15,0.0,52,11,0,2018,14,14,Italian Grand Prix,2018-09-02,13:10:00,ericsson,9,ERI,Marcus,Ericsson,1990-09-02,Swedish,sauber,Sauber,Swiss,Marcus Ericsson,2018,3.0
24058,1002,825,210,20,11.0,16.0,16,16,0.0,52,11,0,2018,14,14,Italian Grand Prix,2018-09-02,13:10:00,kevin_magnussen,20,MAG,Kevin,Magnussen,1992-10-05,Danish,haas,Haas F1 Team,American,Kevin Magnussen,2018,-5.0
24059,1002,817,9,3,19.0,0.0,R,17,0.0,23,5,1,2018,14,14,Italian Grand Prix,2018-09-02,13:10:00,ricciardo,3,RIC,Daniel,Ricciardo,1989-07-01,Australian,red_bull,Red Bull,Austrian,Daniel Ricciardo,2018,19.0
24060,1002,4,1,14,13.0,0.0,R,18,0.0,9,5,1,2018,14,14,Italian Grand Prix,2018-09-02,13:10:00,alonso,14,ALO,Fernando,Alonso,1981-07-29,Spanish,mclaren,McLaren,British,Fernando Alonso,2018,13.0
24061,1002,843,5,28,16.0,0.0,R,19,0.0,0,23,1,2018,14,14,Italian Grand Prix,2018-09-02,13:10:00,brendon_hartley,28,HAR,Brendon,Hartley,1989-11-10,New Zealander,toro_rosso,Toro Rosso,Italian,Brendon Hartley,2018,16.0
24062,1002,154,210,8,6.0,0.0,D,20,0.0,53,2,1,2018,14,14,Italian Grand Prix,2018-09-02,13:10:00,grosjean,8,GRO,Romain,Grosjean,1986-04-17,French,haas,Haas F1 Team,American,Romain Grosjean,2018,6.0
24063,1003,1,131,44,1.0,1.0,1,1,25.0,61,1,0,2018,15,15,Singapore Grand Prix,2018-09-16,12:10:00,hamilton,44,HAM,Lewis,Hamilton,1985-01-07,British,mercedes,Mercedes,German,Lewis Hamilton,2018,0.0
24064,1003,830,9,33,2.0,2.0,2,2,18.0,61,1,0,2018,15,15,Singapore Grand Prix,2018-09-16,12:10:00,max_verstappen,33,VER,Max,Verstappen,1997-09-30,Dutch,red_bull,Red Bull,Austrian,Max Verstappen,2018,0.0
24065,1003,20,6,5,3.0,3.0,3,3,15.0,61,1,0,2018,15,15,Singapore Grand Prix,2018-09-16,12:10:00,vettel,5,VET,Sebastian,Vettel,1987-07-03,German,ferrari,Ferrari,Italian,Sebastian Vettel,2018,0.0
24066,1003,822,131,77,4.0,4.0,4,4,12.0,61,1,0,2018,15,15,Singapore Grand Prix,2018-09-16,12:10:00,bottas,77,BOT,Valtteri,Bottas,1989-08-28,Finnish,mercedes,Mercedes,German,Valtteri Bottas,2018,0.0
24067,1003,8,6,7,5.0,5.0,5,5,10.0,61,1,0,2018,15,15,Singapore Grand Prix,2018-09-16,12:10:00,raikkonen,7,RAI,Kimi,Räikkönen,1979-10-17,Finnish,ferrari,Ferrari,Italian,Kimi Räikkönen,2018,0.0
24068,1003,817,9,3,6.0,6.0,6,6,8.0,61,1,0,2018,15,15,Singapore Grand Prix,2018-09-16,12:10:00,ricciardo,3,RIC,Daniel,Ricciardo,1989-07-01,Australian,red_bull,Red Bull,Austrian,Daniel Ricciardo,2018,0.0
24069,1003,4,1,14,11.0,7.0,7,7,6.0,61,1,0,2018,15,15,Singapore Grand Prix,2018-09-16,12:10:00,alonso,14,ALO,Fernando,Alonso,1981-07-29,Spanish,mclaren,McLaren,British,Fernando Alonso,2018,4.0
24070,1003,832,4,55,12.0,8.0,8,8,4.0,60,11,0,2018,15,15,Singapore Grand Prix,2018-09-16,12:10:00,sainz,55,SAI,Carlos,Sainz,1994-09-01,Spanish,renault,Renault,French,Carlos Sainz,2018,4.0
24071,1003,844,15,16,13.0,9.0,9,9,2.0,60,11,0,2018,15,15,Singapore Grand Prix,2018-09-16,12:10:00,leclerc,16,LEC,Charles,Leclerc,1997-10-16,Monegasque,sauber,Sauber,Swiss,Charles Leclerc,2018,4.0
24072,1003,807,4,27,10.0,10.0,10,10,1.0,60,11,0,2018,15,15,Singapore Grand Prix,2018-09-16,12:10:00,hulkenberg,27,HUL,Nico,Hülkenberg,1987-08-19,German,renault,Renault,French,Nico Hülkenberg,2018,0.0
24073,1003,828,15,9,14.0,11.0,11,11,0.0,60,11,0,2018,15,15,Singapore Grand Prix,2018-09-16,12:10:00,ericsson,9,ERI,Marcus,Ericsson,1990-09-02,Swedish,sauber,Sauber,Swiss,Marcus Ericsson,2018,3.0
24074,1003,838,1,2,18.0,12.0,12,12,0.0,60,11,0,2018,15,15,Singapore Grand Prix,2018-09-16,12:10:00,vandoorne,2,VAN,Stoffel,Vandoorne,1992-03-26,Belgian,mclaren,McLaren,British,Stoffel Vandoorne,2018,6.0
24075,1003,842,5,10,15.0,13.0,13,13,0.0,60,11,0,2018,15,15,Singapore Grand Prix,2018-09-16,12:10:00,gasly,10,GAS,Pierre,Gasly,1996-02-07,French,toro_rosso,Toro Rosso,Italian,Pierre Gasly,2018,2.0
24076,1003,840,3,18,20.0,14.0,14,14,0.0,60,11,0,2018,15,15,Singapore Grand Prix,2018-09-16,12:10:00,stroll,18,STR,Lance,Stroll,1998-10-29,Canadian,williams,Williams,British,Lance Stroll,2018,6.0
24077,1003,154,210,8,8.0,15.0,15,15,0.0,60,11,0,2018,15,15,Singapore Grand Prix,2018-09-16,12:10:00,grosjean,8,GRO,Romain,Grosjean,1986-04-17,French,haas,Haas F1 Team,American,Romain Grosjean,2018,-7.0
24078,1003,815,10,11,7.0,16.0,16,16,0.0,60,11,0,2018,15,15,Singapore Grand Prix,2018-09-16,12:10:00,perez,11,PER,Sergio,Pérez,1990-01-26,Mexican,force_india,Force India,Indian,Sergio Pérez,2018,-9.0
24079,1003,843,5,28,17.0,17.0,17,17,0.0,60,11,0,2018,15,15,Singapore Grand Prix,2018-09-16,12:10:00,brendon_hartley,28,HAR,Brendon,Hartley,1989-11-10,New Zealander,toro_rosso,Toro Rosso,Italian,Brendon Hartley,2018,0.0
24080,1003,825,210,20,16.0,18.0,18,18,0.0,59,12,0,2018,15,15,Singapore Grand Prix,2018-09-16,12:10:00,kevin_magnussen,20,MAG,Kevin,Magnussen,1992-10-05,Danish,haas,Haas F1 Team,American,Kevin Magnussen,2018,-2.0
24081,1003,845,3,35,19.0,19.0,19,19,0.0,59,12,0,2018,15,15,Singapore Grand Prix,2018-09-16,12:10:00,sirotkin,35,SIR,Sergey,Sirotkin,1995-08-27,Russian,williams,Williams,British,Sergey Sirotkin,2018,0.0
24082,1003,839,10,31,9.0,0.0,R,20,0.0,0,4,1,2018,15,15,Singapore Grand Prix,2018-09-16,12:10:00,ocon,31,OCO,Esteban,Ocon,1996-09-17,French,force_india,Force India,Indian,Esteban Ocon,2018,9.0
24083,1004,1,131,44,2.0,1.0,1,1,25.0,53,1,0,2018,16,71,Russian Grand Prix,2018-09-30,11:10:00,hamilton,44,HAM,Lewis,Hamilton,1985-01-07,British,mercedes,Mercedes,German,Lewis Hamilton,2018,1.0
24084,1004,822,131,77,1.0,2.0,2,2,18.0,53,1,0,2018,16,71,Russian Grand Prix,2018-09-30,11:10:00,bottas,77,BOT,Valtteri,Bottas,1989-08-28,Finnish,mercedes,Mercedes,German,Valtteri Bottas,2018,-1.0
24085,1004,20,6,5,3.0,3.0,3,3,15.0,53,1,0,2018,16,71,Russian Grand Prix,2018-09-30,11:10:00,vettel,5,VET,Sebastian,Vettel,1987-07-03,German,ferrari,Ferrari,Italian,Sebastian Vettel,2018,0.0
24086,1004,8,6,7,4.0,4.0,4,4,12.0,53,1,0,2018,16,71,Russian Grand Prix,2018-09-30,11:10:00,raikkonen,7,RAI,Kimi,Räikkönen,1979-10-17,Finnish,ferrari,Ferrari,Italian,Kimi Räikkönen,2018,0.0
24087,1004,830,9,33,19.0,5.0,5,5,10.0,53,1,0,2018,16,71,Russian Grand Prix,2018-09-30,11:10:00,max_verstappen,33,VER,Max,Verstappen,1997-09-30,Dutch,red_bull,Red Bull,Austrian,Max Verstappen,2018,14.0
24088,1004,817,9,3,18.0,6.0,6,6,8.0,53,1,0,2018,16,71,Russian Grand Prix,2018-09-30,11:10:00,ricciardo,3,RIC,Daniel,Ricciardo,1989-07-01,Australian,red_bull,Red Bull,Austrian,Daniel Ricciardo,2018,12.0
24089,1004,844,15,16,7.0,7.0,7,7,6.0,53,1,0,2018,16,71,Russian Grand Prix,2018-09-30,11:10:00,leclerc,16,LEC,Charles,Leclerc,1997-10-16,Monegasque,sauber,Sauber,Swiss,Charles Leclerc,2018,0.0
24090,1004,825,210,20,5.0,8.0,8,8,4.0,52,11,0,2018,16,71,Russian Grand Prix,2018-09-30,11:10:00,kevin_magnussen,20,MAG,Kevin,Magnussen,1992-10-05,Danish,haas,Haas F1 Team,American,Kevin Magnussen,2018,-3.0
24091,1004,839,10,31,6.0,9.0,9,9,2.0,52,11,0,2018,16,71,Russian Grand Prix,2018-09-30,11:10:00,ocon,31,OCO,Esteban,Ocon,1996-09-17,French,force_india,Force India,Indian,Esteban Ocon,2018,-3.0
24092,1004,815,10,11,8.0,10.0,10,10,1.0,52,11,0,2018,16,71,Russian Grand Prix,2018-09-30,11:10:00,perez,11,PER,Sergio,Pérez,1990-01-26,Mexican,force_india,Force India,Indian,Sergio Pérez,2018,-2.0
24093,1004,154,210,8,9.0,11.0,11,11,0.0,52,11,0,2018,16,71,Russian Grand Prix,2018-09-30,11:10:00,grosjean,8,GRO,Romain,Grosjean,1986-04-17,French,haas,Haas F1 Team,American,Romain Grosjean,2018,-2.0
24094,1004,807,4,27,12.0,12.0,12,12,0.0,52,11,0,2018,16,71,Russian Grand Prix,2018-09-30,11:10:00,hulkenberg,27,HUL,Nico,Hülkenberg,1987-08-19,German,renault,Renault,French,Nico Hülkenberg,2018,0.0
24095,1004,828,15,9,10.0,13.0,13,13,0.0,52,11,0,2018,16,71,Russian Grand Prix,2018-09-30,11:10:00,ericsson,9,ERI,Marcus,Ericsson,1990-09-02,Swedish,sauber,Sauber,Swiss,Marcus Ericsson,2018,-3.0
24096,1004,4,1,14,16.0,14.0,14,14,0.0,52,11,0,2018,16,71,Russian Grand Prix,2018-09-30,11:10:00,alonso,14,ALO,Fernando,Alonso,1981-07-29,Spanish,mclaren,McLaren,British,Fernando Alonso,2018,2.0
24097,1004,840,3,18,14.0,15.0,15,15,0.0,52,11,0,2018,16,71,Russian Grand Prix,2018-09-30,11:10:00,stroll,18,STR,Lance,Stroll,1998-10-29,Canadian,williams,Williams,British,Lance Stroll,2018,-1.0
24098,1004,838,1,2,15.0,16.0,16,16,0.0,51,12,0,2018,16,71,Russian Grand Prix,2018-09-30,11:10:00,vandoorne,2,VAN,Stoffel,Vandoorne,1992-03-26,Belgian,mclaren,McLaren,British,Stoffel Vandoorne,2018,-1.0
24099,1004,832,4,55,11.0,17.0,17,17,0.0,51,12,0,2018,16,71,Russian Grand Prix,2018-09-30,11:10:00,sainz,55,SAI,Carlos,Sainz,1994-09-01,Spanish,renault,Renault,French,Carlos Sainz,2018,-6.0
24100,1004,845,3,35,13.0,18.0,18,18,0.0,51,12,0,2018,16,71,Russian Grand Prix,2018-09-30,11:10:00,sirotkin,35,SIR,Sergey,Sirotkin,1995-08-27,Russian,williams,Williams,British,Sergey Sirotkin,2018,-5.0
24101,1004,842,5,10,17.0,0.0,R,19,0.0,4,23,1,2018,16,71,Russian Grand Prix,2018-09-30,11:10:00,gasly,10,GAS,Pierre,Gasly,1996-02-07,French,toro_rosso,Toro Rosso,Italian,Pierre Gasly,2018,17.0
24102,1004,843,5,28,20.0,0.0,R,20,0.0,4,23,1,2018,16,71,Russian Grand Prix,2018-09-30,11:10:00,brendon_hartley,28,HAR,Brendon,Hartley,1989-11-10,New Zealander,toro_rosso,Toro Rosso,Italian,Brendon Hartley,2018,20.0
24103,1005,1,131,44,1.0,1.0,1,1,25.0,53,1,0,2018,17,22,Japanese Grand Prix,2018-10-07,05:10:00,hamilton,44,HAM,Lewis,Hamilton,1985-01-07,British,mercedes,Mercedes,German,Lewis Hamilton,2018,0.0
24104,1005,822,131,77,2.0,2.0,2,2,18.0,53,1,0,2018,17,22,Japanese Grand Prix,2018-10-07,05:10:00,bottas,77,BOT,Valtteri,Bottas,1989-08-28,Finnish,mercedes,Mercedes,German,Valtteri Bottas,2018,0.0
24105,1005,830,9,33,3.0,3.0,3,3,15.0,53,1,0,2018,17,22,Japanese Grand Prix,2018-10-07,05:10:00,max_verstappen,33,VER,Max,Verstappen,1997-09-30,Dutch,red_bull,Red Bull,Austrian,Max Verstappen,2018,0.0
24106,1005,817,9,3,15.0,4.0,4,4,12.0,53,1,0,2018,17,22,Japanese Grand Prix,2018-10-07,05:10:00,ricciardo,3,RIC,Daniel,Ricciardo,1989-07-01,Australian,red_bull,Red Bull,Austrian,Daniel Ricciardo,2018,11.0
24107,1005,8,6,7,4.0,5.0,5,5,10.0,53,1,0,2018,17,22,Japanese Grand Prix,2018-10-07,05:10:00,raikkonen,7,RAI,Kimi,Räikkönen,1979-10-17,Finnish,ferrari,Ferrari,Italian,Kimi Räikkönen,2018,-1.0
24108,1005,20,6,5,8.0,6.0,6,6,8.0,53,1,0,2018,17,22,Japanese Grand Prix,2018-10-07,05:10:00,vettel,5,VET,Sebastian,Vettel,1987-07-03,German,ferrari,Ferrari,Italian,Sebastian Vettel,2018,2.0
24109,1005,815,10,11,9.0,7.0,7,7,6.0,53,1,0,2018,17,22,Japanese Grand Prix,2018-10-07,05:10:00,perez,11,PER,Sergio,Pérez,1990-01-26,Mexican,force_india,Force India,Indian,Sergio Pérez,2018,2.0
24110,1005,154,210,8,5.0,8.0,8,8,4.0,53,1,0,2018,17,22,Japanese Grand Prix,2018-10-07,05:10:00,grosjean,8,GRO,Romain,Grosjean,1986-04-17,French,haas,Haas F1 Team,American,Romain Grosjean,2018,-3.0
24111,1005,839,10,31,11.0,9.0,9,9,2.0,53,1,0,2018,17,22,Japanese Grand Prix,2018-10-07,05:10:00,ocon,31,OCO,Esteban,Ocon,1996-09-17,French,force_india,Force India,Indian,Esteban Ocon,2018,2.0
24112,1005,832,4,55,13.0,10.0,10,10,1.0,52,11,0,2018,17,22,Japanese Grand Prix,2018-10-07,05:10:00,sainz,55,SAI,Carlos,Sainz,1994-09-01,Spanish,renault,Renault,French,Carlos Sainz,2018,3.0
24113,1005,842,5,10,7.0,11.0,11,11,0.0,52,11,0,2018,17,22,Japanese Grand Prix,2018-10-07,05:10:00,gasly,10,GAS,Pierre,Gasly,1996-02-07,French,toro_rosso,Toro Rosso,Italian,Pierre Gasly,2018,-4.0
24114,1005,828,15,9,20.0,12.0,12,12,0.0,52,11,0,2018,17,22,Japanese Grand Prix,2018-10-07,05:10:00,ericsson,9,ERI,Marcus,Ericsson,1990-09-02,Swedish,sauber,Sauber,Swiss,Marcus Ericsson,2018,8.0
24115,1005,843,5,28,6.0,13.0,13,13,0.0,52,11,0,2018,17,22,Japanese Grand Prix,2018-10-07,05:10:00,brendon_hartley,28,HAR,Brendon,Hartley,1989-11-10,New Zealander,toro_rosso,Toro Rosso,Italian,Brendon Hartley,2018,-7.0
24116,1005,4,1,14,18.0,14.0,14,14,0.0,52,11,0,2018,17,22,Japanese Grand Prix,2018-10-07,05:10:00,alonso,14,ALO,Fernando,Alonso,1981-07-29,Spanish,mclaren,McLaren,British,Fernando Alonso,2018,4.0
24117,1005,838,1,2,19.0,15.0,15,15,0.0,52,11,0,2018,17,22,Japanese Grand Prix,2018-10-07,05:10:00,vandoorne,2,VAN,Stoffel,Vandoorne,1992-03-26,Belgian,mclaren,McLaren,British,Stoffel Vandoorne,2018,4.0
24118,1005,845,3,35,17.0,16.0,16,16,0.0,52,11,0,2018,17,22,Japanese Grand Prix,2018-10-07,05:10:00,sirotkin,35,SIR,Sergey,Sirotkin,1995-08-27,Russian,williams,Williams,British,Sergey Sirotkin,2018,1.0
24119,1005,840,3,18,14.0,17.0,17,17,0.0,52,11,0,2018,17,22,Japanese Grand Prix,2018-10-07,05:10:00,stroll,18,STR,Lance,Stroll,1998-10-29,Canadian,williams,Williams,British,Lance Stroll,2018,-3.0
24120,1005,844,15,16,10.0,0.0,R,18,0.0,38,26,1,2018,17,22,Japanese Grand Prix,2018-10-07,05:10:00,leclerc,16,LEC,Charles,Leclerc,1997-10-16,Monegasque,sauber,Sauber,Swiss,Charles Leclerc,2018,10.0
24121,1005,807,4,27,16.0,0.0,R,19,0.0,37,5,1,2018,17,22,Japanese Grand Prix,2018-10-07,05:10:00,hulkenberg,27,HUL,Nico,Hülkenberg,1987-08-19,German,renault,Renault,French,Nico Hülkenberg,2018,16.0
24122,1005,825,210,20,12.0,0.0,R,20,0.0,8,130,1,2018,17,22,Japanese Grand Prix,2018-10-07,05:10:00,kevin_magnussen,20,MAG,Kevin,Magnussen,1992-10-05,Danish,haas,Haas F1 Team,American,Kevin Magnussen,2018,12.0
24123,1006,8,6,7,2.0,1.0,1,1,25.0,56,1,0,2018,18,69,United States Grand Prix,2018-10-21,18:10:00,raikkonen,7,RAI,Kimi,Räikkönen,1979-10-17,Finnish,ferrari,Ferrari,Italian,Kimi Räikkönen,2018,1.0
24124,1006,830,9,33,18.0,2.0,2,2,18.0,56,1,0,2018,18,69,United States Grand Prix,2018-10-21,18:10:00,max_verstappen,33,VER,Max,Verstappen,1997-09-30,Dutch,red_bull,Red Bull,Austrian,Max Verstappen,2018,16.0
24125,1006,1,131,44,1.0,3.0,3,3,15.0,56,1,0,2018,18,69,United States Grand Prix,2018-10-21,18:10:00,hamilton,44,HAM,Lewis,Hamilton,1985-01-07,British,mercedes,Mercedes,German,Lewis Hamilton,2018,-2.0
24126,1006,20,6,5,5.0,4.0,4,4,12.0,56,1,0,2018,18,69,United States Grand Prix,2018-10-21,18:10:00,vettel,5,VET,Sebastian,Vettel,1987-07-03,German,ferrari,Ferrari,Italian,Sebastian Vettel,2018,1.0
24127,1006,822,131,77,3.0,5.0,5,5,10.0,56,1,0,2018,18,69,United States Grand Prix,2018-10-21,18:10:00,bottas,77,BOT,Valtteri,Bottas,1989-08-28,Finnish,mercedes,Mercedes,German,Valtteri Bottas,2018,-2.0
24128,1006,807,4,27,7.0,6.0,6,6,8.0,56,1,0,2018,18,69,United States Grand Prix,2018-10-21,18:10:00,hulkenberg,27,HUL,Nico,Hülkenberg,1987-08-19,German,renault,Renault,French,Nico Hülkenberg,2018,1.0
24129,1006,832,4,55,11.0,7.0,7,7,6.0,56,1,0,2018,18,69,United States Grand Prix,2018-10-21,18:10:00,sainz,55,SAI,Carlos,Sainz,1994-09-01,Spanish,renault,Renault,French,Carlos Sainz,2018,4.0
24130,1006,815,10,11,10.0,8.0,8,8,4.0,56,1,0,2018,18,69,United States Grand Prix,2018-10-21,18:10:00,perez,11,PER,Sergio,Pérez,1990-01-26,Mexican,force_india,Force India,Indian,Sergio Pérez,2018,2.0
24131,1006,843,5,28,20.0,9.0,9,9,2.0,55,11,0,2018,18,69,United States Grand Prix,2018-10-21,18:10:00,brendon_hartley,28,HAR,Brendon,Hartley,1989-11-10,New Zealander,toro_rosso,Toro Rosso,Italian,Brendon Hartley,2018,11.0
24132,1006,828,15,9,16.0,10.0,10,10,1.0,55,11,0,2018,18,69,United States Grand Prix,2018-10-21,18:10:00,ericsson,9,ERI,Marcus,Ericsson,1990-09-02,Swedish,sauber,Sauber,Swiss,Marcus Ericsson,2018,6.0
24133,1006,838,1,2,17.0,11.0,11,11,0.0,55,11,0,2018,18,69,United States Grand Prix,2018-10-21,18:10:00,vandoorne,2,VAN,Stoffel,Vandoorne,1992-03-26,Belgian,mclaren,McLaren,British,Stoffel Vandoorne,2018,6.0
24134,1006,842,5,10,19.0,12.0,12,12,0.0,55,11,0,2018,18,69,United States Grand Prix,2018-10-21,18:10:00,gasly,10,GAS,Pierre,Gasly,1996-02-07,French,toro_rosso,Toro Rosso,Italian,Pierre Gasly,2018,7.0
24135,1006,845,3,35,14.0,13.0,13,13,0.0,55,11,0,2018,18,69,United States Grand Prix,2018-10-21,18:10:00,sirotkin,35,SIR,Sergey,Sirotkin,1995-08-27,Russian,williams,Williams,British,Sergey Sirotkin,2018,1.0
24136,1006,840,3,18,15.0,14.0,14,14,0.0,54,12,0,2018,18,69,United States Grand Prix,2018-10-21,18:10:00,stroll,18,STR,Lance,Stroll,1998-10-29,Canadian,williams,Williams,British,Lance Stroll,2018,1.0
24137,1006,844,15,16,9.0,0.0,R,15,0.0,31,130,1,2018,18,69,United States Grand Prix,2018-10-21,18:10:00,leclerc,16,LEC,Charles,Leclerc,1997-10-16,Monegasque,sauber,Sauber,Swiss,Charles Leclerc,2018,9.0
24138,1006,817,9,3,4.0,0.0,R,16,0.0,8,84,1,2018,18,69,United States Grand Prix,2018-10-21,18:10:00,ricciardo,3,RIC,Daniel,Ricciardo,1989-07-01,Australian,red_bull,Red Bull,Austrian,Daniel Ricciardo,2018,4.0
24139,1006,154,210,8,8.0,0.0,R,17,0.0,2,130,1,2018,18,69,United States Grand Prix,2018-10-21,18:10:00,grosjean,8,GRO,Romain,Grosjean,1986-04-17,French,haas,Haas F1 Team,American,Romain Grosjean,2018,8.0
24140,1006,4,1,14,13.0,0.0,R,18,0.0,1,4,1,2018,18,69,United States Grand Prix,2018-10-21,18:10:00,alonso,14,ALO,Fernando,Alonso,1981-07-29,Spanish,mclaren,McLaren,British,Fernando Alonso,2018,13.0
24141,1006,839,10,31,6.0,0.0,D,19,0.0,56,2,1,2018,18,69,United States Grand Prix,2018-10-21,18:10:00,ocon,31,OCO,Esteban,Ocon,1996-09-17,French,force_india,Force India,Indian,Esteban Ocon,2018,6.0
24142,1006,825,210,20,12.0,0.0,D,20,0.0,56,2,1,2018,18,69,United States Grand Prix,2018-10-21,18:10:00,kevin_magnussen,20,MAG,Kevin,Magnussen,1992-10-05,Danish,haas,Haas F1 Team,American,Kevin Magnussen,2018,12.0
24143,1007,830,9,33,2.0,1.0,1,1,25.0,71,1,0,2018,19,32,Mexican Grand Prix,2018-10-28,19:10:00,max_verstappen,33,VER,Max,Verstappen,1997-09-30,Dutch,red_bull,Red Bull,Austrian,Max Verstappen,2018,1.0
24144,1007,20,6,5,4.0,2.0,2,2,18.0,71,1,0,2018,19,32,Mexican Grand Prix,2018-10-28,19:10:00,vettel,5,VET,Sebastian,Vettel,1987-07-03,German,ferrari,Ferrari,Italian,Sebastian Vettel,2018,2.0
24145,1007,8,6,7,6.0,3.0,3,3,15.0,71,1,0,2018,19,32,Mexican Grand Prix,2018-10-28,19:10:00,raikkonen,7,RAI,Kimi,Räikkönen,1979-10-17,Finnish,ferrari,Ferrari,Italian,Kimi Räikkönen,2018,3.0
24146,1007,1,131,44,3.0,4.0,4,4,12.0,71,1,0,2018,19,32,Mexican Grand Prix,2018-10-28,19:10:00,hamilton,44,HAM,Lewis,Hamilton,1985-01-07,British,mercedes,Mercedes,German,Lewis Hamilton,2018,-1.0
24147,1007,822,131,77,5.0,5.0,5,5,10.0,70,11,0,2018,19,32,Mexican Grand Prix,2018-10-28,19:10:00,bottas,77,BOT,Valtteri,Bottas,1989-08-28,Finnish,mercedes,Mercedes,German,Valtteri Bottas,2018,0.0
24148,1007,807,4,27,7.0,6.0,6,6,8.0,69,12,0,2018,19,32,Mexican Grand Prix,2018-10-28,19:10:00,hulkenberg,27,HUL,Nico,Hülkenberg,1987-08-19,German,renault,Renault,French,Nico Hülkenberg,2018,1.0
24149,1007,844,15,16,9.0,7.0,7,7,6.0,69,12,0,2018,19,32,Mexican Grand Prix,2018-10-28,19:10:00,leclerc,16,LEC,Charles,Leclerc,1997-10-16,Monegasque,sauber,Sauber,Swiss,Charles Leclerc,2018,2.0
24150,1007,838,1,2,15.0,8.0,8,8,4.0,69,12,0,2018,19,32,Mexican Grand Prix,2018-10-28,19:10:00,vandoorne,2,VAN,Stoffel,Vandoorne,1992-03-26,Belgian,mclaren,McLaren,British,Stoffel Vandoorne,2018,7.0
24151,1007,828,15,9,10.0,9.0,9,9,2.0,69,12,0,2018,19,32,Mexican Grand Prix,2018-10-28,19:10:00,ericsson,9,ERI,Marcus,Ericsson,1990-09-02,Swedish,sauber,Sauber,Swiss,Marcus Ericsson,2018,1.0
24152,1007,842,5,10,20.0,10.0,10,10,1.0,69,12,0,2018,19,32,Mexican Grand Prix,2018-10-28,19:10:00,gasly,10,GAS,Pierre,Gasly,1996-02-07,French,toro_rosso,Toro Rosso,Italian,Pierre Gasly,2018,10.0
24153,1007,839,10,31,11.0,11.0,11,11,0.0,69,12,0,2018,19,32,Mexican Grand Prix,2018-10-28,19:10:00,ocon,31,OCO,Esteban,Ocon,1996-09-17,French,force_india,Force India,Indian,Esteban Ocon,2018,0.0
24154,1007,840,3,18,17.0,12.0,12,12,0.0,69,12,0,2018,19,32,Mexican Grand Prix,2018-10-28,19:10:00,stroll,18,STR,Lance,Stroll,1998-10-29,Canadian,williams,Williams,British,Lance Stroll,2018,5.0
24155,1007,845,3,35,19.0,13.0,13,13,0.0,69,12,0,2018,19,32,Mexican Grand Prix,2018-10-28,19:10:00,sirotkin,35,SIR,Sergey,Sirotkin,1995-08-27,Russian,williams,Williams,British,Sergey Sirotkin,2018,6.0
24156,1007,843,5,28,14.0,14.0,14,14,0.0,69,12,0,2018,19,32,Mexican Grand Prix,2018-10-28,19:10:00,brendon_hartley,28,HAR,Brendon,Hartley,1989-11-10,New Zealander,toro_rosso,Toro Rosso,Italian,Brendon Hartley,2018,0.0
24157,1007,825,210,20,16.0,15.0,15,15,0.0,69,12,0,2018,19,32,Mexican Grand Prix,2018-10-28,19:10:00,kevin_magnussen,20,MAG,Kevin,Magnussen,1992-10-05,Danish,haas,Haas F1 Team,American,Kevin Magnussen,2018,1.0
24158,1007,154,210,8,18.0,16.0,16,16,0.0,68,13,0,2018,19,32,Mexican Grand Prix,2018-10-28,19:10:00,grosjean,8,GRO,Romain,Grosjean,1986-04-17,French,haas,Haas F1 Team,American,Romain Grosjean,2018,2.0
24159,1007,817,9,3,1.0,0.0,R,17,0.0,61,5,1,2018,19,32,Mexican Grand Prix,2018-10-28,19:10:00,ricciardo,3,RIC,Daniel,Ricciardo,1989-07-01,Australian,red_bull,Red Bull,Austrian,Daniel Ricciardo,2018,1.0
24160,1007,815,10,11,13.0,0.0,R,18,0.0,38,23,1,2018,19,32,Mexican Grand Prix,2018-10-28,19:10:00,perez,11,PER,Sergio,Pérez,1990-01-26,Mexican,force_india,Force India,Indian,Sergio Pérez,2018,13.0
24161,1007,832,4,55,8.0,0.0,R,19,0.0,28,22,1,2018,19,32,Mexican Grand Prix,2018-10-28,19:10:00,sainz,55,SAI,Carlos,Sainz,1994-09-01,Spanish,renault,Renault,French,Carlos Sainz,2018,8.0
24162,1007,4,1,14,12.0,0.0,R,20,0.0,3,5,1,2018,19,32,Mexican Grand Prix,2018-10-28,19:10:00,alonso,14,ALO,Fernando,Alonso,1981-07-29,Spanish,mclaren,McLaren,British,Fernando Alonso,2018,12.0
24163,1008,1,131,44,1.0,1.0,1,1,25.0,71,1,0,2018,20,18,Brazilian Grand Prix,2018-11-11,17:10:00,hamilton,44,HAM,Lewis,Hamilton,1985-01-07,British,mercedes,Mercedes,German,Lewis Hamilton,2018,0.0
24164,1008,830,9,33,5.0,2.0,2,2,18.0,71,1,0,2018,20,18,Brazilian Grand Prix,2018-11-11,17:10:00,max_verstappen,33,VER,Max,Verstappen,1997-09-30,Dutch,red_bull,Red Bull,Austrian,Max Verstappen,2018,3.0
24165,1008,8,6,7,4.0,3.0,3,3,15.0,71,1,0,2018,20,18,Brazilian Grand Prix,2018-11-11,17:10:00,raikkonen,7,RAI,Kimi,Räikkönen,1979-10-17,Finnish,ferrari,Ferrari,Italian,Kimi Räikkönen,2018,1.0
24166,1008,817,9,3,11.0,4.0,4,4,12.0,71,1,0,2018,20,18,Brazilian Grand Prix,2018-11-11,17:10:00,ricciardo,3,RIC,Daniel,Ricciardo,1989-07-01,Australian,red_bull,Red Bull,Austrian,Daniel Ricciardo,2018,7.0
24167,1008,822,131,77,3.0,5.0,5,5,10.0,71,1,0,2018,20,18,Brazilian Grand Prix,2018-11-11,17:10:00,bottas,77,BOT,Valtteri,Bottas,1989-08-28,Finnish,mercedes,Mercedes,German,Valtteri Bottas,2018,-2.0
24168,1008,20,6,5,2.0,6.0,6,6,8.0,71,1,0,2018,20,18,Brazilian Grand Prix,2018-11-11,17:10:00,vettel,5,VET,Sebastian,Vettel,1987-07-03,German,ferrari,Ferrari,Italian,Sebastian Vettel,2018,-4.0
24169,1008,844,15,16,7.0,7.0,7,7,6.0,71,1,0,2018,20,18,Brazilian Grand Prix,2018-11-11,17:10:00,leclerc,16,LEC,Charles,Leclerc,1997-10-16,Monegasque,sauber,Sauber,Swiss,Charles Leclerc,2018,0.0
24170,1008,154,210,8,8.0,8.0,8,8,4.0,71,1,0,2018,20,18,Brazilian Grand Prix,2018-11-11,17:10:00,grosjean,8,GRO,Romain,Grosjean,1986-04-17,French,haas,Haas F1 Team,American,Romain Grosjean,2018,0.0
24171,1008,825,210,20,10.0,9.0,9,9,2.0,71,1,0,2018,20,18,Brazilian Grand Prix,2018-11-11,17:10:00,kevin_magnussen,20,MAG,Kevin,Magnussen,1992-10-05,Danish,haas,Haas F1 Team,American,Kevin Magnussen,2018,1.0
24172,1008,815,10,11,12.0,10.0,10,10,1.0,70,11,0,2018,20,18,Brazilian Grand Prix,2018-11-11,17:10:00,perez,11,PER,Sergio,Pérez,1990-01-26,Mexican,force_india,Force India,Indian,Sergio Pérez,2018,2.0
24173,1008,843,5,28,16.0,11.0,11,11,0.0,70,11,0,2018,20,18,Brazilian Grand Prix,2018-11-11,17:10:00,brendon_hartley,28,HAR,Brendon,Hartley,1989-11-10,New Zealander,toro_rosso,Toro Rosso,Italian,Brendon Hartley,2018,5.0
24174,1008,832,4,55,15.0,12.0,12,12,0.0,70,11,0,2018,20,18,Brazilian Grand Prix,2018-11-11,17:10:00,sainz,55,SAI,Carlos,Sainz,1994-09-01,Spanish,renault,Renault,French,Carlos Sainz,2018,3.0
24175,1008,842,5,10,9.0,13.0,13,13,0.0,70,11,0,2018,20,18,Brazilian Grand Prix,2018-11-11,17:10:00,gasly,10,GAS,Pierre,Gasly,1996-02-07,French,toro_rosso,Toro Rosso,Italian,Pierre Gasly,2018,-4.0
24176,1008,838,1,2,20.0,14.0,14,14,0.0,70,11,0,2018,20,18,Brazilian Grand Prix,2018-11-11,17:10:00,vandoorne,2,VAN,Stoffel,Vandoorne,1992-03-26,Belgian,mclaren,McLaren,British,Stoffel Vandoorne,2018,6.0
24177,1008,839,10,31,18.0,15.0,15,15,0.0,70,11,0,2018,20,18,Brazilian Grand Prix,2018-11-11,17:10:00,ocon,31,OCO,Esteban,Ocon,1996-09-17,French,force_india,Force India,Indian,Esteban Ocon,2018,3.0
24178,1008,845,3,35,14.0,16.0,16,16,0.0,69,12,0,2018,20,18,Brazilian Grand Prix,2018-11-11,17:10:00,sirotkin,35,SIR,Sergey,Sirotkin,1995-08-27,Russian,williams,Williams,British,Sergey Sirotkin,2018,-2.0
24179,1008,4,1,14,17.0,17.0,17,17,0.0,69,12,0,2018,20,18,Brazilian Grand Prix,2018-11-11,17:10:00,alonso,14,ALO,Fernando,Alonso,1981-07-29,Spanish,mclaren,McLaren,British,Fernando Alonso,2018,0.0
24180,1008,840,3,18,19.0,18.0,18,18,0.0,69,12,0,2018,20,18,Brazilian Grand Prix,2018-11-11,17:10:00,stroll,18,STR,Lance,Stroll,1998-10-29,Canadian,williams,Williams,British,Lance Stroll,2018,1.0
24181,1008,807,4,27,13.0,0.0,R,19,0.0,32,25,1,2018,20,18,Brazilian Grand Prix,2018-11-11,17:10:00,hulkenberg,27,HUL,Nico,Hülkenberg,1987-08-19,German,renault,Renault,French,Nico Hülkenberg,2018,13.0
24182,1008,828,15,9,6.0,0.0,R,20,0.0,20,4,1,2018,20,18,Brazilian Grand Prix,2018-11-11,17:10:00,ericsson,9,ERI,Marcus,Ericsson,1990-09-02,Swedish,sauber,Sauber,Swiss,Marcus Ericsson,2018,6.0
24183,1009,1,131,44,1.0,1.0,1,1,25.0,55,1,0,2018,21,24,Abu Dhabi Grand Prix,2018-11-25,13:10:00,hamilton,44,HAM,Lewis,Hamilton,1985-01-07,British,mercedes,Mercedes,German,Lewis Hamilton,2018,0.0
24184,1009,20,6,5,3.0,2.0,2,2,18.0,55,1,0,2018,21,24,Abu Dhabi Grand Prix,2018-11-25,13:10:00,vettel,5,VET,Sebastian,Vettel,1987-07-03,German,ferrari,Ferrari,Italian,Sebastian Vettel,2018,1.0
24185,1009,830,9,33,6.0,3.0,3,3,15.0,55,1,0,2018,21,24,Abu Dhabi Grand Prix,2018-11-25,13:10:00,max_verstappen,33,VER,Max,Verstappen,1997-09-30,Dutch,red_bull,Red Bull,Austrian,Max Verstappen,2018,3.0
24186,1009,817,9,3,5.0,4.0,4,4,12.0,55,1,0,2018,21,24,Abu Dhabi Grand Prix,2018-11-25,13:10:00,ricciardo,3,RIC,Daniel,Ricciardo,1989-07-01,Australian,red_bull,Red Bull,Austrian,Daniel Ricciardo,2018,1.0
24187,1009,822,131,77,2.0,5.0,5,5,10.0,55,1,0,2018,21,24,Abu Dhabi Grand Prix,2018-11-25,13:10:00,bottas,77,BOT,Valtteri,Bottas,1989-08-28,Finnish,mercedes,Mercedes,German,Valtteri Bottas,2018,-3.0
24188,1009,832,4,55,11.0,6.0,6,6,8.0,55,1,0,2018,21,24,Abu Dhabi Grand Prix,2018-11-25,13:10:00,sainz,55,SAI,Carlos,Sainz,1994-09-01,Spanish,renault,Renault,French,Carlos Sainz,2018,5.0
24189,1009,844,15,16,8.0,7.0,7,7,6.0,55,1,0,2018,21,24,Abu Dhabi Grand Prix,2018-11-25,13:10:00,leclerc,16,LEC,Charles,Leclerc,1997-10-16,Monegasque,sauber,Sauber,Swiss,Charles Leclerc,2018,1.0
24190,1009,815,10,11,14.0,8.0,8,8,4.0,55,1,0,2018,21,24,Abu Dhabi Grand Prix,2018-11-25,13:10:00,perez,11,PER,Sergio,Pérez,1990-01-26,Mexican,force_india,Force India,Indian,Sergio Pérez,2018,6.0
24191,1009,154,210,8,7.0,9.0,9,9,2.0,54,11,0,2018,21,24,Abu Dhabi Grand Prix,2018-11-25,13:10:00,grosjean,8,GRO,Romain,Grosjean,1986-04-17,French,haas,Haas F1 Team,American,Romain Grosjean,2018,-2.0
24192,1009,825,210,20,13.0,10.0,10,10,1.0,54,11,0,2018,21,24,Abu Dhabi Grand Prix,2018-11-25,13:10:00,kevin_magnussen,20,MAG,Kevin,Magnussen,1992-10-05,Danish,haas,Haas F1 Team,American,Kevin Magnussen,2018,3.0
24193,1009,4,1,14,15.0,11.0,11,11,0.0,54,11,0,2018,21,24,Abu Dhabi Grand Prix,2018-11-25,13:10:00,alonso,14,ALO,Fernando,Alonso,1981-07-29,Spanish,mclaren,McLaren,British,Fernando Alonso,2018,4.0
24194,1009,843,5,28,16.0,12.0,12,12,0.0,54,11,0,2018,21,24,Abu Dhabi Grand Prix,2018-11-25,13:10:00,brendon_hartley,28,HAR,Brendon,Hartley,1989-11-10,New Zealander,toro_rosso,Toro Rosso,Italian,Brendon Hartley,2018,4.0
24195,1009,840,3,18,20.0,13.0,13,13,0.0,54,11,0,2018,21,24,Abu Dhabi Grand Prix,2018-11-25,13:10:00,stroll,18,STR,Lance,Stroll,1998-10-29,Canadian,williams,Williams,British,Lance Stroll,2018,7.0
24196,1009,838,1,2,18.0,14.0,14,14,0.0,54,11,0,2018,21,24,Abu Dhabi Grand Prix,2018-11-25,13:10:00,vandoorne,2,VAN,Stoffel,Vandoorne,1992-03-26,Belgian,mclaren,McLaren,British,Stoffel Vandoorne,2018,4.0
24197,1009,845,3,35,19.0,15.0,15,15,0.0,54,11,0,2018,21,24,Abu Dhabi Grand Prix,2018-11-25,13:10:00,sirotkin,35,SIR,Sergey,Sirotkin,1995-08-27,Russian,williams,Williams,British,Sergey Sirotkin,2018,4.0
24198,1009,842,5,10,17.0,0.0,R,16,0.0,46,5,1,2018,21,24,Abu Dhabi Grand Prix,2018-11-25,13:10:00,gasly,10,GAS,Pierre,Gasly,1996-02-07,French,toro_rosso,Toro Rosso,Italian,Pierre Gasly,2018,17.0
24199,1009,839,10,31,9.0,0.0,R,17,0.0,44,5,1,2018,21,24,Abu Dhabi Grand Prix,2018-11-25,13:10:00,ocon,31,OCO,Esteban,Ocon,1996-09-17,French,force_india,Force India,Indian,Esteban Ocon,2018,9.0
24200,1009,828,15,9,12.0,0.0,R,18,0.0,24,75,1,2018,21,24,Abu Dhabi Grand Prix,2018-11-25,13:10:00,ericsson,9,ERI,Marcus,Ericsson,1990-09-02,Swedish,sauber,Sauber,Swiss,Marcus Ericsson,2018,12.0
24201,1009,8,6,7,4.0,0.0,R,19,0.0,6,75,1,2018,21,24,Abu Dhabi Grand Prix,2018-11-25,13:10:00,raikkonen,7,RAI,Kimi,Räikkönen,1979-10-17,Finnish,ferrari,Ferrari,Italian,Kimi Räikkönen,2018,4.0
24202,1009,807,4,27,10.0,0.0,R,20,0.0,0,4,1,2018,21,24,Abu Dhabi Grand Prix,2018-11-25,13:10:00,hulkenberg,27,HUL,Nico,Hülkenberg,1987-08-19,German,renault,Renault,French,Nico Hülkenberg,2018,10.0
24203,1010,822,131,77,2.0,1.0,1,1,26.0,58,1,0,2019,1,1,Australian Grand Prix,2019-03-17,05:10:00,bottas,77,BOT,Valtteri,Bottas,1989-08-28,Finnish,mercedes,Mercedes,German,Valtteri Bottas,2019,1.0
24204,1010,1,131,44,1.0,2.0,2,2,18.0,58,1,0,2019,1,1,Australian Grand Prix,2019-03-17,05:10:00,hamilton,44,HAM,Lewis,Hamilton,1985-01-07,British,mercedes,Mercedes,German,Lewis Hamilton,2019,-1.0
24205,1010,830,9,33,4.0,3.0,3,3,15.0,58,1,0,2019,1,1,Australian Grand Prix,2019-03-17,05:10:00,max_verstappen,33,VER,Max,Verstappen,1997-09-30,Dutch,red_bull,Red Bull,Austrian,Max Verstappen,2019,1.0
24206,1010,20,6,5,3.0,4.0,4,4,12.0,58,1,0,2019,1,1,Australian Grand Prix,2019-03-17,05:10:00,vettel,5,VET,Sebastian,Vettel,1987-07-03,German,ferrari,Ferrari,Italian,Sebastian Vettel,2019,-1.0
24207,1010,844,6,16,5.0,5.0,5,5,10.0,58,1,0,2019,1,1,Australian Grand Prix,2019-03-17,05:10:00,leclerc,16,LEC,Charles,Leclerc,1997-10-16,Monegasque,ferrari,Ferrari,Italian,Charles Leclerc,2019,0.0
24208,1010,825,210,20,7.0,6.0,6,6,8.0,58,1,0,2019,1,1,Australian Grand Prix,2019-03-17,05:10:00,kevin_magnussen,20,MAG,Kevin,Magnussen,1992-10-05,Danish,haas,Haas F1 Team,American,Kevin Magnussen,2019,1.0
24209,1010,807,4,27,11.0,7.0,7,7,6.0,57,11,0,2019,1,1,Australian Grand Prix,2019-03-17,05:10:00,hulkenberg,27,HUL,Nico,Hülkenberg,1987-08-19,German,renault,Renault,French,Nico Hülkenberg,2019,4.0
24210,1010,8,51,7,9.0,8.0,8,8,4.0,57,11,0,2019,1,1,Australian Grand Prix,2019-03-17,05:10:00,raikkonen,7,RAI,Kimi,Räikkönen,1979-10-17,Finnish,alfa,Alfa Romeo,Swiss,Kimi Räikkönen,2019,1.0
24211,1010,840,211,18,16.0,9.0,9,9,2.0,57,11,0,2019,1,1,Australian Grand Prix,2019-03-17,05:10:00,stroll,18,STR,Lance,Stroll,1998-10-29,Canadian,racing_point,Racing Point,British,Lance Stroll,2019,7.0
24212,1010,826,5,26,15.0,10.0,10,10,1.0,57,11,0,2019,1,1,Australian Grand Prix,2019-03-17,05:10:00,kvyat,26,KVY,Daniil,Kvyat,1994-04-26,Russian,toro_rosso,Toro Rosso,Italian,Daniil Kvyat,2019,5.0
24213,1010,842,9,10,17.0,11.0,11,11,0.0,57,11,0,2019,1,1,Australian Grand Prix,2019-03-17,05:10:00,gasly,10,GAS,Pierre,Gasly,1996-02-07,French,red_bull,Red Bull,Austrian,Pierre Gasly,2019,6.0
24214,1010,846,1,4,8.0,12.0,12,12,0.0,57,11,0,2019,1,1,Australian Grand Prix,2019-03-17,05:10:00,norris,4,NOR,Lando,Norris,1999-11-13,British,mclaren,McLaren,British,Lando Norris,2019,-4.0
24215,1010,815,211,11,10.0,13.0,13,13,0.0,57,11,0,2019,1,1,Australian Grand Prix,2019-03-17,05:10:00,perez,11,PER,Sergio,Pérez,1990-01-26,Mexican,racing_point,Racing Point,British,Sergio Pérez,2019,-3.0
24216,1010,848,5,23,13.0,14.0,14,14,0.0,57,11,0,2019,1,1,Australian Grand Prix,2019-03-17,05:10:00,albon,23,ALB,Alexander,Albon,1996-03-23,Thai,toro_rosso,Toro Rosso,Italian,Alexander Albon,2019,-1.0
24217,1010,841,51,99,14.0,15.0,15,15,0.0,57,11,0,2019,1,1,Australian Grand Prix,2019-03-17,05:10:00,giovinazzi,99,GIO,Antonio,Giovinazzi,1993-12-14,Italian,alfa,Alfa Romeo,Swiss,Antonio Giovinazzi,2019,-1.0
24218,1010,847,3,63,19.0,16.0,16,16,0.0,56,12,0,2019,1,1,Australian Grand Prix,2019-03-17,05:10:00,russell,63,RUS,George,Russell,1998-02-15,British,williams,Williams,British,George Russell,2019,3.0
24219,1010,9,3,88,20.0,17.0,17,17,0.0,55,13,0,2019,1,1,Australian Grand Prix,2019-03-17,05:10:00,kubica,88,KUB,Robert,Kubica,1984-12-07,Polish,williams,Williams,British,Robert Kubica,2019,3.0
24220,1010,154,210,8,6.0,0.0,R,18,0.0,29,36,1,2019,1,1,Australian Grand Prix,2019-03-17,05:10:00,grosjean,8,GRO,Romain,Grosjean,1986-04-17,French,haas,Haas F1 Team,American,Romain Grosjean,2019,6.0
24221,1010,817,4,3,12.0,0.0,R,19,0.0,28,137,1,2019,1,1,Australian Grand Prix,2019-03-17,05:10:00,ricciardo,3,RIC,Daniel,Ricciardo,1989-07-01,Australian,renault,Renault,French,Daniel Ricciardo,2019,12.0
24222,1010,832,1,55,18.0,0.0,R,20,0.0,9,5,1,2019,1,1,Australian Grand Prix,2019-03-17,05:10:00,sainz,55,SAI,Carlos,Sainz,1994-09-01,Spanish,mclaren,McLaren,British,Carlos Sainz,2019,18.0
24223,1011,1,131,44,3.0,1.0,1,1,25.0,57,1,0,2019,2,3,Bahrain Grand Prix,2019-03-31,15:10:00,hamilton,44,HAM,Lewis,Hamilton,1985-01-07,British,mercedes,Mercedes,German,Lewis Hamilton,2019,2.0
24224,1011,822,131,77,4.0,2.0,2,2,18.0,57,1,0,2019,2,3,Bahrain Grand Prix,2019-03-31,15:10:00,bottas,77,BOT,Valtteri,Bottas,1989-08-28,Finnish,mercedes,Mercedes,German,Valtteri Bottas,2019,2.0
24225,1011,844,6,16,1.0,3.0,3,3,16.0,57,1,0,2019,2,3,Bahrain Grand Prix,2019-03-31,15:10:00,leclerc,16,LEC,Charles,Leclerc,1997-10-16,Monegasque,ferrari,Ferrari,Italian,Charles Leclerc,2019,-2.0
24226,1011,830,9,33,5.0,4.0,4,4,12.0,57,1,0,2019,2,3,Bahrain Grand Prix,2019-03-31,15:10:00,max_verstappen,33,VER,Max,Verstappen,1997-09-30,Dutch,red_bull,Red Bull,Austrian,Max Verstappen,2019,1.0
24227,1011,20,6,5,2.0,5.0,5,5,10.0,57,1,0,2019,2,3,Bahrain Grand Prix,2019-03-31,15:10:00,vettel,5,VET,Sebastian,Vettel,1987-07-03,German,ferrari,Ferrari,Italian,Sebastian Vettel,2019,-3.0
24228,1011,846,1,4,9.0,6.0,6,6,8.0,57,1,0,2019,2,3,Bahrain Grand Prix,2019-03-31,15:10:00,norris,4,NOR,Lando,Norris,1999-11-13,British,mclaren,McLaren,British,Lando Norris,2019,3.0
24229,1011,8,51,7,8.0,7.0,7,7,6.0,57,1,0,2019,2,3,Bahrain Grand Prix,2019-03-31,15:10:00,raikkonen,7,RAI,Kimi,Räikkönen,1979-10-17,Finnish,alfa,Alfa Romeo,Swiss,Kimi Räikkönen,2019,1.0
24230,1011,842,9,10,13.0,8.0,8,8,4.0,57,1,0,2019,2,3,Bahrain Grand Prix,2019-03-31,15:10:00,gasly,10,GAS,Pierre,Gasly,1996-02-07,French,red_bull,Red Bull,Austrian,Pierre Gasly,2019,5.0
24231,1011,848,5,23,12.0,9.0,9,9,2.0,57,1,0,2019,2,3,Bahrain Grand Prix,2019-03-31,15:10:00,albon,23,ALB,Alexander,Albon,1996-03-23,Thai,toro_rosso,Toro Rosso,Italian,Alexander Albon,2019,3.0
24232,1011,815,211,11,14.0,10.0,10,10,1.0,57,1,0,2019,2,3,Bahrain Grand Prix,2019-03-31,15:10:00,perez,11,PER,Sergio,Pérez,1990-01-26,Mexican,racing_point,Racing Point,British,Sergio Pérez,2019,4.0
24233,1011,841,51,99,16.0,11.0,11,11,0.0,57,1,0,2019,2,3,Bahrain Grand Prix,2019-03-31,15:10:00,giovinazzi,99,GIO,Antonio,Giovinazzi,1993-12-14,Italian,alfa,Alfa Romeo,Swiss,Antonio Giovinazzi,2019,5.0
24234,1011,826,5,26,15.0,12.0,12,12,0.0,56,11,0,2019,2,3,Bahrain Grand Prix,2019-03-31,15:10:00,kvyat,26,KVY,Daniil,Kvyat,1994-04-26,Russian,toro_rosso,Toro Rosso,Italian,Daniil Kvyat,2019,3.0
24235,1011,825,210,20,6.0,13.0,13,13,0.0,56,11,0,2019,2,3,Bahrain Grand Prix,2019-03-31,15:10:00,kevin_magnussen,20,MAG,Kevin,Magnussen,1992-10-05,Danish,haas,Haas F1 Team,American,Kevin Magnussen,2019,-7.0
24236,1011,840,211,18,18.0,14.0,14,14,0.0,56,11,0,2019,2,3,Bahrain Grand Prix,2019-03-31,15:10:00,stroll,18,STR,Lance,Stroll,1998-10-29,Canadian,racing_point,Racing Point,British,Lance Stroll,2019,4.0
24237,1011,847,3,63,19.0,15.0,15,15,0.0,56,11,0,2019,2,3,Bahrain Grand Prix,2019-03-31,15:10:00,russell,63,RUS,George,Russell,1998-02-15,British,williams,Williams,British,George Russell,2019,4.0
24238,1011,9,3,88,20.0,16.0,16,16,0.0,55,12,0,2019,2,3,Bahrain Grand Prix,2019-03-31,15:10:00,kubica,88,KUB,Robert,Kubica,1984-12-07,Polish,williams,Williams,British,Robert Kubica,2019,4.0
24239,1011,807,4,27,17.0,0.0,R,17,0.0,53,5,1,2019,2,3,Bahrain Grand Prix,2019-03-31,15:10:00,hulkenberg,27,HUL,Nico,Hülkenberg,1987-08-19,German,renault,Renault,French,Nico Hülkenberg,2019,17.0
24240,1011,817,4,3,10.0,0.0,R,18,0.0,53,60,1,2019,2,3,Bahrain Grand Prix,2019-03-31,15:10:00,ricciardo,3,RIC,Daniel,Ricciardo,1989-07-01,Australian,renault,Renault,French,Daniel Ricciardo,2019,10.0
24241,1011,832,1,55,7.0,0.0,R,19,0.0,53,130,1,2019,2,3,Bahrain Grand Prix,2019-03-31,15:10:00,sainz,55,SAI,Carlos,Sainz,1994-09-01,Spanish,mclaren,McLaren,British,Carlos Sainz,2019,7.0
24242,1011,154,210,8,11.0,0.0,R,20,0.0,16,31,1,2019,2,3,Bahrain Grand Prix,2019-03-31,15:10:00,grosjean,8,GRO,Romain,Grosjean,1986-04-17,French,haas,Haas F1 Team,American,Romain Grosjean,2019,11.0
24243,1012,1,131,44,2.0,1.0,1,1,25.0,56,1,0,2019,3,17,Chinese Grand Prix,2019-04-14,06:10:00,hamilton,44,HAM,Lewis,Hamilton,1985-01-07,British,mercedes,Mercedes,German,Lewis Hamilton,2019,1.0
24244,1012,822,131,77,1.0,2.0,2,2,18.0,56,1,0,2019,3,17,Chinese Grand Prix,2019-04-14,06:10:00,bottas,77,BOT,Valtteri,Bottas,1989-08-28,Finnish,mercedes,Mercedes,German,Valtteri Bottas,2019,-1.0
24245,1012,20,6,5,3.0,3.0,3,3,15.0,56,1,0,2019,3,17,Chinese Grand Prix,2019-04-14,06:10:00,vettel,5,VET,Sebastian,Vettel,1987-07-03,German,ferrari,Ferrari,Italian,Sebastian Vettel,2019,0.0
24246,1012,830,9,33,5.0,4.0,4,4,12.0,56,1,0,2019,3,17,Chinese Grand Prix,2019-04-14,06:10:00,max_verstappen,33,VER,Max,Verstappen,1997-09-30,Dutch,red_bull,Red Bull,Austrian,Max Verstappen,2019,1.0
24247,1012,844,6,16,4.0,5.0,5,5,10.0,56,1,0,2019,3,17,Chinese Grand Prix,2019-04-14,06:10:00,leclerc,16,LEC,Charles,Leclerc,1997-10-16,Monegasque,ferrari,Ferrari,Italian,Charles Leclerc,2019,-1.0
24248,1012,842,9,10,6.0,6.0,6,6,9.0,56,1,0,2019,3,17,Chinese Grand Prix,2019-04-14,06:10:00,gasly,10,GAS,Pierre,Gasly,1996-02-07,French,red_bull,Red Bull,Austrian,Pierre Gasly,2019,0.0
24249,1012,817,4,3,7.0,7.0,7,7,6.0,55,11,0,2019,3,17,Chinese Grand Prix,2019-04-14,06:10:00,ricciardo,3,RIC,Daniel,Ricciardo,1989-07-01,Australian,renault,Renault,French,Daniel Ricciardo,2019,0.0
24250,1012,815,211,11,12.0,8.0,8,8,4.0,55,11,0,2019,3,17,Chinese Grand Prix,2019-04-14,06:10:00,perez,11,PER,Sergio,Pérez,1990-01-26,Mexican,racing_point,Racing Point,British,Sergio Pérez,2019,4.0
24251,1012,8,51,7,13.0,9.0,9,9,2.0,55,11,0,2019,3,17,Chinese Grand Prix,2019-04-14,06:10:00,raikkonen,7,RAI,Kimi,Räikkönen,1979-10-17,Finnish,alfa,Alfa Romeo,Swiss,Kimi Räikkönen,2019,4.0
24252,1012,848,5,23,0.0,10.0,10,10,1.0,55,11,0,2019,3,17,Chinese Grand Prix,2019-04-14,06:10:00,albon,23,ALB,Alexander,Albon,1996-03-23,Thai,toro_rosso,Toro Rosso,Italian,Alexander Albon,2019,-10.0
24253,1012,154,210,8,10.0,11.0,11,11,0.0,55,11,0,2019,3,17,Chinese Grand Prix,2019-04-14,06:10:00,grosjean,8,GRO,Romain,Grosjean,1986-04-17,French,haas,Haas F1 Team,American,Romain Grosjean,2019,-1.0
24254,1012,840,211,18,16.0,12.0,12,12,0.0,55,11,0,2019,3,17,Chinese Grand Prix,2019-04-14,06:10:00,stroll,18,STR,Lance,Stroll,1998-10-29,Canadian,racing_point,Racing Point,British,Lance Stroll,2019,4.0
24255,1012,825,210,20,9.0,13.0,13,13,0.0,55,11,0,2019,3,17,Chinese Grand Prix,2019-04-14,06:10:00,kevin_magnussen,20,MAG,Kevin,Magnussen,1992-10-05,Danish,haas,Haas F1 Team,American,Kevin Magnussen,2019,-4.0
24256,1012,832,1,55,14.0,14.0,14,14,0.0,55,11,0,2019,3,17,Chinese Grand Prix,2019-04-14,06:10:00,sainz,55,SAI,Carlos,Sainz,1994-09-01,Spanish,mclaren,McLaren,British,Carlos Sainz,2019,0.0
24257,1012,841,51,99,19.0,15.0,15,15,0.0,55,11,0,2019,3,17,Chinese Grand Prix,2019-04-14,06:10:00,giovinazzi,99,GIO,Antonio,Giovinazzi,1993-12-14,Italian,alfa,Alfa Romeo,Swiss,Antonio Giovinazzi,2019,4.0
24258,1012,847,3,63,17.0,16.0,16,16,0.0,54,12,0,2019,3,17,Chinese Grand Prix,2019-04-14,06:10:00,russell,63,RUS,George,Russell,1998-02-15,British,williams,Williams,British,George Russell,2019,1.0
24259,1012,9,3,88,18.0,17.0,17,17,0.0,54,12,0,2019,3,17,Chinese Grand Prix,2019-04-14,06:10:00,kubica,88,KUB,Robert,Kubica,1984-12-07,Polish,williams,Williams,British,Robert Kubica,2019,1.0
24260,1012,846,1,4,15.0,18.0,18,18,0.0,50,4,0,2019,3,17,Chinese Grand Prix,2019-04-14,06:10:00,norris,4,NOR,Lando,Norris,1999-11-13,British,mclaren,McLaren,British,Lando Norris,2019,-3.0
24261,1012,826,5,26,11.0,0.0,R,19,0.0,41,4,1,2019,3,17,Chinese Grand Prix,2019-04-14,06:10:00,kvyat,26,KVY,Daniil,Kvyat,1994-04-26,Russian,toro_rosso,Toro Rosso,Italian,Daniil Kvyat,2019,11.0
24262,1012,807,4,27,8.0,0.0,R,20,0.0,16,131,1,2019,3,17,Chinese Grand Prix,2019-04-14,06:10:00,hulkenberg,27,HUL,Nico,Hülkenberg,1987-08-19,German,renault,Renault,French,Nico Hülkenberg,2019,8.0
24263,1013,822,131,77,1.0,1.0,1,1,25.0,51,1,0,2019,4,73,Azerbaijan Grand Prix,2019-04-28,12:10:00,bottas,77,BOT,Valtteri,Bottas,1989-08-28,Finnish,mercedes,Mercedes,German,Valtteri Bottas,2019,0.0
24264,1013,1,131,44,2.0,2.0,2,2,18.0,51,1,0,2019,4,73,Azerbaijan Grand Prix,2019-04-28,12:10:00,hamilton,44,HAM,Lewis,Hamilton,1985-01-07,British,mercedes,Mercedes,German,Lewis Hamilton,2019,0.0
24265,1013,20,6,5,3.0,3.0,3,3,15.0,51,1,0,2019,4,73,Azerbaijan Grand Prix,2019-04-28,12:10:00,vettel,5,VET,Sebastian,Vettel,1987-07-03,German,ferrari,Ferrari,Italian,Sebastian Vettel,2019,0.0
24266,1013,830,9,33,4.0,4.0,4,4,12.0,51,1,0,2019,4,73,Azerbaijan Grand Prix,2019-04-28,12:10:00,max_verstappen,33,VER,Max,Verstappen,1997-09-30,Dutch,red_bull,Red Bull,Austrian,Max Verstappen,2019,0.0
24267,1013,844,6,16,8.0,5.0,5,5,11.0,51,1,0,2019,4,73,Azerbaijan Grand Prix,2019-04-28,12:10:00,leclerc,16,LEC,Charles,Leclerc,1997-10-16,Monegasque,ferrari,Ferrari,Italian,Charles Leclerc,2019,3.0
24268,1013,815,211,11,5.0,6.0,6,6,8.0,51,1,0,2019,4,73,Azerbaijan Grand Prix,2019-04-28,12:10:00,perez,11,PER,Sergio,Pérez,1990-01-26,Mexican,racing_point,Racing Point,British,Sergio Pérez,2019,-1.0
24269,1013,832,1,55,9.0,7.0,7,7,6.0,51,1,0,2019,4,73,Azerbaijan Grand Prix,2019-04-28,12:10:00,sainz,55,SAI,Carlos,Sainz,1994-09-01,Spanish,mclaren,McLaren,British,Carlos Sainz,2019,2.0
24270,1013,846,1,4,7.0,8.0,8,8,4.0,51,1,0,2019,4,73,Azerbaijan Grand Prix,2019-04-28,12:10:00,norris,4,NOR,Lando,Norris,1999-11-13,British,mclaren,McLaren,British,Lando Norris,2019,-1.0
24271,1013,840,211,18,13.0,9.0,9,9,2.0,51,1,0,2019,4,73,Azerbaijan Grand Prix,2019-04-28,12:10:00,stroll,18,STR,Lance,Stroll,1998-10-29,Canadian,racing_point,Racing Point,British,Lance Stroll,2019,4.0
24272,1013,8,51,7,0.0,10.0,10,10,1.0,50,11,0,2019,4,73,Azerbaijan Grand Prix,2019-04-28,12:10:00,raikkonen,7,RAI,Kimi,Räikkönen,1979-10-17,Finnish,alfa,Alfa Romeo,Swiss,Kimi Räikkönen,2019,-10.0
24273,1013,848,5,23,11.0,11.0,11,11,0.0,50,11,0,2019,4,73,Azerbaijan Grand Prix,2019-04-28,12:10:00,albon,23,ALB,Alexander,Albon,1996-03-23,Thai,toro_rosso,Toro Rosso,Italian,Alexander Albon,2019,0.0
24274,1013,841,51,99,17.0,12.0,12,12,0.0,50,11,0,2019,4,73,Azerbaijan Grand Prix,2019-04-28,12:10:00,giovinazzi,99,GIO,Antonio,Giovinazzi,1993-12-14,Italian,alfa,Alfa Romeo,Swiss,Antonio Giovinazzi,2019,5.0
24275,1013,825,210,20,12.0,13.0,13,13,0.0,50,11,0,2019,4,73,Azerbaijan Grand Prix,2019-04-28,12:10:00,kevin_magnussen,20,MAG,Kevin,Magnussen,1992-10-05,Danish,haas,Haas F1 Team,American,Kevin Magnussen,2019,-1.0
24276,1013,807,4,27,15.0,14.0,14,14,0.0,50,11,0,2019,4,73,Azerbaijan Grand Prix,2019-04-28,12:10:00,hulkenberg,27,HUL,Nico,Hülkenberg,1987-08-19,German,renault,Renault,French,Nico Hülkenberg,2019,1.0
24277,1013,847,3,63,16.0,15.0,15,15,0.0,49,12,0,2019,4,73,Azerbaijan Grand Prix,2019-04-28,12:10:00,russell,63,RUS,George,Russell,1998-02-15,British,williams,Williams,British,George Russell,2019,1.0
24278,1013,9,3,88,0.0,16.0,16,16,0.0,49,12,0,2019,4,73,Azerbaijan Grand Prix,2019-04-28,12:10:00,kubica,88,KUB,Robert,Kubica,1984-12-07,Polish,williams,Williams,British,Robert Kubica,2019,-16.0
24279,1013,842,9,10,0.0,0.0,R,17,0.0,38,7,1,2019,4,73,Azerbaijan Grand Prix,2019-04-28,12:10:00,gasly,10,GAS,Pierre,Gasly,1996-02-07,French,red_bull,Red Bull,Austrian,Pierre Gasly,2019,0.0
24280,1013,154,210,8,14.0,0.0,R,18,0.0,38,23,1,2019,4,73,Azerbaijan Grand Prix,2019-04-28,12:10:00,grosjean,8,GRO,Romain,Grosjean,1986-04-17,French,haas,Haas F1 Team,American,Romain Grosjean,2019,14.0
24281,1013,826,5,26,6.0,0.0,R,19,0.0,33,4,1,2019,4,73,Azerbaijan Grand Prix,2019-04-28,12:10:00,kvyat,26,KVY,Daniil,Kvyat,1994-04-26,Russian,toro_rosso,Toro Rosso,Italian,Daniil Kvyat,2019,6.0
24282,1013,817,4,3,10.0,0.0,R,20,0.0,31,4,1,2019,4,73,Azerbaijan Grand Prix,2019-04-28,12:10:00,ricciardo,3,RIC,Daniel,Ricciardo,1989-07-01,Australian,renault,Renault,French,Daniel Ricciardo,2019,10.0
24283,1014,1,131,44,2.0,1.0,1,1,26.0,66,1,0,2019,5,4,Spanish Grand Prix,2019-05-12,13:10:00,hamilton,44,HAM,Lewis,Hamilton,1985-01-07,British,mercedes,Mercedes,German,Lewis Hamilton,2019,1.0
24284,1014,822,131,77,1.0,2.0,2,2,18.0,66,1,0,2019,5,4,Spanish Grand Prix,2019-05-12,13:10:00,bottas,77,BOT,Valtteri,Bottas,1989-08-28,Finnish,mercedes,Mercedes,German,Valtteri Bottas,2019,-1.0
24285,1014,830,9,33,4.0,3.0,3,3,15.0,66,1,0,2019,5,4,Spanish Grand Prix,2019-05-12,13:10:00,max_verstappen,33,VER,Max,Verstappen,1997-09-30,Dutch,red_bull,Red Bull,Austrian,Max Verstappen,2019,1.0
24286,1014,20,6,5,3.0,4.0,4,4,12.0,66,1,0,2019,5,4,Spanish Grand Prix,2019-05-12,13:10:00,vettel,5,VET,Sebastian,Vettel,1987-07-03,German,ferrari,Ferrari,Italian,Sebastian Vettel,2019,-1.0
24287,1014,844,6,16,5.0,5.0,5,5,10.0,66,1,0,2019,5,4,Spanish Grand Prix,2019-05-12,13:10:00,leclerc,16,LEC,Charles,Leclerc,1997-10-16,Monegasque,ferrari,Ferrari,Italian,Charles Leclerc,2019,0.0
24288,1014,842,9,10,6.0,6.0,6,6,8.0,66,1,0,2019,5,4,Spanish Grand Prix,2019-05-12,13:10:00,gasly,10,GAS,Pierre,Gasly,1996-02-07,French,red_bull,Red Bull,Austrian,Pierre Gasly,2019,0.0
24289,1014,825,210,20,8.0,7.0,7,7,6.0,66,1,0,2019,5,4,Spanish Grand Prix,2019-05-12,13:10:00,kevin_magnussen,20,MAG,Kevin,Magnussen,1992-10-05,Danish,haas,Haas F1 Team,American,Kevin Magnussen,2019,1.0
24290,1014,832,1,55,12.0,8.0,8,8,4.0,66,1,0,2019,5,4,Spanish Grand Prix,2019-05-12,13:10:00,sainz,55,SAI,Carlos,Sainz,1994-09-01,Spanish,mclaren,McLaren,British,Carlos Sainz,2019,4.0
24291,1014,826,5,26,9.0,9.0,9,9,2.0,66,1,0,2019,5,4,Spanish Grand Prix,2019-05-12,13:10:00,kvyat,26,KVY,Daniil,Kvyat,1994-04-26,Russian,toro_rosso,Toro Rosso,Italian,Daniil Kvyat,2019,0.0
24292,1014,154,210,8,7.0,10.0,10,10,1.0,66,1,0,2019,5,4,Spanish Grand Prix,2019-05-12,13:10:00,grosjean,8,GRO,Romain,Grosjean,1986-04-17,French,haas,Haas F1 Team,American,Romain Grosjean,2019,-3.0
24293,1014,848,5,23,11.0,11.0,11,11,0.0,66,1,0,2019,5,4,Spanish Grand Prix,2019-05-12,13:10:00,albon,23,ALB,Alexander,Albon,1996-03-23,Thai,toro_rosso,Toro Rosso,Italian,Alexander Albon,2019,0.0
24294,1014,817,4,3,13.0,12.0,12,12,0.0,66,1,0,2019,5,4,Spanish Grand Prix,2019-05-12,13:10:00,ricciardo,3,RIC,Daniel,Ricciardo,1989-07-01,Australian,renault,Renault,French,Daniel Ricciardo,2019,1.0
24295,1014,807,4,27,0.0,13.0,13,13,0.0,66,1,0,2019,5,4,Spanish Grand Prix,2019-05-12,13:10:00,hulkenberg,27,HUL,Nico,Hülkenberg,1987-08-19,German,renault,Renault,French,Nico Hülkenberg,2019,-13.0
24296,1014,8,51,7,14.0,14.0,14,14,0.0,66,1,0,2019,5,4,Spanish Grand Prix,2019-05-12,13:10:00,raikkonen,7,RAI,Kimi,Räikkönen,1979-10-17,Finnish,alfa,Alfa Romeo,Swiss,Kimi Räikkönen,2019,0.0
24297,1014,815,211,11,15.0,15.0,15,15,0.0,66,1,0,2019,5,4,Spanish Grand Prix,2019-05-12,13:10:00,perez,11,PER,Sergio,Pérez,1990-01-26,Mexican,racing_point,Racing Point,British,Sergio Pérez,2019,0.0
24298,1014,841,51,99,18.0,16.0,16,16,0.0,66,1,0,2019,5,4,Spanish Grand Prix,2019-05-12,13:10:00,giovinazzi,99,GIO,Antonio,Giovinazzi,1993-12-14,Italian,alfa,Alfa Romeo,Swiss,Antonio Giovinazzi,2019,2.0
24299,1014,847,3,63,19.0,17.0,17,17,0.0,65,11,0,2019,5,4,Spanish Grand Prix,2019-05-12,13:10:00,russell,63,RUS,George,Russell,1998-02-15,British,williams,Williams,British,George Russell,2019,2.0
24300,1014,9,3,88,17.0,18.0,18,18,0.0,65,11,0,2019,5,4,Spanish Grand Prix,2019-05-12,13:10:00,kubica,88,KUB,Robert,Kubica,1984-12-07,Polish,williams,Williams,British,Robert Kubica,2019,-1.0
24301,1014,840,211,18,16.0,0.0,R,19,0.0,44,4,1,2019,5,4,Spanish Grand Prix,2019-05-12,13:10:00,stroll,18,STR,Lance,Stroll,1998-10-29,Canadian,racing_point,Racing Point,British,Lance Stroll,2019,16.0
24302,1014,846,1,4,10.0,0.0,R,20,0.0,44,4,1,2019,5,4,Spanish Grand Prix,2019-05-12,13:10:00,norris,4,NOR,Lando,Norris,1999-11-13,British,mclaren,McLaren,British,Lando Norris,2019,10.0
24306,1015,1,131,44,1.0,1.0,1,1,25.0,78,1,0,2019,6,6,Monaco Grand Prix,2019-05-26,13:10:00,hamilton,44,HAM,Lewis,Hamilton,1985-01-07,British,mercedes,Mercedes,German,Lewis Hamilton,2019,0.0
24307,1015,20,6,5,4.0,2.0,2,2,18.0,78,1,0,2019,6,6,Monaco Grand Prix,2019-05-26,13:10:00,vettel,5,VET,Sebastian,Vettel,1987-07-03,German,ferrari,Ferrari,Italian,Sebastian Vettel,2019,2.0
24308,1015,822,131,77,2.0,3.0,3,3,15.0,78,1,0,2019,6,6,Monaco Grand Prix,2019-05-26,13:10:00,bottas,77,BOT,Valtteri,Bottas,1989-08-28,Finnish,mercedes,Mercedes,German,Valtteri Bottas,2019,-1.0
24309,1015,830,9,33,3.0,4.0,4,4,12.0,78,1,0,2019,6,6,Monaco Grand Prix,2019-05-26,13:10:00,max_verstappen,33,VER,Max,Verstappen,1997-09-30,Dutch,red_bull,Red Bull,Austrian,Max Verstappen,2019,-1.0
24310,1015,842,9,10,8.0,5.0,5,5,11.0,78,1,0,2019,6,6,Monaco Grand Prix,2019-05-26,13:10:00,gasly,10,GAS,Pierre,Gasly,1996-02-07,French,red_bull,Red Bull,Austrian,Pierre Gasly,2019,3.0
24311,1015,832,1,55,9.0,6.0,6,6,8.0,78,1,0,2019,6,6,Monaco Grand Prix,2019-05-26,13:10:00,sainz,55,SAI,Carlos,Sainz,1994-09-01,Spanish,mclaren,McLaren,British,Carlos Sainz,2019,3.0
24312,1015,826,5,26,7.0,7.0,7,7,6.0,78,1,0,2019,6,6,Monaco Grand Prix,2019-05-26,13:10:00,kvyat,26,KVY,Daniil,Kvyat,1994-04-26,Russian,toro_rosso,Toro Rosso,Italian,Daniil Kvyat,2019,0.0
24313,1015,848,5,23,10.0,8.0,8,8,4.0,78,1,0,2019,6,6,Monaco Grand Prix,2019-05-26,13:10:00,albon,23,ALB,Alexander,Albon,1996-03-23,Thai,toro_rosso,Toro Rosso,Italian,Alexander Albon,2019,2.0
24314,1015,817,4,3,6.0,9.0,9,9,2.0,78,1,0,2019,6,6,Monaco Grand Prix,2019-05-26,13:10:00,ricciardo,3,RIC,Daniel,Ricciardo,1989-07-01,Australian,renault,Renault,French,Daniel Ricciardo,2019,-3.0
24315,1015,154,210,8,13.0,10.0,10,10,1.0,78,1,0,2019,6,6,Monaco Grand Prix,2019-05-26,13:10:00,grosjean,8,GRO,Romain,Grosjean,1986-04-17,French,haas,Haas F1 Team,American,Romain Grosjean,2019,3.0
24316,1015,846,1,4,12.0,11.0,11,11,0.0,78,1,0,2019,6,6,Monaco Grand Prix,2019-05-26,13:10:00,norris,4,NOR,Lando,Norris,1999-11-13,British,mclaren,McLaren,British,Lando Norris,2019,1.0
24317,1015,825,210,20,5.0,14.0,14,14,0.0,77,11,0,2019,6,6,Monaco Grand Prix,2019-05-26,13:10:00,kevin_magnussen,20,MAG,Kevin,Magnussen,1992-10-05,Danish,haas,Haas F1 Team,American,Kevin Magnussen,2019,-9.0
24318,1015,815,211,11,16.0,12.0,12,12,0.0,77,11,0,2019,6,6,Monaco Grand Prix,2019-05-26,13:10:00,perez,11,PER,Sergio,Pérez,1990-01-26,Mexican,racing_point,Racing Point,British,Sergio Pérez,2019,4.0
24319,1015,807,4,27,11.0,13.0,13,13,0.0,77,11,0,2019,6,6,Monaco Grand Prix,2019-05-26,13:10:00,hulkenberg,27,HUL,Nico,Hülkenberg,1987-08-19,German,renault,Renault,French,Nico Hülkenberg,2019,-2.0
24320,1015,847,3,63,19.0,15.0,15,15,0.0,77,11,0,2019,6,6,Monaco Grand Prix,2019-05-26,13:10:00,russell,63,RUS,George,Russell,1998-02-15,British,williams,Williams,British,George Russell,2019,4.0
24321,1015,840,211,18,17.0,16.0,16,16,0.0,77,11,0,2019,6,6,Monaco Grand Prix,2019-05-26,13:10:00,stroll,18,STR,Lance,Stroll,1998-10-29,Canadian,racing_point,Racing Point,British,Lance Stroll,2019,1.0
24322,1015,8,51,7,14.0,17.0,17,17,0.0,77,11,0,2019,6,6,Monaco Grand Prix,2019-05-26,13:10:00,raikkonen,7,RAI,Kimi,Räikkönen,1979-10-17,Finnish,alfa,Alfa Romeo,Swiss,Kimi Räikkönen,2019,-3.0
24323,1015,9,3,88,20.0,18.0,18,18,0.0,77,11,0,2019,6,6,Monaco Grand Prix,2019-05-26,13:10:00,kubica,88,KUB,Robert,Kubica,1984-12-07,Polish,williams,Williams,British,Robert Kubica,2019,2.0
24324,1015,841,51,99,18.0,19.0,19,19,0.0,76,12,0,2019,6,6,Monaco Grand Prix,2019-05-26,13:10:00,giovinazzi,99,GIO,Antonio,Giovinazzi,1993-12-14,Italian,alfa,Alfa Romeo,Swiss,Antonio Giovinazzi,2019,-1.0
24325,1015,844,6,16,15.0,0.0,R,20,0.0,16,4,1,2019,6,6,Monaco Grand Prix,2019-05-26,13:10:00,leclerc,16,LEC,Charles,Leclerc,1997-10-16,Monegasque,ferrari,Ferrari,Italian,Charles Leclerc,2019,15.0
24326,1016,1,131,44,2.0,1.0,1,1,25.0,70,1,0,2019,7,7,Canadian Grand Prix,2019-06-09,18:10:00,hamilton,44,HAM,Lewis,Hamilton,1985-01-07,British,mercedes,Mercedes,German,Lewis Hamilton,2019,1.0
24327,1016,20,6,5,1.0,2.0,2,2,18.0,70,1,0,2019,7,7,Canadian Grand Prix,2019-06-09,18:10:00,vettel,5,VET,Sebastian,Vettel,1987-07-03,German,ferrari,Ferrari,Italian,Sebastian Vettel,2019,-1.0
24328,1016,844,6,16,3.0,3.0,3,3,15.0,70,1,0,2019,7,7,Canadian Grand Prix,2019-06-09,18:10:00,leclerc,16,LEC,Charles,Leclerc,1997-10-16,Monegasque,ferrari,Ferrari,Italian,Charles Leclerc,2019,0.0
24329,1016,822,131,77,6.0,4.0,4,4,13.0,70,1,0,2019,7,7,Canadian Grand Prix,2019-06-09,18:10:00,bottas,77,BOT,Valtteri,Bottas,1989-08-28,Finnish,mercedes,Mercedes,German,Valtteri Bottas,2019,2.0
24330,1016,830,9,33,9.0,5.0,5,5,10.0,70,1,0,2019,7,7,Canadian Grand Prix,2019-06-09,18:10:00,max_verstappen,33,VER,Max,Verstappen,1997-09-30,Dutch,red_bull,Red Bull,Austrian,Max Verstappen,2019,4.0
24331,1016,817,4,3,4.0,6.0,6,6,8.0,69,11,0,2019,7,7,Canadian Grand Prix,2019-06-09,18:10:00,ricciardo,3,RIC,Daniel,Ricciardo,1989-07-01,Australian,renault,Renault,French,Daniel Ricciardo,2019,-2.0
24332,1016,807,4,27,7.0,7.0,7,7,6.0,69,11,0,2019,7,7,Canadian Grand Prix,2019-06-09,18:10:00,hulkenberg,27,HUL,Nico,Hülkenberg,1987-08-19,German,renault,Renault,French,Nico Hülkenberg,2019,0.0
24333,1016,842,9,10,5.0,8.0,8,8,4.0,69,11,0,2019,7,7,Canadian Grand Prix,2019-06-09,18:10:00,gasly,10,GAS,Pierre,Gasly,1996-02-07,French,red_bull,Red Bull,Austrian,Pierre Gasly,2019,-3.0
24334,1016,840,211,18,17.0,9.0,9,9,2.0,69,11,0,2019,7,7,Canadian Grand Prix,2019-06-09,18:10:00,stroll,18,STR,Lance,Stroll,1998-10-29,Canadian,racing_point,Racing Point,British,Lance Stroll,2019,8.0
24335,1016,826,5,26,10.0,10.0,10,10,1.0,69,11,0,2019,7,7,Canadian Grand Prix,2019-06-09,18:10:00,kvyat,26,KVY,Daniil,Kvyat,1994-04-26,Russian,toro_rosso,Toro Rosso,Italian,Daniil Kvyat,2019,0.0
24336,1016,832,1,55,11.0,11.0,11,11,0.0,69,11,0,2019,7,7,Canadian Grand Prix,2019-06-09,18:10:00,sainz,55,SAI,Carlos,Sainz,1994-09-01,Spanish,mclaren,McLaren,British,Carlos Sainz,2019,0.0
24337,1016,815,211,11,15.0,12.0,12,12,0.0,69,11,0,2019,7,7,Canadian Grand Prix,2019-06-09,18:10:00,perez,11,PER,Sergio,Pérez,1990-01-26,Mexican,racing_point,Racing Point,British,Sergio Pérez,2019,3.0
24338,1016,841,51,99,12.0,13.0,13,13,0.0,69,11,0,2019,7,7,Canadian Grand Prix,2019-06-09,18:10:00,giovinazzi,99,GIO,Antonio,Giovinazzi,1993-12-14,Italian,alfa,Alfa Romeo,Swiss,Antonio Giovinazzi,2019,-1.0
24339,1016,154,210,8,14.0,14.0,14,14,0.0,69,11,0,2019,7,7,Canadian Grand Prix,2019-06-09,18:10:00,grosjean,8,GRO,Romain,Grosjean,1986-04-17,French,haas,Haas F1 Team,American,Romain Grosjean,2019,0.0
24340,1016,8,51,7,16.0,15.0,15,15,0.0,69,11,0,2019,7,7,Canadian Grand Prix,2019-06-09,18:10:00,raikkonen,7,RAI,Kimi,Räikkönen,1979-10-17,Finnish,alfa,Alfa Romeo,Swiss,Kimi Räikkönen,2019,1.0
24341,1016,847,3,63,18.0,16.0,16,16,0.0,68,12,0,2019,7,7,Canadian Grand Prix,2019-06-09,18:10:00,russell,63,RUS,George,Russell,1998-02-15,British,williams,Williams,British,George Russell,2019,2.0
24342,1016,825,210,20,0.0,17.0,17,17,0.0,68,12,0,2019,7,7,Canadian Grand Prix,2019-06-09,18:10:00,kevin_magnussen,20,MAG,Kevin,Magnussen,1992-10-05,Danish,haas,Haas F1 Team,American,Kevin Magnussen,2019,-17.0
24343,1016,9,3,88,19.0,18.0,18,18,0.0,67,13,0,2019,7,7,Canadian Grand Prix,2019-06-09,18:10:00,kubica,88,KUB,Robert,Kubica,1984-12-07,Polish,williams,Williams,British,Robert Kubica,2019,1.0
24344,1016,848,5,23,13.0,0.0,R,19,0.0,59,130,1,2019,7,7,Canadian Grand Prix,2019-06-09,18:10:00,albon,23,ALB,Alexander,Albon,1996-03-23,Thai,toro_rosso,Toro Rosso,Italian,Alexander Albon,2019,13.0
24345,1016,846,1,4,8.0,0.0,R,20,0.0,8,22,1,2019,7,7,Canadian Grand Prix,2019-06-09,18:10:00,norris,4,NOR,Lando,Norris,1999-11-13,British,mclaren,McLaren,British,Lando Norris,2019,8.0
24346,1017,1,131,44,1.0,1.0,1,1,25.0,53,1,0,2019,8,34,French Grand Prix,2019-06-23,13:10:00,hamilton,44,HAM,Lewis,Hamilton,1985-01-07,British,mercedes,Mercedes,German,Lewis Hamilton,2019,0.0
24347,1017,822,131,77,2.0,2.0,2,2,18.0,53,1,0,2019,8,34,French Grand Prix,2019-06-23,13:10:00,bottas,77,BOT,Valtteri,Bottas,1989-08-28,Finnish,mercedes,Mercedes,German,Valtteri Bottas,2019,0.0
24348,1017,844,6,16,3.0,3.0,3,3,15.0,53,1,0,2019,8,34,French Grand Prix,2019-06-23,13:10:00,leclerc,16,LEC,Charles,Leclerc,1997-10-16,Monegasque,ferrari,Ferrari,Italian,Charles Leclerc,2019,0.0
24349,1017,830,9,33,4.0,4.0,4,4,12.0,53,1,0,2019,8,34,French Grand Prix,2019-06-23,13:10:00,max_verstappen,33,VER,Max,Verstappen,1997-09-30,Dutch,red_bull,Red Bull,Austrian,Max Verstappen,2019,0.0
24350,1017,20,6,5,7.0,5.0,5,5,11.0,53,1,0,2019,8,34,French Grand Prix,2019-06-23,13:10:00,vettel,5,VET,Sebastian,Vettel,1987-07-03,German,ferrari,Ferrari,Italian,Sebastian Vettel,2019,2.0
24351,1017,832,1,55,6.0,6.0,6,6,8.0,53,1,0,2019,8,34,French Grand Prix,2019-06-23,13:10:00,sainz,55,SAI,Carlos,Sainz,1994-09-01,Spanish,mclaren,McLaren,British,Carlos Sainz,2019,0.0
24352,1017,8,51,7,12.0,7.0,7,7,6.0,52,11,0,2019,8,34,French Grand Prix,2019-06-23,13:10:00,raikkonen,7,RAI,Kimi,Räikkönen,1979-10-17,Finnish,alfa,Alfa Romeo,Swiss,Kimi Räikkönen,2019,5.0
24353,1017,807,4,27,13.0,8.0,8,8,4.0,52,11,0,2019,8,34,French Grand Prix,2019-06-23,13:10:00,hulkenberg,27,HUL,Nico,Hülkenberg,1987-08-19,German,renault,Renault,French,Nico Hülkenberg,2019,5.0
24354,1017,846,1,4,5.0,9.0,9,9,2.0,52,11,0,2019,8,34,French Grand Prix,2019-06-23,13:10:00,norris,4,NOR,Lando,Norris,1999-11-13,British,mclaren,McLaren,British,Lando Norris,2019,-4.0
24355,1017,842,9,10,9.0,10.0,10,10,1.0,52,11,0,2019,8,34,French Grand Prix,2019-06-23,13:10:00,gasly,10,GAS,Pierre,Gasly,1996-02-07,French,red_bull,Red Bull,Austrian,Pierre Gasly,2019,-1.0
24356,1017,817,4,3,8.0,11.0,11,11,0.0,52,11,0,2019,8,34,French Grand Prix,2019-06-23,13:10:00,ricciardo,3,RIC,Daniel,Ricciardo,1989-07-01,Australian,renault,Renault,French,Daniel Ricciardo,2019,-3.0
24357,1017,815,211,11,14.0,12.0,12,12,0.0,52,11,0,2019,8,34,French Grand Prix,2019-06-23,13:10:00,perez,11,PER,Sergio,Pérez,1990-01-26,Mexican,racing_point,Racing Point,British,Sergio Pérez,2019,2.0
24358,1017,840,211,18,17.0,13.0,13,13,0.0,52,11,0,2019,8,34,French Grand Prix,2019-06-23,13:10:00,stroll,18,STR,Lance,Stroll,1998-10-29,Canadian,racing_point,Racing Point,British,Lance Stroll,2019,4.0
24359,1017,826,5,26,19.0,14.0,14,14,0.0,52,11,0,2019,8,34,French Grand Prix,2019-06-23,13:10:00,kvyat,26,KVY,Daniil,Kvyat,1994-04-26,Russian,toro_rosso,Toro Rosso,Italian,Daniil Kvyat,2019,5.0
24360,1017,848,5,23,11.0,15.0,15,15,0.0,52,11,0,2019,8,34,French Grand Prix,2019-06-23,13:10:00,albon,23,ALB,Alexander,Albon,1996-03-23,Thai,toro_rosso,Toro Rosso,Italian,Alexander Albon,2019,-4.0
24361,1017,841,51,99,10.0,16.0,16,16,0.0,52,11,0,2019,8,34,French Grand Prix,2019-06-23,13:10:00,giovinazzi,99,GIO,Antonio,Giovinazzi,1993-12-14,Italian,alfa,Alfa Romeo,Swiss,Antonio Giovinazzi,2019,-6.0
24362,1017,825,210,20,15.0,17.0,17,17,0.0,52,11,0,2019,8,34,French Grand Prix,2019-06-23,13:10:00,kevin_magnussen,20,MAG,Kevin,Magnussen,1992-10-05,Danish,haas,Haas F1 Team,American,Kevin Magnussen,2019,-2.0
24363,1017,9,3,88,18.0,18.0,18,18,0.0,51,12,0,2019,8,34,French Grand Prix,2019-06-23,13:10:00,kubica,88,KUB,Robert,Kubica,1984-12-07,Polish,williams,Williams,British,Robert Kubica,2019,0.0
24364,1017,847,3,63,20.0,19.0,19,19,0.0,51,12,0,2019,8,34,French Grand Prix,2019-06-23,13:10:00,russell,63,RUS,George,Russell,1998-02-15,British,williams,Williams,British,George Russell,2019,1.0
24365,1017,154,210,8,16.0,20.0,20,20,0.0,44,31,0,2019,8,34,French Grand Prix,2019-06-23,13:10:00,grosjean,8,GRO,Romain,Grosjean,1986-04-17,French,haas,Haas F1 Team,American,Romain Grosjean,2019,-4.0
24366,1018,830,9,33,2.0,1.0,1,1,26.0,71,1,0,2019,9,70,Austrian Grand Prix,2019-06-30,13:10:00,max_verstappen,33,VER,Max,Verstappen,1997-09-30,Dutch,red_bull,Red Bull,Austrian,Max Verstappen,2019,1.0
24367,1018,844,6,16,1.0,2.0,2,2,18.0,71,1,0,2019,9,70,Austrian Grand Prix,2019-06-30,13:10:00,leclerc,16,LEC,Charles,Leclerc,1997-10-16,Monegasque,ferrari,Ferrari,Italian,Charles Leclerc,2019,-1.0
24368,1018,822,131,77,3.0,3.0,3,3,15.0,71,1,0,2019,9,70,Austrian Grand Prix,2019-06-30,13:10:00,bottas,77,BOT,Valtteri,Bottas,1989-08-28,Finnish,mercedes,Mercedes,German,Valtteri Bottas,2019,0.0
24369,1018,20,6,5,9.0,4.0,4,4,12.0,71,1,0,2019,9,70,Austrian Grand Prix,2019-06-30,13:10:00,vettel,5,VET,Sebastian,Vettel,1987-07-03,German,ferrari,Ferrari,Italian,Sebastian Vettel,2019,5.0
24370,1018,1,131,44,4.0,5.0,5,5,10.0,71,1,0,2019,9,70,Austrian Grand Prix,2019-06-30,13:10:00,hamilton,44,HAM,Lewis,Hamilton,1985-01-07,British,mercedes,Mercedes,German,Lewis Hamilton,2019,-1.0
24371,1018,846,1,4,5.0,6.0,6,6,8.0,70,11,0,2019,9,70,Austrian Grand Prix,2019-06-30,13:10:00,norris,4,NOR,Lando,Norris,1999-11-13,British,mclaren,McLaren,British,Lando Norris,2019,-1.0
24372,1018,842,9,10,8.0,7.0,7,7,6.0,70,11,0,2019,9,70,Austrian Grand Prix,2019-06-30,13:10:00,gasly,10,GAS,Pierre,Gasly,1996-02-07,French,red_bull,Red Bull,Austrian,Pierre Gasly,2019,1.0
24373,1018,832,1,55,19.0,8.0,8,8,4.0,70,11,0,2019,9,70,Austrian Grand Prix,2019-06-30,13:10:00,sainz,55,SAI,Carlos,Sainz,1994-09-01,Spanish,mclaren,McLaren,British,Carlos Sainz,2019,11.0
24374,1018,8,51,7,6.0,9.0,9,9,2.0,70,11,0,2019,9,70,Austrian Grand Prix,2019-06-30,13:10:00,raikkonen,7,RAI,Kimi,Räikkönen,1979-10-17,Finnish,alfa,Alfa Romeo,Swiss,Kimi Räikkönen,2019,-3.0
24375,1018,841,51,99,7.0,10.0,10,10,1.0,70,11,0,2019,9,70,Austrian Grand Prix,2019-06-30,13:10:00,giovinazzi,99,GIO,Antonio,Giovinazzi,1993-12-14,Italian,alfa,Alfa Romeo,Swiss,Antonio Giovinazzi,2019,-3.0
24376,1018,815,211,11,13.0,11.0,11,11,0.0,70,11,0,2019,9,70,Austrian Grand Prix,2019-06-30,13:10:00,perez,11,PER,Sergio,Pérez,1990-01-26,Mexican,racing_point,Racing Point,British,Sergio Pérez,2019,2.0
24377,1018,817,4,3,12.0,12.0,12,12,0.0,70,11,0,2019,9,70,Austrian Grand Prix,2019-06-30,13:10:00,ricciardo,3,RIC,Daniel,Ricciardo,1989-07-01,Australian,renault,Renault,French,Daniel Ricciardo,2019,0.0
24378,1018,807,4,27,15.0,13.0,13,13,0.0,70,11,0,2019,9,70,Austrian Grand Prix,2019-06-30,13:10:00,hulkenberg,27,HUL,Nico,Hülkenberg,1987-08-19,German,renault,Renault,French,Nico Hülkenberg,2019,2.0
24379,1018,840,211,18,14.0,14.0,14,14,0.0,70,11,0,2019,9,70,Austrian Grand Prix,2019-06-30,13:10:00,stroll,18,STR,Lance,Stroll,1998-10-29,Canadian,racing_point,Racing Point,British,Lance Stroll,2019,0.0
24380,1018,848,5,23,18.0,15.0,15,15,0.0,70,11,0,2019,9,70,Austrian Grand Prix,2019-06-30,13:10:00,albon,23,ALB,Alexander,Albon,1996-03-23,Thai,toro_rosso,Toro Rosso,Italian,Alexander Albon,2019,3.0
24381,1018,154,210,8,11.0,16.0,16,16,0.0,70,11,0,2019,9,70,Austrian Grand Prix,2019-06-30,13:10:00,grosjean,8,GRO,Romain,Grosjean,1986-04-17,French,haas,Haas F1 Team,American,Romain Grosjean,2019,-5.0
24382,1018,826,5,26,16.0,17.0,17,17,0.0,70,11,0,2019,9,70,Austrian Grand Prix,2019-06-30,13:10:00,kvyat,26,KVY,Daniil,Kvyat,1994-04-26,Russian,toro_rosso,Toro Rosso,Italian,Daniil Kvyat,2019,-1.0
24383,1018,847,3,63,0.0,18.0,18,18,0.0,69,12,0,2019,9,70,Austrian Grand Prix,2019-06-30,13:10:00,russell,63,RUS,George,Russell,1998-02-15,British,williams,Williams,British,George Russell,2019,-18.0
24384,1018,825,210,20,10.0,19.0,19,19,0.0,69,12,0,2019,9,70,Austrian Grand Prix,2019-06-30,13:10:00,kevin_magnussen,20,MAG,Kevin,Magnussen,1992-10-05,Danish,haas,Haas F1 Team,American,Kevin Magnussen,2019,-9.0
24385,1018,9,3,88,17.0,20.0,20,20,0.0,68,13,0,2019,9,70,Austrian Grand Prix,2019-06-30,13:10:00,kubica,88,KUB,Robert,Kubica,1984-12-07,Polish,williams,Williams,British,Robert Kubica,2019,-3.0
24386,1019,1,131,44,2.0,1.0,1,1,26.0,52,1,0,2019,10,9,British Grand Prix,2019-07-14,13:10:00,hamilton,44,HAM,Lewis,Hamilton,1985-01-07,British,mercedes,Mercedes,German,Lewis Hamilton,2019,1.0
24387,1019,822,131,77,1.0,2.0,2,2,18.0,52,1,0,2019,10,9,British Grand Prix,2019-07-14,13:10:00,bottas,77,BOT,Valtteri,Bottas,1989-08-28,Finnish,mercedes,Mercedes,German,Valtteri Bottas,2019,-1.0
24388,1019,844,6,16,3.0,3.0,3,3,15.0,52,1,0,2019,10,9,British Grand Prix,2019-07-14,13:10:00,leclerc,16,LEC,Charles,Leclerc,1997-10-16,Monegasque,ferrari,Ferrari,Italian,Charles Leclerc,2019,0.0
24389,1019,842,9,10,5.0,4.0,4,4,12.0,52,1,0,2019,10,9,British Grand Prix,2019-07-14,13:10:00,gasly,10,GAS,Pierre,Gasly,1996-02-07,French,red_bull,Red Bull,Austrian,Pierre Gasly,2019,1.0
24390,1019,830,9,33,4.0,5.0,5,5,10.0,52,1,0,2019,10,9,British Grand Prix,2019-07-14,13:10:00,max_verstappen,33,VER,Max,Verstappen,1997-09-30,Dutch,red_bull,Red Bull,Austrian,Max Verstappen,2019,-1.0
24391,1019,832,1,55,13.0,6.0,6,6,8.0,52,1,0,2019,10,9,British Grand Prix,2019-07-14,13:10:00,sainz,55,SAI,Carlos,Sainz,1994-09-01,Spanish,mclaren,McLaren,British,Carlos Sainz,2019,7.0
24392,1019,817,4,3,7.0,7.0,7,7,6.0,52,1,0,2019,10,9,British Grand Prix,2019-07-14,13:10:00,ricciardo,3,RIC,Daniel,Ricciardo,1989-07-01,Australian,renault,Renault,French,Daniel Ricciardo,2019,0.0
24393,1019,8,51,7,12.0,8.0,8,8,4.0,52,1,0,2019,10,9,British Grand Prix,2019-07-14,13:10:00,raikkonen,7,RAI,Kimi,Räikkönen,1979-10-17,Finnish,alfa,Alfa Romeo,Swiss,Kimi Räikkönen,2019,4.0
24394,1019,826,5,26,17.0,9.0,9,9,2.0,52,1,0,2019,10,9,British Grand Prix,2019-07-14,13:10:00,kvyat,26,KVY,Daniil,Kvyat,1994-04-26,Russian,toro_rosso,Toro Rosso,Italian,Daniil Kvyat,2019,8.0
24395,1019,807,4,27,10.0,10.0,10,10,1.0,52,1,0,2019,10,9,British Grand Prix,2019-07-14,13:10:00,hulkenberg,27,HUL,Nico,Hülkenberg,1987-08-19,German,renault,Renault,French,Nico Hülkenberg,2019,0.0
24396,1019,846,1,4,8.0,11.0,11,11,0.0,52,1,0,2019,10,9,British Grand Prix,2019-07-14,13:10:00,norris,4,NOR,Lando,Norris,1999-11-13,British,mclaren,McLaren,British,Lando Norris,2019,-3.0
24397,1019,848,5,23,9.0,12.0,12,12,0.0,52,1,0,2019,10,9,British Grand Prix,2019-07-14,13:10:00,albon,23,ALB,Alexander,Albon,1996-03-23,Thai,toro_rosso,Toro Rosso,Italian,Alexander Albon,2019,-3.0
24398,1019,840,211,18,18.0,13.0,13,13,0.0,52,1,0,2019,10,9,British Grand Prix,2019-07-14,13:10:00,stroll,18,STR,Lance,Stroll,1998-10-29,Canadian,racing_point,Racing Point,British,Lance Stroll,2019,5.0
24399,1019,847,3,63,19.0,14.0,14,14,0.0,51,11,0,2019,10,9,British Grand Prix,2019-07-14,13:10:00,russell,63,RUS,George,Russell,1998-02-15,British,williams,Williams,British,George Russell,2019,5.0
24400,1019,9,3,88,20.0,15.0,15,15,0.0,51,11,0,2019,10,9,British Grand Prix,2019-07-14,13:10:00,kubica,88,KUB,Robert,Kubica,1984-12-07,Polish,williams,Williams,British,Robert Kubica,2019,5.0
24401,1019,20,6,5,6.0,16.0,16,16,0.0,51,11,0,2019,10,9,British Grand Prix,2019-07-14,13:10:00,vettel,5,VET,Sebastian,Vettel,1987-07-03,German,ferrari,Ferrari,Italian,Sebastian Vettel,2019,-10.0
24402,1019,815,211,11,15.0,17.0,17,17,0.0,51,11,0,2019,10,9,British Grand Prix,2019-07-14,13:10:00,perez,11,PER,Sergio,Pérez,1990-01-26,Mexican,racing_point,Racing Point,British,Sergio Pérez,2019,-2.0
24403,1019,841,51,99,11.0,0.0,R,18,0.0,18,20,1,2019,10,9,British Grand Prix,2019-07-14,13:10:00,giovinazzi,99,GIO,Antonio,Giovinazzi,1993-12-14,Italian,alfa,Alfa Romeo,Swiss,Antonio Giovinazzi,2019,11.0
24404,1019,154,210,8,14.0,0.0,R,19,0.0,9,4,1,2019,10,9,British Grand Prix,2019-07-14,13:10:00,grosjean,8,GRO,Romain,Grosjean,1986-04-17,French,haas,Haas F1 Team,American,Romain Grosjean,2019,14.0
24405,1019,825,210,20,16.0,0.0,R,20,0.0,6,4,1,2019,10,9,British Grand Prix,2019-07-14,13:10:00,kevin_magnussen,20,MAG,Kevin,Magnussen,1992-10-05,Danish,haas,Haas F1 Team,American,Kevin Magnussen,2019,16.0
24406,1020,830,9,33,2.0,1.0,1,1,26.0,64,1,0,2019,11,10,German Grand Prix,2019-07-28,13:10:00,max_verstappen,33,VER,Max,Verstappen,1997-09-30,Dutch,red_bull,Red Bull,Austrian,Max Verstappen,2019,1.0
24407,1020,20,6,5,20.0,2.0,2,2,18.0,64,1,0,2019,11,10,German Grand Prix,2019-07-28,13:10:00,vettel,5,VET,Sebastian,Vettel,1987-07-03,German,ferrari,Ferrari,Italian,Sebastian Vettel,2019,18.0
24408,1020,826,5,26,14.0,3.0,3,3,15.0,64,1,0,2019,11,10,German Grand Prix,2019-07-28,13:10:00,kvyat,26,KVY,Daniil,Kvyat,1994-04-26,Russian,toro_rosso,Toro Rosso,Italian,Daniil Kvyat,2019,11.0
24409,1020,840,211,18,15.0,4.0,4,4,12.0,64,1,0,2019,11,10,German Grand Prix,2019-07-28,13:10:00,stroll,18,STR,Lance,Stroll,1998-10-29,Canadian,racing_point,Racing Point,British,Lance Stroll,2019,11.0
24410,1020,832,1,55,7.0,5.0,5,5,10.0,64,1,0,2019,11,10,German Grand Prix,2019-07-28,13:10:00,sainz,55,SAI,Carlos,Sainz,1994-09-01,Spanish,mclaren,McLaren,British,Carlos Sainz,2019,2.0
24411,1020,848,5,23,16.0,6.0,6,6,8.0,64,1,0,2019,11,10,German Grand Prix,2019-07-28,13:10:00,albon,23,ALB,Alexander,Albon,1996-03-23,Thai,toro_rosso,Toro Rosso,Italian,Alexander Albon,2019,10.0
24412,1020,154,210,8,6.0,7.0,7,7,6.0,64,1,0,2019,11,10,German Grand Prix,2019-07-28,13:10:00,grosjean,8,GRO,Romain,Grosjean,1986-04-17,French,haas,Haas F1 Team,American,Romain Grosjean,2019,-1.0
24413,1020,825,210,20,12.0,8.0,8,8,4.0,64,1,0,2019,11,10,German Grand Prix,2019-07-28,13:10:00,kevin_magnussen,20,MAG,Kevin,Magnussen,1992-10-05,Danish,haas,Haas F1 Team,American,Kevin Magnussen,2019,4.0
24414,1020,1,131,44,1.0,9.0,9,9,2.0,64,1,0,2019,11,10,German Grand Prix,2019-07-28,13:10:00,hamilton,44,HAM,Lewis,Hamilton,1985-01-07,British,mercedes,Mercedes,German,Lewis Hamilton,2019,-8.0
24415,1020,9,3,88,18.0,10.0,10,10,1.0,64,1,0,2019,11,10,German Grand Prix,2019-07-28,13:10:00,kubica,88,KUB,Robert,Kubica,1984-12-07,Polish,williams,Williams,British,Robert Kubica,2019,8.0
24416,1020,847,3,63,17.0,11.0,11,11,0.0,64,1,0,2019,11,10,German Grand Prix,2019-07-28,13:10:00,russell,63,RUS,George,Russell,1998-02-15,British,williams,Williams,British,George Russell,2019,6.0
24417,1020,8,51,7,5.0,12.0,12,12,0.0,64,1,0,2019,11,10,German Grand Prix,2019-07-28,13:10:00,raikkonen,7,RAI,Kimi,Räikkönen,1979-10-17,Finnish,alfa,Alfa Romeo,Swiss,Kimi Räikkönen,2019,-7.0
24418,1020,841,51,99,11.0,13.0,13,13,0.0,64,1,0,2019,11,10,German Grand Prix,2019-07-28,13:10:00,giovinazzi,99,GIO,Antonio,Giovinazzi,1993-12-14,Italian,alfa,Alfa Romeo,Swiss,Antonio Giovinazzi,2019,-2.0
24419,1020,842,9,10,4.0,14.0,14,14,0.0,61,4,0,2019,11,10,German Grand Prix,2019-07-28,13:10:00,gasly,10,GAS,Pierre,Gasly,1996-02-07,French,red_bull,Red Bull,Austrian,Pierre Gasly,2019,-10.0
24420,1020,822,131,77,3.0,0.0,R,15,0.0,56,3,1,2019,11,10,German Grand Prix,2019-07-28,13:10:00,bottas,77,BOT,Valtteri,Bottas,1989-08-28,Finnish,mercedes,Mercedes,German,Valtteri Bottas,2019,3.0
24421,1020,807,4,27,9.0,0.0,R,16,0.0,39,3,1,2019,11,10,German Grand Prix,2019-07-28,13:10:00,hulkenberg,27,HUL,Nico,Hülkenberg,1987-08-19,German,renault,Renault,French,Nico Hülkenberg,2019,9.0
24422,1020,844,6,16,10.0,0.0,R,17,0.0,27,3,1,2019,11,10,German Grand Prix,2019-07-28,13:10:00,leclerc,16,LEC,Charles,Leclerc,1997-10-16,Monegasque,ferrari,Ferrari,Italian,Charles Leclerc,2019,10.0
24423,1020,846,1,4,19.0,0.0,R,18,0.0,25,75,1,2019,11,10,German Grand Prix,2019-07-28,13:10:00,norris,4,NOR,Lando,Norris,1999-11-13,British,mclaren,McLaren,British,Lando Norris,2019,19.0
24424,1020,817,4,3,13.0,0.0,R,19,0.0,13,43,1,2019,11,10,German Grand Prix,2019-07-28,13:10:00,ricciardo,3,RIC,Daniel,Ricciardo,1989-07-01,Australian,renault,Renault,French,Daniel Ricciardo,2019,13.0
24425,1020,815,211,11,8.0,0.0,R,20,0.0,1,20,1,2019,11,10,German Grand Prix,2019-07-28,13:10:00,perez,11,PER,Sergio,Pérez,1990-01-26,Mexican,racing_point,Racing Point,British,Sergio Pérez,2019,8.0
24426,1021,1,131,44,3.0,1.0,1,1,25.0,70,1,0,2019,12,11,Hungarian Grand Prix,2019-08-04,13:10:00,hamilton,44,HAM,Lewis,Hamilton,1985-01-07,British,mercedes,Mercedes,German,Lewis Hamilton,2019,2.0
24427,1021,830,9,33,1.0,2.0,2,2,19.0,70,1,0,2019,12,11,Hungarian Grand Prix,2019-08-04,13:10:00,max_verstappen,33,VER,Max,Verstappen,1997-09-30,Dutch,red_bull,Red Bull,Austrian,Max Verstappen,2019,-1.0
24428,1021,20,6,5,5.0,3.0,3,3,15.0,70,1,0,2019,12,11,Hungarian Grand Prix,2019-08-04,13:10:00,vettel,5,VET,Sebastian,Vettel,1987-07-03,German,ferrari,Ferrari,Italian,Sebastian Vettel,2019,2.0
24429,1021,844,6,16,4.0,4.0,4,4,12.0,70,1,0,2019,12,11,Hungarian Grand Prix,2019-08-04,13:10:00,leclerc,16,LEC,Charles,Leclerc,1997-10-16,Monegasque,ferrari,Ferrari,Italian,Charles Leclerc,2019,0.0
24430,1021,832,1,55,8.0,5.0,5,5,10.0,69,11,0,2019,12,11,Hungarian Grand Prix,2019-08-04,13:10:00,sainz,55,SAI,Carlos,Sainz,1994-09-01,Spanish,mclaren,McLaren,British,Carlos Sainz,2019,3.0
24431,1021,842,9,10,6.0,6.0,6,6,8.0,69,11,0,2019,12,11,Hungarian Grand Prix,2019-08-04,13:10:00,gasly,10,GAS,Pierre,Gasly,1996-02-07,French,red_bull,Red Bull,Austrian,Pierre Gasly,2019,0.0
24432,1021,8,51,7,10.0,7.0,7,7,6.0,69,11,0,2019,12,11,Hungarian Grand Prix,2019-08-04,13:10:00,raikkonen,7,RAI,Kimi,Räikkönen,1979-10-17,Finnish,alfa,Alfa Romeo,Swiss,Kimi Räikkönen,2019,3.0
24433,1021,822,131,77,2.0,8.0,8,8,4.0,69,11,0,2019,12,11,Hungarian Grand Prix,2019-08-04,13:10:00,bottas,77,BOT,Valtteri,Bottas,1989-08-28,Finnish,mercedes,Mercedes,German,Valtteri Bottas,2019,-6.0
24434,1021,846,1,4,7.0,9.0,9,9,2.0,69,11,0,2019,12,11,Hungarian Grand Prix,2019-08-04,13:10:00,norris,4,NOR,Lando,Norris,1999-11-13,British,mclaren,McLaren,British,Lando Norris,2019,-2.0
24435,1021,848,5,23,12.0,10.0,10,10,1.0,69,11,0,2019,12,11,Hungarian Grand Prix,2019-08-04,13:10:00,albon,23,ALB,Alexander,Albon,1996-03-23,Thai,toro_rosso,Toro Rosso,Italian,Alexander Albon,2019,2.0
24436,1021,815,211,11,16.0,11.0,11,11,0.0,69,11,0,2019,12,11,Hungarian Grand Prix,2019-08-04,13:10:00,perez,11,PER,Sergio,Pérez,1990-01-26,Mexican,racing_point,Racing Point,British,Sergio Pérez,2019,5.0
24437,1021,807,4,27,11.0,12.0,12,12,0.0,69,11,0,2019,12,11,Hungarian Grand Prix,2019-08-04,13:10:00,hulkenberg,27,HUL,Nico,Hülkenberg,1987-08-19,German,renault,Renault,French,Nico Hülkenberg,2019,-1.0
24438,1021,825,210,20,14.0,13.0,13,13,0.0,69,11,0,2019,12,11,Hungarian Grand Prix,2019-08-04,13:10:00,kevin_magnussen,20,MAG,Kevin,Magnussen,1992-10-05,Danish,haas,Haas F1 Team,American,Kevin Magnussen,2019,1.0
24439,1021,817,4,3,20.0,14.0,14,14,0.0,69,11,0,2019,12,11,Hungarian Grand Prix,2019-08-04,13:10:00,ricciardo,3,RIC,Daniel,Ricciardo,1989-07-01,Australian,renault,Renault,French,Daniel Ricciardo,2019,6.0
24440,1021,826,5,26,13.0,15.0,15,15,0.0,68,12,0,2019,12,11,Hungarian Grand Prix,2019-08-04,13:10:00,kvyat,26,KVY,Daniil,Kvyat,1994-04-26,Russian,toro_rosso,Toro Rosso,Italian,Daniil Kvyat,2019,-2.0
24441,1021,847,3,63,15.0,16.0,16,16,0.0,68,12,0,2019,12,11,Hungarian Grand Prix,2019-08-04,13:10:00,russell,63,RUS,George,Russell,1998-02-15,British,williams,Williams,British,George Russell,2019,-1.0
24442,1021,840,211,18,18.0,17.0,17,17,0.0,68,12,0,2019,12,11,Hungarian Grand Prix,2019-08-04,13:10:00,stroll,18,STR,Lance,Stroll,1998-10-29,Canadian,racing_point,Racing Point,British,Lance Stroll,2019,1.0
24443,1021,841,51,99,17.0,18.0,18,18,0.0,68,12,0,2019,12,11,Hungarian Grand Prix,2019-08-04,13:10:00,giovinazzi,99,GIO,Antonio,Giovinazzi,1993-12-14,Italian,alfa,Alfa Romeo,Swiss,Antonio Giovinazzi,2019,-1.0
24444,1021,9,3,88,19.0,19.0,19,19,0.0,67,13,0,2019,12,11,Hungarian Grand Prix,2019-08-04,13:10:00,kubica,88,KUB,Robert,Kubica,1984-12-07,Polish,williams,Williams,British,Robert Kubica,2019,0.0
24445,1021,154,210,8,9.0,0.0,R,20,0.0,49,34,1,2019,12,11,Hungarian Grand Prix,2019-08-04,13:10:00,grosjean,8,GRO,Romain,Grosjean,1986-04-17,French,haas,Haas F1 Team,American,Romain Grosjean,2019,9.0
24446,1022,844,6,16,1.0,1.0,1,1,25.0,44,1,0,2019,13,13,Belgian Grand Prix,2019-09-01,13:10:00,leclerc,16,LEC,Charles,Leclerc,1997-10-16,Monegasque,ferrari,Ferrari,Italian,Charles Leclerc,2019,0.0
24447,1022,1,131,44,3.0,2.0,2,2,18.0,44,1,0,2019,13,13,Belgian Grand Prix,2019-09-01,13:10:00,hamilton,44,HAM,Lewis,Hamilton,1985-01-07,British,mercedes,Mercedes,German,Lewis Hamilton,2019,1.0
24448,1022,822,131,77,4.0,3.0,3,3,15.0,44,1,0,2019,13,13,Belgian Grand Prix,2019-09-01,13:10:00,bottas,77,BOT,Valtteri,Bottas,1989-08-28,Finnish,mercedes,Mercedes,German,Valtteri Bottas,2019,1.0
24449,1022,20,6,5,2.0,4.0,4,4,13.0,44,1,0,2019,13,13,Belgian Grand Prix,2019-09-01,13:10:00,vettel,5,VET,Sebastian,Vettel,1987-07-03,German,ferrari,Ferrari,Italian,Sebastian Vettel,2019,-2.0
24450,1022,848,9,23,17.0,5.0,5,5,10.0,44,1,0,2019,13,13,Belgian Grand Prix,2019-09-01,13:10:00,albon,23,ALB,Alexander,Albon,1996-03-23,Thai,red_bull,Red Bull,Austrian,Alexander Albon,2019,12.0
24451,1022,815,211,11,7.0,6.0,6,6,8.0,44,1,0,2019,13,13,Belgian Grand Prix,2019-09-01,13:10:00,perez,11,PER,Sergio,Pérez,1990-01-26,Mexican,racing_point,Racing Point,British,Sergio Pérez,2019,1.0
24452,1022,826,5,26,19.0,7.0,7,7,6.0,44,1,0,2019,13,13,Belgian Grand Prix,2019-09-01,13:10:00,kvyat,26,KVY,Daniil,Kvyat,1994-04-26,Russian,toro_rosso,Toro Rosso,Italian,Daniil Kvyat,2019,12.0
24453,1022,807,4,27,12.0,8.0,8,8,4.0,44,1,0,2019,13,13,Belgian Grand Prix,2019-09-01,13:10:00,hulkenberg,27,HUL,Nico,Hülkenberg,1987-08-19,German,renault,Renault,French,Nico Hülkenberg,2019,4.0
24454,1022,842,5,10,13.0,9.0,9,9,2.0,44,1,0,2019,13,13,Belgian Grand Prix,2019-09-01,13:10:00,gasly,10,GAS,Pierre,Gasly,1996-02-07,French,toro_rosso,Toro Rosso,Italian,Pierre Gasly,2019,4.0
24455,1022,840,211,18,16.0,10.0,10,10,1.0,44,1,0,2019,13,13,Belgian Grand Prix,2019-09-01,13:10:00,stroll,18,STR,Lance,Stroll,1998-10-29,Canadian,racing_point,Racing Point,British,Lance Stroll,2019,6.0
24456,1022,846,1,4,11.0,11.0,11,11,0.0,43,5,0,2019,13,13,Belgian Grand Prix,2019-09-01,13:10:00,norris,4,NOR,Lando,Norris,1999-11-13,British,mclaren,McLaren,British,Lando Norris,2019,0.0
24457,1022,825,210,20,8.0,12.0,12,12,0.0,43,11,0,2019,13,13,Belgian Grand Prix,2019-09-01,13:10:00,kevin_magnussen,20,MAG,Kevin,Magnussen,1992-10-05,Danish,haas,Haas F1 Team,American,Kevin Magnussen,2019,-4.0
24458,1022,154,210,8,9.0,13.0,13,13,0.0,43,11,0,2019,13,13,Belgian Grand Prix,2019-09-01,13:10:00,grosjean,8,GRO,Romain,Grosjean,1986-04-17,French,haas,Haas F1 Team,American,Romain Grosjean,2019,-4.0
24459,1022,817,4,3,10.0,14.0,14,14,0.0,43,11,0,2019,13,13,Belgian Grand Prix,2019-09-01,13:10:00,ricciardo,3,RIC,Daniel,Ricciardo,1989-07-01,Australian,renault,Renault,French,Daniel Ricciardo,2019,-4.0
24460,1022,847,3,63,14.0,15.0,15,15,0.0,43,11,0,2019,13,13,Belgian Grand Prix,2019-09-01,13:10:00,russell,63,RUS,George,Russell,1998-02-15,British,williams,Williams,British,George Russell,2019,-1.0
24461,1022,8,51,7,6.0,16.0,16,16,0.0,43,11,0,2019,13,13,Belgian Grand Prix,2019-09-01,13:10:00,raikkonen,7,RAI,Kimi,Räikkönen,1979-10-17,Finnish,alfa,Alfa Romeo,Swiss,Kimi Räikkönen,2019,-10.0
24462,1022,9,3,88,0.0,17.0,17,17,0.0,43,11,0,2019,13,13,Belgian Grand Prix,2019-09-01,13:10:00,kubica,88,KUB,Robert,Kubica,1984-12-07,Polish,williams,Williams,British,Robert Kubica,2019,-17.0
24463,1022,841,51,99,18.0,18.0,18,18,0.0,42,3,0,2019,13,13,Belgian Grand Prix,2019-09-01,13:10:00,giovinazzi,99,GIO,Antonio,Giovinazzi,1993-12-14,Italian,alfa,Alfa Romeo,Swiss,Antonio Giovinazzi,2019,0.0
24464,1022,832,1,55,15.0,0.0,R,19,0.0,1,75,1,2019,13,13,Belgian Grand Prix,2019-09-01,13:10:00,sainz,55,SAI,Carlos,Sainz,1994-09-01,Spanish,mclaren,McLaren,British,Carlos Sainz,2019,15.0
24465,1022,830,9,33,5.0,0.0,R,20,0.0,0,3,1,2019,13,13,Belgian Grand Prix,2019-09-01,13:10:00,max_verstappen,33,VER,Max,Verstappen,1997-09-30,Dutch,red_bull,Red Bull,Austrian,Max Verstappen,2019,5.0
24466,1023,844,6,16,1.0,1.0,1,1,25.0,53,1,0,2019,14,14,Italian Grand Prix,2019-09-08,13:10:00,leclerc,16,LEC,Charles,Leclerc,1997-10-16,Monegasque,ferrari,Ferrari,Italian,Charles Leclerc,2019,0.0
24467,1023,822,131,77,3.0,2.0,2,2,18.0,53,1,0,2019,14,14,Italian Grand Prix,2019-09-08,13:10:00,bottas,77,BOT,Valtteri,Bottas,1989-08-28,Finnish,mercedes,Mercedes,German,Valtteri Bottas,2019,1.0
24468,1023,1,131,44,2.0,3.0,3,3,16.0,53,1,0,2019,14,14,Italian Grand Prix,2019-09-08,13:10:00,hamilton,44,HAM,Lewis,Hamilton,1985-01-07,British,mercedes,Mercedes,German,Lewis Hamilton,2019,-1.0
24469,1023,817,4,3,5.0,4.0,4,4,12.0,53,1,0,2019,14,14,Italian Grand Prix,2019-09-08,13:10:00,ricciardo,3,RIC,Daniel,Ricciardo,1989-07-01,Australian,renault,Renault,French,Daniel Ricciardo,2019,1.0
24470,1023,807,4,27,6.0,5.0,5,5,10.0,53,1,0,2019,14,14,Italian Grand Prix,2019-09-08,13:10:00,hulkenberg,27,HUL,Nico,Hülkenberg,1987-08-19,German,renault,Renault,French,Nico Hülkenberg,2019,1.0
24471,1023,848,9,23,8.0,6.0,6,6,8.0,53,1,0,2019,14,14,Italian Grand Prix,2019-09-08,13:10:00,albon,23,ALB,Alexander,Albon,1996-03-23,Thai,red_bull,Red Bull,Austrian,Alexander Albon,2019,2.0
24472,1023,815,211,11,18.0,7.0,7,7,6.0,53,1,0,2019,14,14,Italian Grand Prix,2019-09-08,13:10:00,perez,11,PER,Sergio,Pérez,1990-01-26,Mexican,racing_point,Racing Point,British,Sergio Pérez,2019,11.0
24473,1023,830,9,33,19.0,8.0,8,8,4.0,53,1,0,2019,14,14,Italian Grand Prix,2019-09-08,13:10:00,max_verstappen,33,VER,Max,Verstappen,1997-09-30,Dutch,red_bull,Red Bull,Austrian,Max Verstappen,2019,11.0
24474,1023,841,51,99,10.0,9.0,9,9,2.0,52,11,0,2019,14,14,Italian Grand Prix,2019-09-08,13:10:00,giovinazzi,99,GIO,Antonio,Giovinazzi,1993-12-14,Italian,alfa,Alfa Romeo,Swiss,Antonio Giovinazzi,2019,1.0
24475,1023,846,1,4,16.0,10.0,10,10,1.0,52,11,0,2019,14,14,Italian Grand Prix,2019-09-08,13:10:00,norris,4,NOR,Lando,Norris,1999-11-13,British,mclaren,McLaren,British,Lando Norris,2019,6.0
24476,1023,842,5,10,17.0,11.0,11,11,0.0,52,11,0,2019,14,14,Italian Grand Prix,2019-09-08,13:10:00,gasly,10,GAS,Pierre,Gasly,1996-02-07,French,toro_rosso,Toro Rosso,Italian,Pierre Gasly,2019,6.0
24477,1023,840,211,18,9.0,12.0,12,12,0.0,52,11,0,2019,14,14,Italian Grand Prix,2019-09-08,13:10:00,stroll,18,STR,Lance,Stroll,1998-10-29,Canadian,racing_point,Racing Point,British,Lance Stroll,2019,-3.0
24478,1023,20,6,5,4.0,13.0,13,13,0.0,52,11,0,2019,14,14,Italian Grand Prix,2019-09-08,13:10:00,vettel,5,VET,Sebastian,Vettel,1987-07-03,German,ferrari,Ferrari,Italian,Sebastian Vettel,2019,-9.0
24479,1023,847,3,63,14.0,14.0,14,14,0.0,52,11,0,2019,14,14,Italian Grand Prix,2019-09-08,13:10:00,russell,63,RUS,George,Russell,1998-02-15,British,williams,Williams,British,George Russell,2019,0.0
24480,1023,8,51,7,0.0,15.0,15,15,0.0,52,11,0,2019,14,14,Italian Grand Prix,2019-09-08,13:10:00,raikkonen,7,RAI,Kimi,Räikkönen,1979-10-17,Finnish,alfa,Alfa Romeo,Swiss,Kimi Räikkönen,2019,-15.0
24481,1023,154,210,8,13.0,16.0,16,16,0.0,52,11,0,2019,14,14,Italian Grand Prix,2019-09-08,13:10:00,grosjean,8,GRO,Romain,Grosjean,1986-04-17,French,haas,Haas F1 Team,American,Romain Grosjean,2019,-3.0
24482,1023,9,3,88,15.0,17.0,17,17,0.0,51,12,0,2019,14,14,Italian Grand Prix,2019-09-08,13:10:00,kubica,88,KUB,Robert,Kubica,1984-12-07,Polish,williams,Williams,British,Robert Kubica,2019,-2.0
24483,1023,825,210,20,11.0,0.0,R,18,0.0,43,9,1,2019,14,14,Italian Grand Prix,2019-09-08,13:10:00,kevin_magnussen,20,MAG,Kevin,Magnussen,1992-10-05,Danish,haas,Haas F1 Team,American,Kevin Magnussen,2019,11.0
24484,1023,826,5,26,12.0,0.0,R,19,0.0,29,5,1,2019,14,14,Italian Grand Prix,2019-09-08,13:10:00,kvyat,26,KVY,Daniil,Kvyat,1994-04-26,Russian,toro_rosso,Toro Rosso,Italian,Daniil Kvyat,2019,12.0
24485,1023,832,1,55,7.0,0.0,R,20,0.0,27,36,1,2019,14,14,Italian Grand Prix,2019-09-08,13:10:00,sainz,55,SAI,Carlos,Sainz,1994-09-01,Spanish,mclaren,McLaren,British,Carlos Sainz,2019,7.0
24486,1024,20,6,5,3.0,1.0,1,1,25.0,61,1,0,2019,15,15,Singapore Grand Prix,2019-09-22,12:10:00,vettel,5,VET,Sebastian,Vettel,1987-07-03,German,ferrari,Ferrari,Italian,Sebastian Vettel,2019,2.0
24487,1024,844,6,16,1.0,2.0,2,2,18.0,61,1,0,2019,15,15,Singapore Grand Prix,2019-09-22,12:10:00,leclerc,16,LEC,Charles,Leclerc,1997-10-16,Monegasque,ferrari,Ferrari,Italian,Charles Leclerc,2019,-1.0
24488,1024,830,9,33,4.0,3.0,3,3,15.0,61,1,0,2019,15,15,Singapore Grand Prix,2019-09-22,12:10:00,max_verstappen,33,VER,Max,Verstappen,1997-09-30,Dutch,red_bull,Red Bull,Austrian,Max Verstappen,2019,1.0
24489,1024,1,131,44,2.0,4.0,4,4,12.0,61,1,0,2019,15,15,Singapore Grand Prix,2019-09-22,12:10:00,hamilton,44,HAM,Lewis,Hamilton,1985-01-07,British,mercedes,Mercedes,German,Lewis Hamilton,2019,-2.0
24490,1024,822,131,77,5.0,5.0,5,5,10.0,61,1,0,2019,15,15,Singapore Grand Prix,2019-09-22,12:10:00,bottas,77,BOT,Valtteri,Bottas,1989-08-28,Finnish,mercedes,Mercedes,German,Valtteri Bottas,2019,0.0
24491,1024,848,9,23,6.0,6.0,6,6,8.0,61,1,0,2019,15,15,Singapore Grand Prix,2019-09-22,12:10:00,albon,23,ALB,Alexander,Albon,1996-03-23,Thai,red_bull,Red Bull,Austrian,Alexander Albon,2019,0.0
24492,1024,846,1,4,9.0,7.0,7,7,6.0,61,1,0,2019,15,15,Singapore Grand Prix,2019-09-22,12:10:00,norris,4,NOR,Lando,Norris,1999-11-13,British,mclaren,McLaren,British,Lando Norris,2019,2.0
24493,1024,842,5,10,11.0,8.0,8,8,4.0,61,1,0,2019,15,15,Singapore Grand Prix,2019-09-22,12:10:00,gasly,10,GAS,Pierre,Gasly,1996-02-07,French,toro_rosso,Toro Rosso,Italian,Pierre Gasly,2019,3.0
24494,1024,807,4,27,8.0,9.0,9,9,2.0,61,1,0,2019,15,15,Singapore Grand Prix,2019-09-22,12:10:00,hulkenberg,27,HUL,Nico,Hülkenberg,1987-08-19,German,renault,Renault,French,Nico Hülkenberg,2019,-1.0
24495,1024,841,51,99,10.0,10.0,10,10,1.0,61,1,0,2019,15,15,Singapore Grand Prix,2019-09-22,12:10:00,giovinazzi,99,GIO,Antonio,Giovinazzi,1993-12-14,Italian,alfa,Alfa Romeo,Swiss,Antonio Giovinazzi,2019,0.0
24496,1024,154,210,8,17.0,11.0,11,11,0.0,61,1,0,2019,15,15,Singapore Grand Prix,2019-09-22,12:10:00,grosjean,8,GRO,Romain,Grosjean,1986-04-17,French,haas,Haas F1 Team,American,Romain Grosjean,2019,6.0
24497,1024,832,1,55,7.0,12.0,12,12,0.0,61,1,0,2019,15,15,Singapore Grand Prix,2019-09-22,12:10:00,sainz,55,SAI,Carlos,Sainz,1994-09-01,Spanish,mclaren,McLaren,British,Carlos Sainz,2019,-5.0
24498,1024,840,211,18,16.0,13.0,13,13,0.0,61,1,0,2019,15,15,Singapore Grand Prix,2019-09-22,12:10:00,stroll,18,STR,Lance,Stroll,1998-10-29,Canadian,racing_point,Racing Point,British,Lance Stroll,2019,3.0
24499,1024,817,4,3,20.0,14.0,14,14,0.0,61,1,0,2019,15,15,Singapore Grand Prix,2019-09-22,12:10:00,ricciardo,3,RIC,Daniel,Ricciardo,1989-07-01,Australian,renault,Renault,French,Daniel Ricciardo,2019,6.0
24500,1024,826,5,26,14.0,15.0,15,15,0.0,61,1,0,2019,15,15,Singapore Grand Prix,2019-09-22,12:10:00,kvyat,26,KVY,Daniil,Kvyat,1994-04-26,Russian,toro_rosso,Toro Rosso,Italian,Daniil Kvyat,2019,-1.0
24501,1024,9,3,88,19.0,16.0,16,16,0.0,61,1,0,2019,15,15,Singapore Grand Prix,2019-09-22,12:10:00,kubica,88,KUB,Robert,Kubica,1984-12-07,Polish,williams,Williams,British,Robert Kubica,2019,3.0
24502,1024,825,210,20,13.0,17.0,17,17,0.0,61,1,0,2019,15,15,Singapore Grand Prix,2019-09-22,12:10:00,kevin_magnussen,20,MAG,Kevin,Magnussen,1992-10-05,Danish,haas,Haas F1 Team,American,Kevin Magnussen,2019,-4.0
24503,1024,8,51,7,12.0,0.0,R,18,0.0,49,4,1,2019,15,15,Singapore Grand Prix,2019-09-22,12:10:00,raikkonen,7,RAI,Kimi,Räikkönen,1979-10-17,Finnish,alfa,Alfa Romeo,Swiss,Kimi Räikkönen,2019,12.0
24504,1024,815,211,11,15.0,0.0,R,19,0.0,42,5,1,2019,15,15,Singapore Grand Prix,2019-09-22,12:10:00,perez,11,PER,Sergio,Pérez,1990-01-26,Mexican,racing_point,Racing Point,British,Sergio Pérez,2019,15.0
24505,1024,847,3,63,18.0,0.0,R,20,0.0,34,4,1,2019,15,15,Singapore Grand Prix,2019-09-22,12:10:00,russell,63,RUS,George,Russell,1998-02-15,British,williams,Williams,British,George Russell,2019,18.0
24506,1025,1,131,44,2.0,1.0,1,1,26.0,53,1,0,2019,16,71,Russian Grand Prix,2019-09-29,11:10:00,hamilton,44,HAM,Lewis,Hamilton,1985-01-07,British,mercedes,Mercedes,German,Lewis Hamilton,2019,1.0
24507,1025,822,131,77,4.0,2.0,2,2,18.0,53,1,0,2019,16,71,Russian Grand Prix,2019-09-29,11:10:00,bottas,77,BOT,Valtteri,Bottas,1989-08-28,Finnish,mercedes,Mercedes,German,Valtteri Bottas,2019,2.0
24508,1025,844,6,16,1.0,3.0,3,3,15.0,53,1,0,2019,16,71,Russian Grand Prix,2019-09-29,11:10:00,leclerc,16,LEC,Charles,Leclerc,1997-10-16,Monegasque,ferrari,Ferrari,Italian,Charles Leclerc,2019,-2.0
24509,1025,830,9,33,9.0,4.0,4,4,12.0,53,1,0,2019,16,71,Russian Grand Prix,2019-09-29,11:10:00,max_verstappen,33,VER,Max,Verstappen,1997-09-30,Dutch,red_bull,Red Bull,Austrian,Max Verstappen,2019,5.0
24510,1025,848,9,23,0.0,5.0,5,5,10.0,53,1,0,2019,16,71,Russian Grand Prix,2019-09-29,11:10:00,albon,23,ALB,Alexander,Albon,1996-03-23,Thai,red_bull,Red Bull,Austrian,Alexander Albon,2019,-5.0
24511,1025,832,1,55,5.0,6.0,6,6,8.0,53,1,0,2019,16,71,Russian Grand Prix,2019-09-29,11:10:00,sainz,55,SAI,Carlos,Sainz,1994-09-01,Spanish,mclaren,McLaren,British,Carlos Sainz,2019,-1.0
24512,1025,815,211,11,11.0,7.0,7,7,6.0,53,1,0,2019,16,71,Russian Grand Prix,2019-09-29,11:10:00,perez,11,PER,Sergio,Pérez,1990-01-26,Mexican,racing_point,Racing Point,British,Sergio Pérez,2019,4.0
24513,1025,846,1,4,7.0,8.0,8,8,4.0,53,1,0,2019,16,71,Russian Grand Prix,2019-09-29,11:10:00,norris,4,NOR,Lando,Norris,1999-11-13,British,mclaren,McLaren,British,Lando Norris,2019,-1.0
24514,1025,825,210,20,13.0,9.0,9,9,2.0,53,1,0,2019,16,71,Russian Grand Prix,2019-09-29,11:10:00,kevin_magnussen,20,MAG,Kevin,Magnussen,1992-10-05,Danish,haas,Haas F1 Team,American,Kevin Magnussen,2019,4.0
24515,1025,807,4,27,6.0,10.0,10,10,1.0,53,1,0,2019,16,71,Russian Grand Prix,2019-09-29,11:10:00,hulkenberg,27,HUL,Nico,Hülkenberg,1987-08-19,German,renault,Renault,French,Nico Hülkenberg,2019,-4.0
24516,1025,840,211,18,14.0,11.0,11,11,0.0,53,1,0,2019,16,71,Russian Grand Prix,2019-09-29,11:10:00,stroll,18,STR,Lance,Stroll,1998-10-29,Canadian,racing_point,Racing Point,British,Lance Stroll,2019,3.0
24517,1025,826,5,26,19.0,12.0,12,12,0.0,53,1,0,2019,16,71,Russian Grand Prix,2019-09-29,11:10:00,kvyat,26,KVY,Daniil,Kvyat,1994-04-26,Russian,toro_rosso,Toro Rosso,Italian,Daniil Kvyat,2019,7.0
24518,1025,8,51,7,15.0,13.0,13,13,0.0,53,1,0,2019,16,71,Russian Grand Prix,2019-09-29,11:10:00,raikkonen,7,RAI,Kimi,Räikkönen,1979-10-17,Finnish,alfa,Alfa Romeo,Swiss,Kimi Räikkönen,2019,2.0
24519,1025,842,5,10,16.0,14.0,14,14,0.0,53,1,0,2019,16,71,Russian Grand Prix,2019-09-29,11:10:00,gasly,10,GAS,Pierre,Gasly,1996-02-07,French,toro_rosso,Toro Rosso,Italian,Pierre Gasly,2019,2.0
24520,1025,841,51,99,12.0,15.0,15,15,0.0,53,1,0,2019,16,71,Russian Grand Prix,2019-09-29,11:10:00,giovinazzi,99,GIO,Antonio,Giovinazzi,1993-12-14,Italian,alfa,Alfa Romeo,Swiss,Antonio Giovinazzi,2019,-3.0
24521,1025,9,3,88,18.0,0.0,R,16,0.0,28,23,1,2019,16,71,Russian Grand Prix,2019-09-29,11:10:00,kubica,88,KUB,Robert,Kubica,1984-12-07,Polish,williams,Williams,British,Robert Kubica,2019,18.0
24522,1025,847,3,63,17.0,0.0,R,17,0.0,27,23,1,2019,16,71,Russian Grand Prix,2019-09-29,11:10:00,russell,63,RUS,George,Russell,1998-02-15,British,williams,Williams,British,George Russell,2019,17.0
24523,1025,20,6,5,3.0,0.0,R,18,0.0,26,75,1,2019,16,71,Russian Grand Prix,2019-09-29,11:10:00,vettel,5,VET,Sebastian,Vettel,1987-07-03,German,ferrari,Ferrari,Italian,Sebastian Vettel,2019,3.0
24524,1025,817,4,3,10.0,0.0,R,19,0.0,24,4,1,2019,16,71,Russian Grand Prix,2019-09-29,11:10:00,ricciardo,3,RIC,Daniel,Ricciardo,1989-07-01,Australian,renault,Renault,French,Daniel Ricciardo,2019,10.0
24525,1025,154,210,8,8.0,0.0,R,20,0.0,0,4,1,2019,16,71,Russian Grand Prix,2019-09-29,11:10:00,grosjean,8,GRO,Romain,Grosjean,1986-04-17,French,haas,Haas F1 Team,American,Romain Grosjean,2019,8.0
24526,1026,822,131,77,3.0,1.0,1,1,25.0,52,1,0,2019,17,22,Japanese Grand Prix,2019-10-13,05:10:00,bottas,77,BOT,Valtteri,Bottas,1989-08-28,Finnish,mercedes,Mercedes,German,Valtteri Bottas,2019,2.0
24527,1026,20,6,5,1.0,2.0,2,2,18.0,52,1,0,2019,17,22,Japanese Grand Prix,2019-10-13,05:10:00,vettel,5,VET,Sebastian,Vettel,1987-07-03,German,ferrari,Ferrari,Italian,Sebastian Vettel,2019,-1.0
24528,1026,1,131,44,4.0,3.0,3,3,16.0,52,1,0,2019,17,22,Japanese Grand Prix,2019-10-13,05:10:00,hamilton,44,HAM,Lewis,Hamilton,1985-01-07,British,mercedes,Mercedes,German,Lewis Hamilton,2019,1.0
24529,1026,848,9,23,6.0,4.0,4,4,12.0,52,1,0,2019,17,22,Japanese Grand Prix,2019-10-13,05:10:00,albon,23,ALB,Alexander,Albon,1996-03-23,Thai,red_bull,Red Bull,Austrian,Alexander Albon,2019,2.0
24530,1026,832,1,55,7.0,5.0,5,5,10.0,52,1,0,2019,17,22,Japanese Grand Prix,2019-10-13,05:10:00,sainz,55,SAI,Carlos,Sainz,1994-09-01,Spanish,mclaren,McLaren,British,Carlos Sainz,2019,2.0
24531,1026,844,6,16,2.0,6.0,6,6,8.0,51,11,0,2019,17,22,Japanese Grand Prix,2019-10-13,05:10:00,leclerc,16,LEC,Charles,Leclerc,1997-10-16,Monegasque,ferrari,Ferrari,Italian,Charles Leclerc,2019,-4.0
24532,1026,842,5,10,9.0,7.0,7,7,6.0,51,11,0,2019,17,22,Japanese Grand Prix,2019-10-13,05:10:00,gasly,10,GAS,Pierre,Gasly,1996-02-07,French,toro_rosso,Toro Rosso,Italian,Pierre Gasly,2019,2.0
24533,1026,815,211,11,17.0,8.0,8,8,4.0,51,11,0,2019,17,22,Japanese Grand Prix,2019-10-13,05:10:00,perez,11,PER,Sergio,Pérez,1990-01-26,Mexican,racing_point,Racing Point,British,Sergio Pérez,2019,9.0
24534,1026,840,211,18,12.0,9.0,9,9,2.0,51,11,0,2019,17,22,Japanese Grand Prix,2019-10-13,05:10:00,stroll,18,STR,Lance,Stroll,1998-10-29,Canadian,racing_point,Racing Point,British,Lance Stroll,2019,3.0
24535,1026,826,5,26,14.0,10.0,10,10,1.0,51,11,0,2019,17,22,Japanese Grand Prix,2019-10-13,05:10:00,kvyat,26,KVY,Daniil,Kvyat,1994-04-26,Russian,toro_rosso,Toro Rosso,Italian,Daniil Kvyat,2019,4.0
24536,1026,846,1,4,8.0,11.0,11,11,0.0,51,11,0,2019,17,22,Japanese Grand Prix,2019-10-13,05:10:00,norris,4,NOR,Lando,Norris,1999-11-13,British,mclaren,McLaren,British,Lando Norris,2019,-3.0
24537,1026,8,51,7,13.0,12.0,12,12,0.0,51,11,0,2019,17,22,Japanese Grand Prix,2019-10-13,05:10:00,raikkonen,7,RAI,Kimi,Räikkönen,1979-10-17,Finnish,alfa,Alfa Romeo,Swiss,Kimi Räikkönen,2019,1.0
24538,1026,154,210,8,10.0,13.0,13,13,0.0,51,11,0,2019,17,22,Japanese Grand Prix,2019-10-13,05:10:00,grosjean,8,GRO,Romain,Grosjean,1986-04-17,French,haas,Haas F1 Team,American,Romain Grosjean,2019,-3.0
24539,1026,841,51,99,11.0,14.0,14,14,0.0,51,11,0,2019,17,22,Japanese Grand Prix,2019-10-13,05:10:00,giovinazzi,99,GIO,Antonio,Giovinazzi,1993-12-14,Italian,alfa,Alfa Romeo,Swiss,Antonio Giovinazzi,2019,-3.0
24540,1026,825,210,20,19.0,15.0,15,15,0.0,51,11,0,2019,17,22,Japanese Grand Prix,2019-10-13,05:10:00,kevin_magnussen,20,MAG,Kevin,Magnussen,1992-10-05,Danish,haas,Haas F1 Team,American,Kevin Magnussen,2019,4.0
24541,1026,847,3,63,18.0,16.0,16,16,0.0,50,12,0,2019,17,22,Japanese Grand Prix,2019-10-13,05:10:00,russell,63,RUS,George,Russell,1998-02-15,British,williams,Williams,British,George Russell,2019,2.0
24542,1026,9,3,88,0.0,17.0,17,17,0.0,50,12,0,2019,17,22,Japanese Grand Prix,2019-10-13,05:10:00,kubica,88,KUB,Robert,Kubica,1984-12-07,Polish,williams,Williams,British,Robert Kubica,2019,-17.0
24543,1026,830,9,33,5.0,0.0,R,18,0.0,14,23,1,2019,17,22,Japanese Grand Prix,2019-10-13,05:10:00,max_verstappen,33,VER,Max,Verstappen,1997-09-30,Dutch,red_bull,Red Bull,Austrian,Max Verstappen,2019,5.0
24544,1026,817,4,3,16.0,0.0,D,19,0.0,51,2,1,2019,17,22,Japanese Grand Prix,2019-10-13,05:10:00,ricciardo,3,RIC,Daniel,Ricciardo,1989-07-01,Australian,renault,Renault,French,Daniel Ricciardo,2019,16.0
24545,1026,807,4,27,15.0,0.0,D,20,0.0,51,2,1,2019,17,22,Japanese Grand Prix,2019-10-13,05:10:00,hulkenberg,27,HUL,Nico,Hülkenberg,1987-08-19,German,renault,Renault,French,Nico Hülkenberg,2019,15.0
24546,1027,1,131,44,3.0,1.0,1,1,25.0,71,1,0,2019,18,32,Mexican Grand Prix,2019-10-27,19:10:00,hamilton,44,HAM,Lewis,Hamilton,1985-01-07,British,mercedes,Mercedes,German,Lewis Hamilton,2019,2.0
24547,1027,20,6,5,2.0,2.0,2,2,18.0,71,1,0,2019,18,32,Mexican Grand Prix,2019-10-27,19:10:00,vettel,5,VET,Sebastian,Vettel,1987-07-03,German,ferrari,Ferrari,Italian,Sebastian Vettel,2019,0.0
24548,1027,822,131,77,6.0,3.0,3,3,15.0,71,1,0,2019,18,32,Mexican Grand Prix,2019-10-27,19:10:00,bottas,77,BOT,Valtteri,Bottas,1989-08-28,Finnish,mercedes,Mercedes,German,Valtteri Bottas,2019,3.0
24549,1027,844,6,16,1.0,4.0,4,4,13.0,71,1,0,2019,18,32,Mexican Grand Prix,2019-10-27,19:10:00,leclerc,16,LEC,Charles,Leclerc,1997-10-16,Monegasque,ferrari,Ferrari,Italian,Charles Leclerc,2019,-3.0
24550,1027,848,9,23,5.0,5.0,5,5,10.0,71,1,0,2019,18,32,Mexican Grand Prix,2019-10-27,19:10:00,albon,23,ALB,Alexander,Albon,1996-03-23,Thai,red_bull,Red Bull,Austrian,Alexander Albon,2019,0.0
24551,1027,830,9,33,4.0,6.0,6,6,8.0,71,1,0,2019,18,32,Mexican Grand Prix,2019-10-27,19:10:00,max_verstappen,33,VER,Max,Verstappen,1997-09-30,Dutch,red_bull,Red Bull,Austrian,Max Verstappen,2019,-2.0
24552,1027,815,211,11,11.0,7.0,7,7,6.0,71,1,0,2019,18,32,Mexican Grand Prix,2019-10-27,19:10:00,perez,11,PER,Sergio,Pérez,1990-01-26,Mexican,racing_point,Racing Point,British,Sergio Pérez,2019,4.0
24553,1027,817,4,3,13.0,8.0,8,8,4.0,71,1,0,2019,18,32,Mexican Grand Prix,2019-10-27,19:10:00,ricciardo,3,RIC,Daniel,Ricciardo,1989-07-01,Australian,renault,Renault,French,Daniel Ricciardo,2019,5.0
24554,1027,842,5,10,10.0,9.0,9,9,2.0,70,11,0,2019,18,32,Mexican Grand Prix,2019-10-27,19:10:00,gasly,10,GAS,Pierre,Gasly,1996-02-07,French,toro_rosso,Toro Rosso,Italian,Pierre Gasly,2019,1.0
24555,1027,807,4,27,12.0,10.0,10,10,1.0,70,11,0,2019,18,32,Mexican Grand Prix,2019-10-27,19:10:00,hulkenberg,27,HUL,Nico,Hülkenberg,1987-08-19,German,renault,Renault,French,Nico Hülkenberg,2019,2.0
24556,1027,826,5,26,9.0,11.0,11,11,0.0,70,11,0,2019,18,32,Mexican Grand Prix,2019-10-27,19:10:00,kvyat,26,KVY,Daniil,Kvyat,1994-04-26,Russian,toro_rosso,Toro Rosso,Italian,Daniil Kvyat,2019,-2.0
24557,1027,840,211,18,16.0,12.0,12,12,0.0,70,11,0,2019,18,32,Mexican Grand Prix,2019-10-27,19:10:00,stroll,18,STR,Lance,Stroll,1998-10-29,Canadian,racing_point,Racing Point,British,Lance Stroll,2019,4.0
24558,1027,832,1,55,7.0,13.0,13,13,0.0,70,11,0,2019,18,32,Mexican Grand Prix,2019-10-27,19:10:00,sainz,55,SAI,Carlos,Sainz,1994-09-01,Spanish,mclaren,McLaren,British,Carlos Sainz,2019,-6.0
24559,1027,841,51,99,15.0,14.0,14,14,0.0,70,11,0,2019,18,32,Mexican Grand Prix,2019-10-27,19:10:00,giovinazzi,99,GIO,Antonio,Giovinazzi,1993-12-14,Italian,alfa,Alfa Romeo,Swiss,Antonio Giovinazzi,2019,1.0
24560,1027,825,210,20,17.0,15.0,15,15,0.0,69,12,0,2019,18,32,Mexican Grand Prix,2019-10-27,19:10:00,kevin_magnussen,20,MAG,Kevin,Magnussen,1992-10-05,Danish,haas,Haas F1 Team,American,Kevin Magnussen,2019,2.0
24561,1027,847,3,63,19.0,16.0,16,16,0.0,69,12,0,2019,18,32,Mexican Grand Prix,2019-10-27,19:10:00,russell,63,RUS,George,Russell,1998-02-15,British,williams,Williams,British,George Russell,2019,3.0
24562,1027,154,210,8,18.0,17.0,17,17,0.0,69,12,0,2019,18,32,Mexican Grand Prix,2019-10-27,19:10:00,grosjean,8,GRO,Romain,Grosjean,1986-04-17,French,haas,Haas F1 Team,American,Romain Grosjean,2019,1.0
24563,1027,9,3,88,20.0,18.0,18,18,0.0,69,12,0,2019,18,32,Mexican Grand Prix,2019-10-27,19:10:00,kubica,88,KUB,Robert,Kubica,1984-12-07,Polish,williams,Williams,British,Robert Kubica,2019,2.0
24564,1027,8,51,7,14.0,0.0,R,19,0.0,58,25,1,2019,18,32,Mexican Grand Prix,2019-10-27,19:10:00,raikkonen,7,RAI,Kimi,Räikkönen,1979-10-17,Finnish,alfa,Alfa Romeo,Swiss,Kimi Räikkönen,2019,14.0
24565,1027,846,1,4,8.0,0.0,R,20,0.0,48,54,1,2019,18,32,Mexican Grand Prix,2019-10-27,19:10:00,norris,4,NOR,Lando,Norris,1999-11-13,British,mclaren,McLaren,British,Lando Norris,2019,8.0
24626,1031,822,131,77,1.0,1.0,1,1,25.0,71,1,0,2020,1,70,Austrian Grand Prix,2020-07-05,13:10:00,bottas,77,BOT,Valtteri,Bottas,1989-08-28,Finnish,mercedes,Mercedes,German,Valtteri Bottas,2020,0.0
24566,1028,822,131,77,1.0,1.0,1,1,25.0,56,1,0,2019,19,69,United States Grand Prix,2019-11-03,19:10:00,bottas,77,BOT,Valtteri,Bottas,1989-08-28,Finnish,mercedes,Mercedes,German,Valtteri Bottas,2019,0.0
24567,1028,1,131,44,5.0,2.0,2,2,18.0,56,1,0,2019,19,69,United States Grand Prix,2019-11-03,19:10:00,hamilton,44,HAM,Lewis,Hamilton,1985-01-07,British,mercedes,Mercedes,German,Lewis Hamilton,2019,3.0
24568,1028,830,9,33,3.0,3.0,3,3,15.0,56,1,0,2019,19,69,United States Grand Prix,2019-11-03,19:10:00,max_verstappen,33,VER,Max,Verstappen,1997-09-30,Dutch,red_bull,Red Bull,Austrian,Max Verstappen,2019,0.0
24569,1028,844,6,16,4.0,4.0,4,4,13.0,56,1,0,2019,19,69,United States Grand Prix,2019-11-03,19:10:00,leclerc,16,LEC,Charles,Leclerc,1997-10-16,Monegasque,ferrari,Ferrari,Italian,Charles Leclerc,2019,0.0
24570,1028,848,9,23,6.0,5.0,5,5,10.0,56,1,0,2019,19,69,United States Grand Prix,2019-11-03,19:10:00,albon,23,ALB,Alexander,Albon,1996-03-23,Thai,red_bull,Red Bull,Austrian,Alexander Albon,2019,1.0
24571,1028,817,4,3,9.0,6.0,6,6,8.0,56,1,0,2019,19,69,United States Grand Prix,2019-11-03,19:10:00,ricciardo,3,RIC,Daniel,Ricciardo,1989-07-01,Australian,renault,Renault,French,Daniel Ricciardo,2019,3.0
24572,1028,846,1,4,8.0,7.0,7,7,6.0,56,1,0,2019,19,69,United States Grand Prix,2019-11-03,19:10:00,norris,4,NOR,Lando,Norris,1999-11-13,British,mclaren,McLaren,British,Lando Norris,2019,1.0
24573,1028,832,1,55,7.0,8.0,8,8,4.0,55,11,0,2019,19,69,United States Grand Prix,2019-11-03,19:10:00,sainz,55,SAI,Carlos,Sainz,1994-09-01,Spanish,mclaren,McLaren,British,Carlos Sainz,2019,-1.0
24574,1028,807,4,27,11.0,9.0,9,9,2.0,55,11,0,2019,19,69,United States Grand Prix,2019-11-03,19:10:00,hulkenberg,27,HUL,Nico,Hülkenberg,1987-08-19,German,renault,Renault,French,Nico Hülkenberg,2019,2.0
24575,1028,815,211,11,0.0,10.0,10,10,1.0,55,11,0,2019,19,69,United States Grand Prix,2019-11-03,19:10:00,perez,11,PER,Sergio,Pérez,1990-01-26,Mexican,racing_point,Racing Point,British,Sergio Pérez,2019,-10.0
24576,1028,8,51,7,17.0,11.0,11,11,0.0,55,11,0,2019,19,69,United States Grand Prix,2019-11-03,19:10:00,raikkonen,7,RAI,Kimi,Räikkönen,1979-10-17,Finnish,alfa,Alfa Romeo,Swiss,Kimi Räikkönen,2019,6.0
24577,1028,826,5,26,13.0,12.0,12,12,0.0,55,11,0,2019,19,69,United States Grand Prix,2019-11-03,19:10:00,kvyat,26,KVY,Daniil,Kvyat,1994-04-26,Russian,toro_rosso,Toro Rosso,Italian,Daniil Kvyat,2019,1.0
24578,1028,840,211,18,14.0,13.0,13,13,0.0,55,11,0,2019,19,69,United States Grand Prix,2019-11-03,19:10:00,stroll,18,STR,Lance,Stroll,1998-10-29,Canadian,racing_point,Racing Point,British,Lance Stroll,2019,1.0
24579,1028,841,51,99,16.0,14.0,14,14,0.0,55,11,0,2019,19,69,United States Grand Prix,2019-11-03,19:10:00,giovinazzi,99,GIO,Antonio,Giovinazzi,1993-12-14,Italian,alfa,Alfa Romeo,Swiss,Antonio Giovinazzi,2019,2.0
24580,1028,154,210,8,15.0,15.0,15,15,0.0,55,11,0,2019,19,69,United States Grand Prix,2019-11-03,19:10:00,grosjean,8,GRO,Romain,Grosjean,1986-04-17,French,haas,Haas F1 Team,American,Romain Grosjean,2019,0.0
24581,1028,842,5,10,10.0,16.0,16,16,0.0,54,22,0,2019,19,69,United States Grand Prix,2019-11-03,19:10:00,gasly,10,GAS,Pierre,Gasly,1996-02-07,French,toro_rosso,Toro Rosso,Italian,Pierre Gasly,2019,-6.0
24582,1028,847,3,63,18.0,17.0,17,17,0.0,54,12,0,2019,19,69,United States Grand Prix,2019-11-03,19:10:00,russell,63,RUS,George,Russell,1998-02-15,British,williams,Williams,British,George Russell,2019,1.0
24583,1028,825,210,20,12.0,18.0,18,18,0.0,52,23,0,2019,19,69,United States Grand Prix,2019-11-03,19:10:00,kevin_magnussen,20,MAG,Kevin,Magnussen,1992-10-05,Danish,haas,Haas F1 Team,American,Kevin Magnussen,2019,-6.0
24584,1028,9,3,88,19.0,0.0,R,19,0.0,31,44,1,2019,19,69,United States Grand Prix,2019-11-03,19:10:00,kubica,88,KUB,Robert,Kubica,1984-12-07,Polish,williams,Williams,British,Robert Kubica,2019,19.0
24585,1028,20,6,5,2.0,0.0,R,20,0.0,7,22,1,2019,19,69,United States Grand Prix,2019-11-03,19:10:00,vettel,5,VET,Sebastian,Vettel,1987-07-03,German,ferrari,Ferrari,Italian,Sebastian Vettel,2019,2.0
24586,1029,830,9,33,1.0,1.0,1,1,25.0,71,1,0,2019,20,18,Brazilian Grand Prix,2019-11-17,17:10:00,max_verstappen,33,VER,Max,Verstappen,1997-09-30,Dutch,red_bull,Red Bull,Austrian,Max Verstappen,2019,0.0
24587,1029,842,5,10,6.0,2.0,2,2,18.0,71,1,0,2019,20,18,Brazilian Grand Prix,2019-11-17,17:10:00,gasly,10,GAS,Pierre,Gasly,1996-02-07,French,toro_rosso,Toro Rosso,Italian,Pierre Gasly,2019,4.0
24588,1029,832,1,55,20.0,3.0,3,3,15.0,71,1,0,2019,20,18,Brazilian Grand Prix,2019-11-17,17:10:00,sainz,55,SAI,Carlos,Sainz,1994-09-01,Spanish,mclaren,McLaren,British,Carlos Sainz,2019,17.0
24589,1029,8,51,7,8.0,4.0,4,4,12.0,71,1,0,2019,20,18,Brazilian Grand Prix,2019-11-17,17:10:00,raikkonen,7,RAI,Kimi,Räikkönen,1979-10-17,Finnish,alfa,Alfa Romeo,Swiss,Kimi Räikkönen,2019,4.0
24590,1029,841,51,99,12.0,5.0,5,5,10.0,71,1,0,2019,20,18,Brazilian Grand Prix,2019-11-17,17:10:00,giovinazzi,99,GIO,Antonio,Giovinazzi,1993-12-14,Italian,alfa,Alfa Romeo,Swiss,Antonio Giovinazzi,2019,7.0
24591,1029,817,4,3,11.0,6.0,6,6,8.0,71,1,0,2019,20,18,Brazilian Grand Prix,2019-11-17,17:10:00,ricciardo,3,RIC,Daniel,Ricciardo,1989-07-01,Australian,renault,Renault,French,Daniel Ricciardo,2019,5.0
24592,1029,1,131,44,3.0,7.0,7,7,6.0,71,1,0,2019,20,18,Brazilian Grand Prix,2019-11-17,17:10:00,hamilton,44,HAM,Lewis,Hamilton,1985-01-07,British,mercedes,Mercedes,German,Lewis Hamilton,2019,-4.0
24593,1029,846,1,4,10.0,8.0,8,8,4.0,71,1,0,2019,20,18,Brazilian Grand Prix,2019-11-17,17:10:00,norris,4,NOR,Lando,Norris,1999-11-13,British,mclaren,McLaren,British,Lando Norris,2019,2.0
24594,1029,815,211,11,15.0,9.0,9,9,2.0,71,1,0,2019,20,18,Brazilian Grand Prix,2019-11-17,17:10:00,perez,11,PER,Sergio,Pérez,1990-01-26,Mexican,racing_point,Racing Point,British,Sergio Pérez,2019,6.0
24595,1029,826,5,26,16.0,10.0,10,10,1.0,71,1,0,2019,20,18,Brazilian Grand Prix,2019-11-17,17:10:00,kvyat,26,KVY,Daniil,Kvyat,1994-04-26,Russian,toro_rosso,Toro Rosso,Italian,Daniil Kvyat,2019,6.0
24596,1029,825,210,20,9.0,11.0,11,11,0.0,71,1,0,2019,20,18,Brazilian Grand Prix,2019-11-17,17:10:00,kevin_magnussen,20,MAG,Kevin,Magnussen,1992-10-05,Danish,haas,Haas F1 Team,American,Kevin Magnussen,2019,-2.0
24597,1029,847,3,63,18.0,12.0,12,12,0.0,71,1,0,2019,20,18,Brazilian Grand Prix,2019-11-17,17:10:00,russell,63,RUS,George,Russell,1998-02-15,British,williams,Williams,British,George Russell,2019,6.0
24598,1029,154,210,8,7.0,13.0,13,13,0.0,71,1,0,2019,20,18,Brazilian Grand Prix,2019-11-17,17:10:00,grosjean,8,GRO,Romain,Grosjean,1986-04-17,French,haas,Haas F1 Team,American,Romain Grosjean,2019,-6.0
24599,1029,848,9,23,5.0,14.0,14,14,0.0,71,1,0,2019,20,18,Brazilian Grand Prix,2019-11-17,17:10:00,albon,23,ALB,Alexander,Albon,1996-03-23,Thai,red_bull,Red Bull,Austrian,Alexander Albon,2019,-9.0
24600,1029,807,4,27,13.0,15.0,15,15,0.0,71,1,0,2019,20,18,Brazilian Grand Prix,2019-11-17,17:10:00,hulkenberg,27,HUL,Nico,Hülkenberg,1987-08-19,German,renault,Renault,French,Nico Hülkenberg,2019,-2.0
24601,1029,9,3,88,19.0,16.0,16,16,0.0,70,11,0,2019,20,18,Brazilian Grand Prix,2019-11-17,17:10:00,kubica,88,KUB,Robert,Kubica,1984-12-07,Polish,williams,Williams,British,Robert Kubica,2019,3.0
24602,1029,20,6,5,2.0,17.0,17,17,0.0,65,4,0,2019,20,18,Brazilian Grand Prix,2019-11-17,17:10:00,vettel,5,VET,Sebastian,Vettel,1987-07-03,German,ferrari,Ferrari,Italian,Sebastian Vettel,2019,-15.0
24603,1029,844,6,16,14.0,18.0,18,18,0.0,65,4,0,2019,20,18,Brazilian Grand Prix,2019-11-17,17:10:00,leclerc,16,LEC,Charles,Leclerc,1997-10-16,Monegasque,ferrari,Ferrari,Italian,Charles Leclerc,2019,-4.0
24604,1029,840,211,18,17.0,19.0,19,19,0.0,65,22,0,2019,20,18,Brazilian Grand Prix,2019-11-17,17:10:00,stroll,18,STR,Lance,Stroll,1998-10-29,Canadian,racing_point,Racing Point,British,Lance Stroll,2019,-2.0
24605,1029,822,131,77,4.0,0.0,R,20,0.0,51,131,1,2019,20,18,Brazilian Grand Prix,2019-11-17,17:10:00,bottas,77,BOT,Valtteri,Bottas,1989-08-28,Finnish,mercedes,Mercedes,German,Valtteri Bottas,2019,4.0
24606,1030,1,131,44,1.0,1.0,1,1,26.0,55,1,0,2019,21,24,Abu Dhabi Grand Prix,2019-12-01,13:10:00,hamilton,44,HAM,Lewis,Hamilton,1985-01-07,British,mercedes,Mercedes,German,Lewis Hamilton,2019,0.0
24607,1030,830,9,33,2.0,2.0,2,2,18.0,55,1,0,2019,21,24,Abu Dhabi Grand Prix,2019-12-01,13:10:00,max_verstappen,33,VER,Max,Verstappen,1997-09-30,Dutch,red_bull,Red Bull,Austrian,Max Verstappen,2019,0.0
24608,1030,844,6,16,3.0,3.0,3,3,15.0,55,1,0,2019,21,24,Abu Dhabi Grand Prix,2019-12-01,13:10:00,leclerc,16,LEC,Charles,Leclerc,1997-10-16,Monegasque,ferrari,Ferrari,Italian,Charles Leclerc,2019,0.0
24609,1030,822,131,77,20.0,4.0,4,4,12.0,55,1,0,2019,21,24,Abu Dhabi Grand Prix,2019-12-01,13:10:00,bottas,77,BOT,Valtteri,Bottas,1989-08-28,Finnish,mercedes,Mercedes,German,Valtteri Bottas,2019,16.0
24610,1030,20,6,5,4.0,5.0,5,5,10.0,55,1,0,2019,21,24,Abu Dhabi Grand Prix,2019-12-01,13:10:00,vettel,5,VET,Sebastian,Vettel,1987-07-03,German,ferrari,Ferrari,Italian,Sebastian Vettel,2019,-1.0
24611,1030,848,9,23,5.0,6.0,6,6,8.0,55,1,0,2019,21,24,Abu Dhabi Grand Prix,2019-12-01,13:10:00,albon,23,ALB,Alexander,Albon,1996-03-23,Thai,red_bull,Red Bull,Austrian,Alexander Albon,2019,-1.0
24612,1030,815,211,11,10.0,7.0,7,7,6.0,54,11,0,2019,21,24,Abu Dhabi Grand Prix,2019-12-01,13:10:00,perez,11,PER,Sergio,Pérez,1990-01-26,Mexican,racing_point,Racing Point,British,Sergio Pérez,2019,3.0
24613,1030,846,1,4,6.0,8.0,8,8,4.0,54,11,0,2019,21,24,Abu Dhabi Grand Prix,2019-12-01,13:10:00,norris,4,NOR,Lando,Norris,1999-11-13,British,mclaren,McLaren,British,Lando Norris,2019,-2.0
24614,1030,826,5,26,13.0,9.0,9,9,2.0,54,11,0,2019,21,24,Abu Dhabi Grand Prix,2019-12-01,13:10:00,kvyat,26,KVY,Daniil,Kvyat,1994-04-26,Russian,toro_rosso,Toro Rosso,Italian,Daniil Kvyat,2019,4.0
24615,1030,832,1,55,8.0,10.0,10,10,1.0,54,11,0,2019,21,24,Abu Dhabi Grand Prix,2019-12-01,13:10:00,sainz,55,SAI,Carlos,Sainz,1994-09-01,Spanish,mclaren,McLaren,British,Carlos Sainz,2019,-2.0
24616,1030,817,4,3,7.0,11.0,11,11,0.0,54,11,0,2019,21,24,Abu Dhabi Grand Prix,2019-12-01,13:10:00,ricciardo,3,RIC,Daniel,Ricciardo,1989-07-01,Australian,renault,Renault,French,Daniel Ricciardo,2019,-4.0
24617,1030,807,4,27,9.0,12.0,12,12,0.0,54,11,0,2019,21,24,Abu Dhabi Grand Prix,2019-12-01,13:10:00,hulkenberg,27,HUL,Nico,Hülkenberg,1987-08-19,German,renault,Renault,French,Nico Hülkenberg,2019,-3.0
24618,1030,8,51,7,17.0,13.0,13,13,0.0,54,11,0,2019,21,24,Abu Dhabi Grand Prix,2019-12-01,13:10:00,raikkonen,7,RAI,Kimi,Räikkönen,1979-10-17,Finnish,alfa,Alfa Romeo,Swiss,Kimi Räikkönen,2019,4.0
24619,1030,825,210,20,14.0,14.0,14,14,0.0,54,11,0,2019,21,24,Abu Dhabi Grand Prix,2019-12-01,13:10:00,kevin_magnussen,20,MAG,Kevin,Magnussen,1992-10-05,Danish,haas,Haas F1 Team,American,Kevin Magnussen,2019,0.0
24620,1030,154,210,8,15.0,15.0,15,15,0.0,54,11,0,2019,21,24,Abu Dhabi Grand Prix,2019-12-01,13:10:00,grosjean,8,GRO,Romain,Grosjean,1986-04-17,French,haas,Haas F1 Team,American,Romain Grosjean,2019,0.0
24621,1030,841,51,99,16.0,16.0,16,16,0.0,54,11,0,2019,21,24,Abu Dhabi Grand Prix,2019-12-01,13:10:00,giovinazzi,99,GIO,Antonio,Giovinazzi,1993-12-14,Italian,alfa,Alfa Romeo,Swiss,Antonio Giovinazzi,2019,0.0
24622,1030,847,3,63,18.0,17.0,17,17,0.0,54,11,0,2019,21,24,Abu Dhabi Grand Prix,2019-12-01,13:10:00,russell,63,RUS,George,Russell,1998-02-15,British,williams,Williams,British,George Russell,2019,1.0
24623,1030,842,5,10,11.0,18.0,18,18,0.0,53,12,0,2019,21,24,Abu Dhabi Grand Prix,2019-12-01,13:10:00,gasly,10,GAS,Pierre,Gasly,1996-02-07,French,toro_rosso,Toro Rosso,Italian,Pierre Gasly,2019,-7.0
24624,1030,9,3,88,19.0,19.0,19,19,0.0,53,12,0,2019,21,24,Abu Dhabi Grand Prix,2019-12-01,13:10:00,kubica,88,KUB,Robert,Kubica,1984-12-07,Polish,williams,Williams,British,Robert Kubica,2019,0.0
24625,1030,840,211,18,12.0,0.0,R,20,0.0,45,23,1,2019,21,24,Abu Dhabi Grand Prix,2019-12-01,13:10:00,stroll,18,STR,Lance,Stroll,1998-10-29,Canadian,racing_point,Racing Point,British,Lance Stroll,2019,12.0
24627,1031,844,6,16,7.0,2.0,2,2,18.0,71,1,0,2020,1,70,Austrian Grand Prix,2020-07-05,13:10:00,leclerc,16,LEC,Charles,Leclerc,1997-10-16,Monegasque,ferrari,Ferrari,Italian,Charles Leclerc,2020,5.0
24628,1031,846,1,4,3.0,3.0,3,3,16.0,71,1,0,2020,1,70,Austrian Grand Prix,2020-07-05,13:10:00,norris,4,NOR,Lando,Norris,1999-11-13,British,mclaren,McLaren,British,Lando Norris,2020,0.0
24629,1031,1,131,44,5.0,4.0,4,4,12.0,71,1,0,2020,1,70,Austrian Grand Prix,2020-07-05,13:10:00,hamilton,44,HAM,Lewis,Hamilton,1985-01-07,British,mercedes,Mercedes,German,Lewis Hamilton,2020,1.0
24630,1031,832,1,55,8.0,5.0,5,5,10.0,71,1,0,2020,1,70,Austrian Grand Prix,2020-07-05,13:10:00,sainz,55,SAI,Carlos,Sainz,1994-09-01,Spanish,mclaren,McLaren,British,Carlos Sainz,2020,3.0
24631,1031,815,211,11,6.0,6.0,6,6,8.0,71,1,0,2020,1,70,Austrian Grand Prix,2020-07-05,13:10:00,perez,11,PER,Sergio,Pérez,1990-01-26,Mexican,racing_point,Racing Point,British,Sergio Pérez,2020,0.0
24632,1031,842,213,10,12.0,7.0,7,7,6.0,71,1,0,2020,1,70,Austrian Grand Prix,2020-07-05,13:10:00,gasly,10,GAS,Pierre,Gasly,1996-02-07,French,alphatauri,AlphaTauri,Italian,Pierre Gasly,2020,5.0
24633,1031,839,4,31,14.0,8.0,8,8,4.0,71,1,0,2020,1,70,Austrian Grand Prix,2020-07-05,13:10:00,ocon,31,OCO,Esteban,Ocon,1996-09-17,French,renault,Renault,French,Esteban Ocon,2020,6.0
24634,1031,841,51,99,18.0,9.0,9,9,2.0,71,1,0,2020,1,70,Austrian Grand Prix,2020-07-05,13:10:00,giovinazzi,99,GIO,Antonio,Giovinazzi,1993-12-14,Italian,alfa,Alfa Romeo,Swiss,Antonio Giovinazzi,2020,9.0
24635,1031,20,6,5,11.0,10.0,10,10,1.0,71,1,0,2020,1,70,Austrian Grand Prix,2020-07-05,13:10:00,vettel,5,VET,Sebastian,Vettel,1987-07-03,German,ferrari,Ferrari,Italian,Sebastian Vettel,2020,1.0
24636,1031,849,3,6,20.0,11.0,11,11,0.0,71,1,0,2020,1,70,Austrian Grand Prix,2020-07-05,13:10:00,latifi,6,LAT,Nicholas,Latifi,1995-06-29,Canadian,williams,Williams,British,Nicholas Latifi,2020,9.0
24637,1031,826,213,26,13.0,12.0,12,12,0.0,69,22,0,2020,1,70,Austrian Grand Prix,2020-07-05,13:10:00,kvyat,26,KVY,Daniil,Kvyat,1994-04-26,Russian,alphatauri,AlphaTauri,Italian,Daniil Kvyat,2020,1.0
24638,1031,848,9,23,4.0,13.0,13,13,0.0,67,40,0,2020,1,70,Austrian Grand Prix,2020-07-05,13:10:00,albon,23,ALB,Alexander,Albon,1996-03-23,Thai,red_bull,Red Bull,Austrian,Alexander Albon,2020,-9.0
24639,1031,8,51,7,19.0,0.0,R,14,0.0,53,36,1,2020,1,70,Austrian Grand Prix,2020-07-05,13:10:00,raikkonen,7,RAI,Kimi,Räikkönen,1979-10-17,Finnish,alfa,Alfa Romeo,Swiss,Kimi Räikkönen,2020,19.0
24640,1031,847,3,63,17.0,0.0,R,15,0.0,49,32,1,2020,1,70,Austrian Grand Prix,2020-07-05,13:10:00,russell,63,RUS,George,Russell,1998-02-15,British,williams,Williams,British,George Russell,2020,17.0
24641,1031,154,210,8,15.0,0.0,R,16,0.0,49,23,1,2020,1,70,Austrian Grand Prix,2020-07-05,13:10:00,grosjean,8,GRO,Romain,Grosjean,1986-04-17,French,haas,Haas F1 Team,American,Romain Grosjean,2020,15.0
24642,1031,825,210,20,16.0,0.0,R,17,0.0,24,23,1,2020,1,70,Austrian Grand Prix,2020-07-05,13:10:00,kevin_magnussen,20,MAG,Kevin,Magnussen,1992-10-05,Danish,haas,Haas F1 Team,American,Kevin Magnussen,2020,16.0
24643,1031,840,211,18,9.0,0.0,R,18,0.0,20,5,1,2020,1,70,Austrian Grand Prix,2020-07-05,13:10:00,stroll,18,STR,Lance,Stroll,1998-10-29,Canadian,racing_point,Racing Point,British,Lance Stroll,2020,9.0
24644,1031,817,4,3,10.0,0.0,R,19,0.0,17,25,1,2020,1,70,Austrian Grand Prix,2020-07-05,13:10:00,ricciardo,3,RIC,Daniel,Ricciardo,1989-07-01,Australian,renault,Renault,French,Daniel Ricciardo,2020,10.0
24645,1031,830,9,33,2.0,0.0,R,20,0.0,11,40,1,2020,1,70,Austrian Grand Prix,2020-07-05,13:10:00,max_verstappen,33,VER,Max,Verstappen,1997-09-30,Dutch,red_bull,Red Bull,Austrian,Max Verstappen,2020,2.0
24646,1032,1,131,44,1.0,1.0,1,1,25.0,71,1,0,2020,2,70,Styrian Grand Prix,2020-07-12,13:10:00,hamilton,44,HAM,Lewis,Hamilton,1985-01-07,British,mercedes,Mercedes,German,Lewis Hamilton,2020,0.0
24647,1032,822,131,77,4.0,2.0,2,2,18.0,71,1,0,2020,2,70,Styrian Grand Prix,2020-07-12,13:10:00,bottas,77,BOT,Valtteri,Bottas,1989-08-28,Finnish,mercedes,Mercedes,German,Valtteri Bottas,2020,2.0
24648,1032,830,9,33,2.0,3.0,3,3,15.0,71,1,0,2020,2,70,Styrian Grand Prix,2020-07-12,13:10:00,max_verstappen,33,VER,Max,Verstappen,1997-09-30,Dutch,red_bull,Red Bull,Austrian,Max Verstappen,2020,-1.0
24649,1032,848,9,23,6.0,4.0,4,4,12.0,71,1,0,2020,2,70,Styrian Grand Prix,2020-07-12,13:10:00,albon,23,ALB,Alexander,Albon,1996-03-23,Thai,red_bull,Red Bull,Austrian,Alexander Albon,2020,2.0
24650,1032,846,1,4,9.0,5.0,5,5,10.0,71,1,0,2020,2,70,Styrian Grand Prix,2020-07-12,13:10:00,norris,4,NOR,Lando,Norris,1999-11-13,British,mclaren,McLaren,British,Lando Norris,2020,4.0
24651,1032,815,211,11,17.0,6.0,6,6,8.0,71,1,0,2020,2,70,Styrian Grand Prix,2020-07-12,13:10:00,perez,11,PER,Sergio,Pérez,1990-01-26,Mexican,racing_point,Racing Point,British,Sergio Pérez,2020,11.0
24652,1032,840,211,18,12.0,7.0,7,7,6.0,71,1,0,2020,2,70,Styrian Grand Prix,2020-07-12,13:10:00,stroll,18,STR,Lance,Stroll,1998-10-29,Canadian,racing_point,Racing Point,British,Lance Stroll,2020,5.0
24653,1032,817,4,3,8.0,8.0,8,8,4.0,71,1,0,2020,2,70,Styrian Grand Prix,2020-07-12,13:10:00,ricciardo,3,RIC,Daniel,Ricciardo,1989-07-01,Australian,renault,Renault,French,Daniel Ricciardo,2020,0.0
24654,1032,832,1,55,3.0,9.0,9,9,3.0,70,11,0,2020,2,70,Styrian Grand Prix,2020-07-12,13:10:00,sainz,55,SAI,Carlos,Sainz,1994-09-01,Spanish,mclaren,McLaren,British,Carlos Sainz,2020,-6.0
24655,1032,826,213,26,13.0,10.0,10,10,1.0,70,11,0,2020,2,70,Styrian Grand Prix,2020-07-12,13:10:00,kvyat,26,KVY,Daniil,Kvyat,1994-04-26,Russian,alphatauri,AlphaTauri,Italian,Daniil Kvyat,2020,3.0
24656,1032,8,51,7,16.0,11.0,11,11,0.0,70,11,0,2020,2,70,Styrian Grand Prix,2020-07-12,13:10:00,raikkonen,7,RAI,Kimi,Räikkönen,1979-10-17,Finnish,alfa,Alfa Romeo,Swiss,Kimi Räikkönen,2020,5.0
24657,1032,825,210,20,15.0,12.0,12,12,0.0,70,11,0,2020,2,70,Styrian Grand Prix,2020-07-12,13:10:00,kevin_magnussen,20,MAG,Kevin,Magnussen,1992-10-05,Danish,haas,Haas F1 Team,American,Kevin Magnussen,2020,3.0
24658,1032,154,210,8,0.0,13.0,13,13,0.0,70,11,0,2020,2,70,Styrian Grand Prix,2020-07-12,13:10:00,grosjean,8,GRO,Romain,Grosjean,1986-04-17,French,haas,Haas F1 Team,American,Romain Grosjean,2020,-13.0
24659,1032,841,51,99,19.0,14.0,14,14,0.0,70,11,0,2020,2,70,Styrian Grand Prix,2020-07-12,13:10:00,giovinazzi,99,GIO,Antonio,Giovinazzi,1993-12-14,Italian,alfa,Alfa Romeo,Swiss,Antonio Giovinazzi,2020,5.0
24660,1032,842,213,10,7.0,15.0,15,15,0.0,70,11,0,2020,2,70,Styrian Grand Prix,2020-07-12,13:10:00,gasly,10,GAS,Pierre,Gasly,1996-02-07,French,alphatauri,AlphaTauri,Italian,Pierre Gasly,2020,-8.0
24661,1032,847,3,63,11.0,16.0,16,16,0.0,69,12,0,2020,2,70,Styrian Grand Prix,2020-07-12,13:10:00,russell,63,RUS,George,Russell,1998-02-15,British,williams,Williams,British,George Russell,2020,-5.0
24662,1032,849,3,6,18.0,17.0,17,17,0.0,69,12,0,2020,2,70,Styrian Grand Prix,2020-07-12,13:10:00,latifi,6,LAT,Nicholas,Latifi,1995-06-29,Canadian,williams,Williams,British,Nicholas Latifi,2020,1.0
24663,1032,839,4,31,5.0,0.0,R,18,0.0,25,25,1,2020,2,70,Styrian Grand Prix,2020-07-12,13:10:00,ocon,31,OCO,Esteban,Ocon,1996-09-17,French,renault,Renault,French,Esteban Ocon,2020,5.0
24664,1032,844,6,16,14.0,0.0,R,19,0.0,4,130,1,2020,2,70,Styrian Grand Prix,2020-07-12,13:10:00,leclerc,16,LEC,Charles,Leclerc,1997-10-16,Monegasque,ferrari,Ferrari,Italian,Charles Leclerc,2020,14.0
24665,1032,20,6,5,10.0,0.0,R,20,0.0,1,130,1,2020,2,70,Styrian Grand Prix,2020-07-12,13:10:00,vettel,5,VET,Sebastian,Vettel,1987-07-03,German,ferrari,Ferrari,Italian,Sebastian Vettel,2020,10.0
24666,1033,1,131,44,1.0,1.0,1,1,26.0,70,1,0,2020,3,11,Hungarian Grand Prix,2020-07-19,13:10:00,hamilton,44,HAM,Lewis,Hamilton,1985-01-07,British,mercedes,Mercedes,German,Lewis Hamilton,2020,0.0
24667,1033,830,9,33,7.0,2.0,2,2,18.0,70,1,0,2020,3,11,Hungarian Grand Prix,2020-07-19,13:10:00,max_verstappen,33,VER,Max,Verstappen,1997-09-30,Dutch,red_bull,Red Bull,Austrian,Max Verstappen,2020,5.0
24668,1033,822,131,77,2.0,3.0,3,3,15.0,70,1,0,2020,3,11,Hungarian Grand Prix,2020-07-19,13:10:00,bottas,77,BOT,Valtteri,Bottas,1989-08-28,Finnish,mercedes,Mercedes,German,Valtteri Bottas,2020,-1.0
24669,1033,840,211,18,3.0,4.0,4,4,12.0,70,1,0,2020,3,11,Hungarian Grand Prix,2020-07-19,13:10:00,stroll,18,STR,Lance,Stroll,1998-10-29,Canadian,racing_point,Racing Point,British,Lance Stroll,2020,-1.0
24670,1033,848,9,23,13.0,5.0,5,5,10.0,70,1,0,2020,3,11,Hungarian Grand Prix,2020-07-19,13:10:00,albon,23,ALB,Alexander,Albon,1996-03-23,Thai,red_bull,Red Bull,Austrian,Alexander Albon,2020,8.0
24671,1033,20,6,5,5.0,6.0,6,6,8.0,69,11,0,2020,3,11,Hungarian Grand Prix,2020-07-19,13:10:00,vettel,5,VET,Sebastian,Vettel,1987-07-03,German,ferrari,Ferrari,Italian,Sebastian Vettel,2020,-1.0
24672,1033,815,211,11,4.0,7.0,7,7,6.0,69,11,0,2020,3,11,Hungarian Grand Prix,2020-07-19,13:10:00,perez,11,PER,Sergio,Pérez,1990-01-26,Mexican,racing_point,Racing Point,British,Sergio Pérez,2020,-3.0
24673,1033,817,4,3,11.0,8.0,8,8,4.0,69,11,0,2020,3,11,Hungarian Grand Prix,2020-07-19,13:10:00,ricciardo,3,RIC,Daniel,Ricciardo,1989-07-01,Australian,renault,Renault,French,Daniel Ricciardo,2020,3.0
24674,1033,832,1,55,9.0,9.0,9,9,2.0,69,11,0,2020,3,11,Hungarian Grand Prix,2020-07-19,13:10:00,sainz,55,SAI,Carlos,Sainz,1994-09-01,Spanish,mclaren,McLaren,British,Carlos Sainz,2020,0.0
24675,1033,825,210,20,0.0,10.0,10,10,1.0,69,11,0,2020,3,11,Hungarian Grand Prix,2020-07-19,13:10:00,kevin_magnussen,20,MAG,Kevin,Magnussen,1992-10-05,Danish,haas,Haas F1 Team,American,Kevin Magnussen,2020,-10.0
24676,1033,844,6,16,6.0,11.0,11,11,0.0,69,11,0,2020,3,11,Hungarian Grand Prix,2020-07-19,13:10:00,leclerc,16,LEC,Charles,Leclerc,1997-10-16,Monegasque,ferrari,Ferrari,Italian,Charles Leclerc,2020,-5.0
24677,1033,826,213,26,17.0,12.0,12,12,0.0,69,11,0,2020,3,11,Hungarian Grand Prix,2020-07-19,13:10:00,kvyat,26,KVY,Daniil,Kvyat,1994-04-26,Russian,alphatauri,AlphaTauri,Italian,Daniil Kvyat,2020,5.0
24678,1033,846,1,4,8.0,13.0,13,13,0.0,69,11,0,2020,3,11,Hungarian Grand Prix,2020-07-19,13:10:00,norris,4,NOR,Lando,Norris,1999-11-13,British,mclaren,McLaren,British,Lando Norris,2020,-5.0
24679,1033,839,4,31,14.0,14.0,14,14,0.0,69,11,0,2020,3,11,Hungarian Grand Prix,2020-07-19,13:10:00,ocon,31,OCO,Esteban,Ocon,1996-09-17,French,renault,Renault,French,Esteban Ocon,2020,0.0
24680,1033,8,51,7,20.0,15.0,15,15,0.0,69,11,0,2020,3,11,Hungarian Grand Prix,2020-07-19,13:10:00,raikkonen,7,RAI,Kimi,Räikkönen,1979-10-17,Finnish,alfa,Alfa Romeo,Swiss,Kimi Räikkönen,2020,5.0
24681,1033,154,210,8,0.0,16.0,16,16,0.0,69,11,0,2020,3,11,Hungarian Grand Prix,2020-07-19,13:10:00,grosjean,8,GRO,Romain,Grosjean,1986-04-17,French,haas,Haas F1 Team,American,Romain Grosjean,2020,-16.0
24682,1033,841,51,99,19.0,17.0,17,17,0.0,69,11,0,2020,3,11,Hungarian Grand Prix,2020-07-19,13:10:00,giovinazzi,99,GIO,Antonio,Giovinazzi,1993-12-14,Italian,alfa,Alfa Romeo,Swiss,Antonio Giovinazzi,2020,2.0
24683,1033,847,3,63,12.0,18.0,18,18,0.0,69,11,0,2020,3,11,Hungarian Grand Prix,2020-07-19,13:10:00,russell,63,RUS,George,Russell,1998-02-15,British,williams,Williams,British,George Russell,2020,-6.0
24684,1033,849,3,6,15.0,19.0,19,19,0.0,65,15,0,2020,3,11,Hungarian Grand Prix,2020-07-19,13:10:00,latifi,6,LAT,Nicholas,Latifi,1995-06-29,Canadian,williams,Williams,British,Nicholas Latifi,2020,-4.0
24685,1033,842,213,10,10.0,0.0,R,20,0.0,15,5,1,2020,3,11,Hungarian Grand Prix,2020-07-19,13:10:00,gasly,10,GAS,Pierre,Gasly,1996-02-07,French,alphatauri,AlphaTauri,Italian,Pierre Gasly,2020,10.0
24686,1034,1,131,44,1.0,1.0,1,1,25.0,52,1,0,2020,4,9,British Grand Prix,2020-08-02,13:10:00,hamilton,44,HAM,Lewis,Hamilton,1985-01-07,British,mercedes,Mercedes,German,Lewis Hamilton,2020,0.0
24687,1034,830,9,33,3.0,2.0,2,2,19.0,52,1,0,2020,4,9,British Grand Prix,2020-08-02,13:10:00,max_verstappen,33,VER,Max,Verstappen,1997-09-30,Dutch,red_bull,Red Bull,Austrian,Max Verstappen,2020,1.0
24688,1034,844,6,16,4.0,3.0,3,3,15.0,52,1,0,2020,4,9,British Grand Prix,2020-08-02,13:10:00,leclerc,16,LEC,Charles,Leclerc,1997-10-16,Monegasque,ferrari,Ferrari,Italian,Charles Leclerc,2020,1.0
24689,1034,817,4,3,8.0,4.0,4,4,12.0,52,1,0,2020,4,9,British Grand Prix,2020-08-02,13:10:00,ricciardo,3,RIC,Daniel,Ricciardo,1989-07-01,Australian,renault,Renault,French,Daniel Ricciardo,2020,4.0
24690,1034,846,1,4,5.0,5.0,5,5,10.0,52,1,0,2020,4,9,British Grand Prix,2020-08-02,13:10:00,norris,4,NOR,Lando,Norris,1999-11-13,British,mclaren,McLaren,British,Lando Norris,2020,0.0
24691,1034,839,4,31,9.0,6.0,6,6,8.0,52,1,0,2020,4,9,British Grand Prix,2020-08-02,13:10:00,ocon,31,OCO,Esteban,Ocon,1996-09-17,French,renault,Renault,French,Esteban Ocon,2020,3.0
24692,1034,842,213,10,11.0,7.0,7,7,6.0,52,1,0,2020,4,9,British Grand Prix,2020-08-02,13:10:00,gasly,10,GAS,Pierre,Gasly,1996-02-07,French,alphatauri,AlphaTauri,Italian,Pierre Gasly,2020,4.0
24693,1034,848,9,23,12.0,8.0,8,8,4.0,52,1,0,2020,4,9,British Grand Prix,2020-08-02,13:10:00,albon,23,ALB,Alexander,Albon,1996-03-23,Thai,red_bull,Red Bull,Austrian,Alexander Albon,2020,4.0
24694,1034,840,211,18,6.0,9.0,9,9,2.0,52,1,0,2020,4,9,British Grand Prix,2020-08-02,13:10:00,stroll,18,STR,Lance,Stroll,1998-10-29,Canadian,racing_point,Racing Point,British,Lance Stroll,2020,-3.0
24695,1034,20,6,5,10.0,10.0,10,10,1.0,52,1,0,2020,4,9,British Grand Prix,2020-08-02,13:10:00,vettel,5,VET,Sebastian,Vettel,1987-07-03,German,ferrari,Ferrari,Italian,Sebastian Vettel,2020,0.0
24696,1034,822,131,77,2.0,11.0,11,11,0.0,52,1,0,2020,4,9,British Grand Prix,2020-08-02,13:10:00,bottas,77,BOT,Valtteri,Bottas,1989-08-28,Finnish,mercedes,Mercedes,German,Valtteri Bottas,2020,-9.0
24697,1034,847,3,63,20.0,12.0,12,12,0.0,52,1,0,2020,4,9,British Grand Prix,2020-08-02,13:10:00,russell,63,RUS,George,Russell,1998-02-15,British,williams,Williams,British,George Russell,2020,8.0
24698,1034,832,1,55,7.0,13.0,13,13,0.0,52,1,0,2020,4,9,British Grand Prix,2020-08-02,13:10:00,sainz,55,SAI,Carlos,Sainz,1994-09-01,Spanish,mclaren,McLaren,British,Carlos Sainz,2020,-6.0
24699,1034,841,51,99,15.0,14.0,14,14,0.0,52,1,0,2020,4,9,British Grand Prix,2020-08-02,13:10:00,giovinazzi,99,GIO,Antonio,Giovinazzi,1993-12-14,Italian,alfa,Alfa Romeo,Swiss,Antonio Giovinazzi,2020,1.0
24700,1034,849,3,6,18.0,15.0,15,15,0.0,52,1,0,2020,4,9,British Grand Prix,2020-08-02,13:10:00,latifi,6,LAT,Nicholas,Latifi,1995-06-29,Canadian,williams,Williams,British,Nicholas Latifi,2020,3.0
24701,1034,154,210,8,17.0,16.0,16,16,0.0,52,1,0,2020,4,9,British Grand Prix,2020-08-02,13:10:00,grosjean,8,GRO,Romain,Grosjean,1986-04-17,French,haas,Haas F1 Team,American,Romain Grosjean,2020,1.0
24702,1034,8,51,7,16.0,17.0,17,17,0.0,51,11,0,2020,4,9,British Grand Prix,2020-08-02,13:10:00,raikkonen,7,RAI,Kimi,Räikkönen,1979-10-17,Finnish,alfa,Alfa Romeo,Swiss,Kimi Räikkönen,2020,-1.0
24703,1034,826,213,26,19.0,0.0,R,18,0.0,11,3,1,2020,4,9,British Grand Prix,2020-08-02,13:10:00,kvyat,26,KVY,Daniil,Kvyat,1994-04-26,Russian,alphatauri,AlphaTauri,Italian,Daniil Kvyat,2020,19.0
24704,1034,825,210,20,14.0,0.0,R,19,0.0,1,4,1,2020,4,9,British Grand Prix,2020-08-02,13:10:00,kevin_magnussen,20,MAG,Kevin,Magnussen,1992-10-05,Danish,haas,Haas F1 Team,American,Kevin Magnussen,2020,14.0
24705,1034,807,211,27,13.0,0.0,W,20,0.0,0,131,1,2020,4,9,British Grand Prix,2020-08-02,13:10:00,hulkenberg,27,HUL,Nico,Hülkenberg,1987-08-19,German,racing_point,Racing Point,British,Nico Hülkenberg,2020,13.0
24706,1035,830,9,33,4.0,1.0,1,1,25.0,52,1,0,2020,5,9,70th Anniversary Grand Prix,2020-08-09,13:10:00,max_verstappen,33,VER,Max,Verstappen,1997-09-30,Dutch,red_bull,Red Bull,Austrian,Max Verstappen,2020,3.0
24707,1035,1,131,44,2.0,2.0,2,2,19.0,52,1,0,2020,5,9,70th Anniversary Grand Prix,2020-08-09,13:10:00,hamilton,44,HAM,Lewis,Hamilton,1985-01-07,British,mercedes,Mercedes,German,Lewis Hamilton,2020,0.0
24708,1035,822,131,77,1.0,3.0,3,3,15.0,52,1,0,2020,5,9,70th Anniversary Grand Prix,2020-08-09,13:10:00,bottas,77,BOT,Valtteri,Bottas,1989-08-28,Finnish,mercedes,Mercedes,German,Valtteri Bottas,2020,-2.0
24709,1035,844,6,16,8.0,4.0,4,4,12.0,52,1,0,2020,5,9,70th Anniversary Grand Prix,2020-08-09,13:10:00,leclerc,16,LEC,Charles,Leclerc,1997-10-16,Monegasque,ferrari,Ferrari,Italian,Charles Leclerc,2020,4.0
24710,1035,848,9,23,9.0,5.0,5,5,10.0,52,1,0,2020,5,9,70th Anniversary Grand Prix,2020-08-09,13:10:00,albon,23,ALB,Alexander,Albon,1996-03-23,Thai,red_bull,Red Bull,Austrian,Alexander Albon,2020,4.0
24711,1035,840,211,18,6.0,6.0,6,6,8.0,52,1,0,2020,5,9,70th Anniversary Grand Prix,2020-08-09,13:10:00,stroll,18,STR,Lance,Stroll,1998-10-29,Canadian,racing_point,Racing Point,British,Lance Stroll,2020,0.0
24712,1035,807,211,27,3.0,7.0,7,7,6.0,52,1,0,2020,5,9,70th Anniversary Grand Prix,2020-08-09,13:10:00,hulkenberg,27,HUL,Nico,Hülkenberg,1987-08-19,German,racing_point,Racing Point,British,Nico Hülkenberg,2020,-4.0
24713,1035,839,4,31,14.0,8.0,8,8,4.0,52,1,0,2020,5,9,70th Anniversary Grand Prix,2020-08-09,13:10:00,ocon,31,OCO,Esteban,Ocon,1996-09-17,French,renault,Renault,French,Esteban Ocon,2020,6.0
24714,1035,846,1,4,10.0,9.0,9,9,2.0,52,1,0,2020,5,9,70th Anniversary Grand Prix,2020-08-09,13:10:00,norris,4,NOR,Lando,Norris,1999-11-13,British,mclaren,McLaren,British,Lando Norris,2020,1.0
24715,1035,826,213,26,16.0,10.0,10,10,1.0,52,1,0,2020,5,9,70th Anniversary Grand Prix,2020-08-09,13:10:00,kvyat,26,KVY,Daniil,Kvyat,1994-04-26,Russian,alphatauri,AlphaTauri,Italian,Daniil Kvyat,2020,6.0
24716,1035,842,213,10,7.0,11.0,11,11,0.0,52,1,0,2020,5,9,70th Anniversary Grand Prix,2020-08-09,13:10:00,gasly,10,GAS,Pierre,Gasly,1996-02-07,French,alphatauri,AlphaTauri,Italian,Pierre Gasly,2020,-4.0
24717,1035,20,6,5,11.0,12.0,12,12,0.0,52,1,0,2020,5,9,70th Anniversary Grand Prix,2020-08-09,13:10:00,vettel,5,VET,Sebastian,Vettel,1987-07-03,German,ferrari,Ferrari,Italian,Sebastian Vettel,2020,-1.0
24718,1035,832,1,55,12.0,13.0,13,13,0.0,52,1,0,2020,5,9,70th Anniversary Grand Prix,2020-08-09,13:10:00,sainz,55,SAI,Carlos,Sainz,1994-09-01,Spanish,mclaren,McLaren,British,Carlos Sainz,2020,-1.0
24719,1035,817,4,3,5.0,14.0,14,14,0.0,51,11,0,2020,5,9,70th Anniversary Grand Prix,2020-08-09,13:10:00,ricciardo,3,RIC,Daniel,Ricciardo,1989-07-01,Australian,renault,Renault,French,Daniel Ricciardo,2020,-9.0
24720,1035,8,51,7,20.0,15.0,15,15,0.0,51,11,0,2020,5,9,70th Anniversary Grand Prix,2020-08-09,13:10:00,raikkonen,7,RAI,Kimi,Räikkönen,1979-10-17,Finnish,alfa,Alfa Romeo,Swiss,Kimi Räikkönen,2020,5.0
24721,1035,154,210,8,13.0,16.0,16,16,0.0,51,11,0,2020,5,9,70th Anniversary Grand Prix,2020-08-09,13:10:00,grosjean,8,GRO,Romain,Grosjean,1986-04-17,French,haas,Haas F1 Team,American,Romain Grosjean,2020,-3.0
24722,1035,841,51,99,19.0,17.0,17,17,0.0,51,11,0,2020,5,9,70th Anniversary Grand Prix,2020-08-09,13:10:00,giovinazzi,99,GIO,Antonio,Giovinazzi,1993-12-14,Italian,alfa,Alfa Romeo,Swiss,Antonio Giovinazzi,2020,2.0
24723,1035,847,3,63,15.0,18.0,18,18,0.0,51,11,0,2020,5,9,70th Anniversary Grand Prix,2020-08-09,13:10:00,russell,63,RUS,George,Russell,1998-02-15,British,williams,Williams,British,George Russell,2020,-3.0
24724,1035,849,3,6,18.0,19.0,19,19,0.0,51,11,0,2020,5,9,70th Anniversary Grand Prix,2020-08-09,13:10:00,latifi,6,LAT,Nicholas,Latifi,1995-06-29,Canadian,williams,Williams,British,Nicholas Latifi,2020,-1.0
24725,1035,825,210,20,17.0,0.0,R,20,0.0,43,31,1,2020,5,9,70th Anniversary Grand Prix,2020-08-09,13:10:00,kevin_magnussen,20,MAG,Kevin,Magnussen,1992-10-05,Danish,haas,Haas F1 Team,American,Kevin Magnussen,2020,17.0
24726,1036,1,131,44,1.0,1.0,1,1,25.0,66,1,0,2020,6,4,Spanish Grand Prix,2020-08-16,13:10:00,hamilton,44,HAM,Lewis,Hamilton,1985-01-07,British,mercedes,Mercedes,German,Lewis Hamilton,2020,0.0
24727,1036,830,9,33,3.0,2.0,2,2,18.0,66,1,0,2020,6,4,Spanish Grand Prix,2020-08-16,13:10:00,max_verstappen,33,VER,Max,Verstappen,1997-09-30,Dutch,red_bull,Red Bull,Austrian,Max Verstappen,2020,1.0
24728,1036,822,131,77,2.0,3.0,3,3,16.0,66,1,0,2020,6,4,Spanish Grand Prix,2020-08-16,13:10:00,bottas,77,BOT,Valtteri,Bottas,1989-08-28,Finnish,mercedes,Mercedes,German,Valtteri Bottas,2020,-1.0
24729,1036,840,211,18,5.0,4.0,4,4,12.0,65,11,0,2020,6,4,Spanish Grand Prix,2020-08-16,13:10:00,stroll,18,STR,Lance,Stroll,1998-10-29,Canadian,racing_point,Racing Point,British,Lance Stroll,2020,1.0
24730,1036,815,211,11,4.0,5.0,5,5,10.0,65,11,0,2020,6,4,Spanish Grand Prix,2020-08-16,13:10:00,perez,11,PER,Sergio,Pérez,1990-01-26,Mexican,racing_point,Racing Point,British,Sergio Pérez,2020,-1.0
24731,1036,832,1,55,7.0,6.0,6,6,8.0,65,11,0,2020,6,4,Spanish Grand Prix,2020-08-16,13:10:00,sainz,55,SAI,Carlos,Sainz,1994-09-01,Spanish,mclaren,McLaren,British,Carlos Sainz,2020,1.0
24732,1036,20,6,5,11.0,7.0,7,7,6.0,65,11,0,2020,6,4,Spanish Grand Prix,2020-08-16,13:10:00,vettel,5,VET,Sebastian,Vettel,1987-07-03,German,ferrari,Ferrari,Italian,Sebastian Vettel,2020,4.0
24733,1036,848,9,23,6.0,8.0,8,8,4.0,65,11,0,2020,6,4,Spanish Grand Prix,2020-08-16,13:10:00,albon,23,ALB,Alexander,Albon,1996-03-23,Thai,red_bull,Red Bull,Austrian,Alexander Albon,2020,-2.0
24734,1036,842,213,10,10.0,9.0,9,9,2.0,65,11,0,2020,6,4,Spanish Grand Prix,2020-08-16,13:10:00,gasly,10,GAS,Pierre,Gasly,1996-02-07,French,alphatauri,AlphaTauri,Italian,Pierre Gasly,2020,1.0
24735,1036,846,1,4,8.0,10.0,10,10,1.0,65,11,0,2020,6,4,Spanish Grand Prix,2020-08-16,13:10:00,norris,4,NOR,Lando,Norris,1999-11-13,British,mclaren,McLaren,British,Lando Norris,2020,-2.0
24736,1036,817,4,3,13.0,11.0,11,11,0.0,65,11,0,2020,6,4,Spanish Grand Prix,2020-08-16,13:10:00,ricciardo,3,RIC,Daniel,Ricciardo,1989-07-01,Australian,renault,Renault,French,Daniel Ricciardo,2020,2.0
24737,1036,826,213,26,12.0,12.0,12,12,0.0,65,11,0,2020,6,4,Spanish Grand Prix,2020-08-16,13:10:00,kvyat,26,KVY,Daniil,Kvyat,1994-04-26,Russian,alphatauri,AlphaTauri,Italian,Daniil Kvyat,2020,0.0
24738,1036,839,4,31,15.0,13.0,13,13,0.0,65,11,0,2020,6,4,Spanish Grand Prix,2020-08-16,13:10:00,ocon,31,OCO,Esteban,Ocon,1996-09-17,French,renault,Renault,French,Esteban Ocon,2020,2.0
24739,1036,8,51,7,14.0,14.0,14,14,0.0,65,11,0,2020,6,4,Spanish Grand Prix,2020-08-16,13:10:00,raikkonen,7,RAI,Kimi,Räikkönen,1979-10-17,Finnish,alfa,Alfa Romeo,Swiss,Kimi Räikkönen,2020,0.0
24740,1036,825,210,20,16.0,15.0,15,15,0.0,65,11,0,2020,6,4,Spanish Grand Prix,2020-08-16,13:10:00,kevin_magnussen,20,MAG,Kevin,Magnussen,1992-10-05,Danish,haas,Haas F1 Team,American,Kevin Magnussen,2020,1.0
24741,1036,841,51,99,20.0,16.0,16,16,0.0,65,11,0,2020,6,4,Spanish Grand Prix,2020-08-16,13:10:00,giovinazzi,99,GIO,Antonio,Giovinazzi,1993-12-14,Italian,alfa,Alfa Romeo,Swiss,Antonio Giovinazzi,2020,4.0
24742,1036,847,3,63,18.0,17.0,17,17,0.0,65,11,0,2020,6,4,Spanish Grand Prix,2020-08-16,13:10:00,russell,63,RUS,George,Russell,1998-02-15,British,williams,Williams,British,George Russell,2020,1.0
24743,1036,849,3,6,19.0,18.0,18,18,0.0,64,12,0,2020,6,4,Spanish Grand Prix,2020-08-16,13:10:00,latifi,6,LAT,Nicholas,Latifi,1995-06-29,Canadian,williams,Williams,British,Nicholas Latifi,2020,1.0
24744,1036,154,210,8,17.0,19.0,19,19,0.0,64,12,0,2020,6,4,Spanish Grand Prix,2020-08-16,13:10:00,grosjean,8,GRO,Romain,Grosjean,1986-04-17,French,haas,Haas F1 Team,American,Romain Grosjean,2020,-2.0
24745,1036,844,6,16,9.0,0.0,R,20,0.0,38,40,1,2020,6,4,Spanish Grand Prix,2020-08-16,13:10:00,leclerc,16,LEC,Charles,Leclerc,1997-10-16,Monegasque,ferrari,Ferrari,Italian,Charles Leclerc,2020,9.0
24746,1037,1,131,44,1.0,1.0,1,1,25.0,44,1,0,2020,7,13,Belgian Grand Prix,2020-08-30,13:10:00,hamilton,44,HAM,Lewis,Hamilton,1985-01-07,British,mercedes,Mercedes,German,Lewis Hamilton,2020,0.0
24747,1037,822,131,77,2.0,2.0,2,2,18.0,44,1,0,2020,7,13,Belgian Grand Prix,2020-08-30,13:10:00,bottas,77,BOT,Valtteri,Bottas,1989-08-28,Finnish,mercedes,Mercedes,German,Valtteri Bottas,2020,0.0
24748,1037,830,9,33,3.0,3.0,3,3,15.0,44,1,0,2020,7,13,Belgian Grand Prix,2020-08-30,13:10:00,max_verstappen,33,VER,Max,Verstappen,1997-09-30,Dutch,red_bull,Red Bull,Austrian,Max Verstappen,2020,0.0
24749,1037,817,4,3,4.0,4.0,4,4,13.0,44,1,0,2020,7,13,Belgian Grand Prix,2020-08-30,13:10:00,ricciardo,3,RIC,Daniel,Ricciardo,1989-07-01,Australian,renault,Renault,French,Daniel Ricciardo,2020,0.0
24750,1037,839,4,31,6.0,5.0,5,5,10.0,44,1,0,2020,7,13,Belgian Grand Prix,2020-08-30,13:10:00,ocon,31,OCO,Esteban,Ocon,1996-09-17,French,renault,Renault,French,Esteban Ocon,2020,1.0
24751,1037,848,9,23,5.0,6.0,6,6,8.0,44,1,0,2020,7,13,Belgian Grand Prix,2020-08-30,13:10:00,albon,23,ALB,Alexander,Albon,1996-03-23,Thai,red_bull,Red Bull,Austrian,Alexander Albon,2020,-1.0
24752,1037,846,1,4,10.0,7.0,7,7,6.0,44,1,0,2020,7,13,Belgian Grand Prix,2020-08-30,13:10:00,norris,4,NOR,Lando,Norris,1999-11-13,British,mclaren,McLaren,British,Lando Norris,2020,3.0
24753,1037,842,213,10,12.0,8.0,8,8,4.0,44,1,0,2020,7,13,Belgian Grand Prix,2020-08-30,13:10:00,gasly,10,GAS,Pierre,Gasly,1996-02-07,French,alphatauri,AlphaTauri,Italian,Pierre Gasly,2020,4.0
24754,1037,840,211,18,9.0,9.0,9,9,2.0,44,1,0,2020,7,13,Belgian Grand Prix,2020-08-30,13:10:00,stroll,18,STR,Lance,Stroll,1998-10-29,Canadian,racing_point,Racing Point,British,Lance Stroll,2020,0.0
24755,1037,815,211,11,8.0,10.0,10,10,1.0,44,1,0,2020,7,13,Belgian Grand Prix,2020-08-30,13:10:00,perez,11,PER,Sergio,Pérez,1990-01-26,Mexican,racing_point,Racing Point,British,Sergio Pérez,2020,-2.0
24756,1037,826,213,26,11.0,11.0,11,11,0.0,44,1,0,2020,7,13,Belgian Grand Prix,2020-08-30,13:10:00,kvyat,26,KVY,Daniil,Kvyat,1994-04-26,Russian,alphatauri,AlphaTauri,Italian,Daniil Kvyat,2020,0.0
24757,1037,8,51,7,16.0,12.0,12,12,0.0,44,1,0,2020,7,13,Belgian Grand Prix,2020-08-30,13:10:00,raikkonen,7,RAI,Kimi,Räikkönen,1979-10-17,Finnish,alfa,Alfa Romeo,Swiss,Kimi Räikkönen,2020,4.0
24758,1037,20,6,5,14.0,13.0,13,13,0.0,44,1,0,2020,7,13,Belgian Grand Prix,2020-08-30,13:10:00,vettel,5,VET,Sebastian,Vettel,1987-07-03,German,ferrari,Ferrari,Italian,Sebastian Vettel,2020,1.0
24759,1037,844,6,16,13.0,14.0,14,14,0.0,44,1,0,2020,7,13,Belgian Grand Prix,2020-08-30,13:10:00,leclerc,16,LEC,Charles,Leclerc,1997-10-16,Monegasque,ferrari,Ferrari,Italian,Charles Leclerc,2020,-1.0
24760,1037,154,210,8,17.0,15.0,15,15,0.0,44,1,0,2020,7,13,Belgian Grand Prix,2020-08-30,13:10:00,grosjean,8,GRO,Romain,Grosjean,1986-04-17,French,haas,Haas F1 Team,American,Romain Grosjean,2020,2.0
24761,1037,849,3,6,19.0,16.0,16,16,0.0,44,1,0,2020,7,13,Belgian Grand Prix,2020-08-30,13:10:00,latifi,6,LAT,Nicholas,Latifi,1995-06-29,Canadian,williams,Williams,British,Nicholas Latifi,2020,3.0
24762,1037,825,210,20,20.0,17.0,17,17,0.0,44,1,0,2020,7,13,Belgian Grand Prix,2020-08-30,13:10:00,kevin_magnussen,20,MAG,Kevin,Magnussen,1992-10-05,Danish,haas,Haas F1 Team,American,Kevin Magnussen,2020,3.0
24763,1037,841,51,99,18.0,0.0,R,18,0.0,9,3,1,2020,7,13,Belgian Grand Prix,2020-08-30,13:10:00,giovinazzi,99,GIO,Antonio,Giovinazzi,1993-12-14,Italian,alfa,Alfa Romeo,Swiss,Antonio Giovinazzi,2020,18.0
24764,1037,847,3,63,15.0,0.0,R,19,0.0,9,138,1,2020,7,13,Belgian Grand Prix,2020-08-30,13:10:00,russell,63,RUS,George,Russell,1998-02-15,British,williams,Williams,British,George Russell,2020,15.0
24765,1037,832,1,55,7.0,0.0,W,20,0.0,0,43,1,2020,7,13,Belgian Grand Prix,2020-08-30,13:10:00,sainz,55,SAI,Carlos,Sainz,1994-09-01,Spanish,mclaren,McLaren,British,Carlos Sainz,2020,7.0
24766,1038,842,213,10,10.0,1.0,1,1,25.0,53,1,0,2020,8,14,Italian Grand Prix,2020-09-06,13:10:00,gasly,10,GAS,Pierre,Gasly,1996-02-07,French,alphatauri,AlphaTauri,Italian,Pierre Gasly,2020,9.0
24767,1038,832,1,55,3.0,2.0,2,2,18.0,53,1,0,2020,8,14,Italian Grand Prix,2020-09-06,13:10:00,sainz,55,SAI,Carlos,Sainz,1994-09-01,Spanish,mclaren,McLaren,British,Carlos Sainz,2020,1.0
24768,1038,840,211,18,8.0,3.0,3,3,15.0,53,1,0,2020,8,14,Italian Grand Prix,2020-09-06,13:10:00,stroll,18,STR,Lance,Stroll,1998-10-29,Canadian,racing_point,Racing Point,British,Lance Stroll,2020,5.0
24769,1038,846,1,4,6.0,4.0,4,4,12.0,53,1,0,2020,8,14,Italian Grand Prix,2020-09-06,13:10:00,norris,4,NOR,Lando,Norris,1999-11-13,British,mclaren,McLaren,British,Lando Norris,2020,2.0
24770,1038,822,131,77,2.0,5.0,5,5,10.0,53,1,0,2020,8,14,Italian Grand Prix,2020-09-06,13:10:00,bottas,77,BOT,Valtteri,Bottas,1989-08-28,Finnish,mercedes,Mercedes,German,Valtteri Bottas,2020,-3.0
24771,1038,817,4,3,7.0,6.0,6,6,8.0,53,1,0,2020,8,14,Italian Grand Prix,2020-09-06,13:10:00,ricciardo,3,RIC,Daniel,Ricciardo,1989-07-01,Australian,renault,Renault,French,Daniel Ricciardo,2020,1.0
24772,1038,1,131,44,1.0,7.0,7,7,7.0,53,1,0,2020,8,14,Italian Grand Prix,2020-09-06,13:10:00,hamilton,44,HAM,Lewis,Hamilton,1985-01-07,British,mercedes,Mercedes,German,Lewis Hamilton,2020,-6.0
24773,1038,839,4,31,12.0,8.0,8,8,4.0,53,1,0,2020,8,14,Italian Grand Prix,2020-09-06,13:10:00,ocon,31,OCO,Esteban,Ocon,1996-09-17,French,renault,Renault,French,Esteban Ocon,2020,4.0
24774,1038,826,213,26,11.0,9.0,9,9,2.0,53,1,0,2020,8,14,Italian Grand Prix,2020-09-06,13:10:00,kvyat,26,KVY,Daniil,Kvyat,1994-04-26,Russian,alphatauri,AlphaTauri,Italian,Daniil Kvyat,2020,2.0
24775,1038,815,211,11,4.0,10.0,10,10,1.0,53,1,0,2020,8,14,Italian Grand Prix,2020-09-06,13:10:00,perez,11,PER,Sergio,Pérez,1990-01-26,Mexican,racing_point,Racing Point,British,Sergio Pérez,2020,-6.0
24776,1038,849,3,6,20.0,11.0,11,11,0.0,53,1,0,2020,8,14,Italian Grand Prix,2020-09-06,13:10:00,latifi,6,LAT,Nicholas,Latifi,1995-06-29,Canadian,williams,Williams,British,Nicholas Latifi,2020,9.0
24777,1038,154,210,8,16.0,12.0,12,12,0.0,53,1,0,2020,8,14,Italian Grand Prix,2020-09-06,13:10:00,grosjean,8,GRO,Romain,Grosjean,1986-04-17,French,haas,Haas F1 Team,American,Romain Grosjean,2020,4.0
24778,1038,8,51,7,14.0,13.0,13,13,0.0,53,1,0,2020,8,14,Italian Grand Prix,2020-09-06,13:10:00,raikkonen,7,RAI,Kimi,Räikkönen,1979-10-17,Finnish,alfa,Alfa Romeo,Swiss,Kimi Räikkönen,2020,1.0
24779,1038,847,3,63,19.0,14.0,14,14,0.0,53,1,0,2020,8,14,Italian Grand Prix,2020-09-06,13:10:00,russell,63,RUS,George,Russell,1998-02-15,British,williams,Williams,British,George Russell,2020,5.0
24780,1038,848,9,23,9.0,15.0,15,15,0.0,53,1,0,2020,8,14,Italian Grand Prix,2020-09-06,13:10:00,albon,23,ALB,Alexander,Albon,1996-03-23,Thai,red_bull,Red Bull,Austrian,Alexander Albon,2020,-6.0
24781,1038,841,51,99,18.0,16.0,16,16,0.0,53,1,0,2020,8,14,Italian Grand Prix,2020-09-06,13:10:00,giovinazzi,99,GIO,Antonio,Giovinazzi,1993-12-14,Italian,alfa,Alfa Romeo,Swiss,Antonio Giovinazzi,2020,2.0
24782,1038,830,9,33,5.0,0.0,R,17,0.0,30,131,1,2020,8,14,Italian Grand Prix,2020-09-06,13:10:00,max_verstappen,33,VER,Max,Verstappen,1997-09-30,Dutch,red_bull,Red Bull,Austrian,Max Verstappen,2020,5.0
24783,1038,844,6,16,13.0,0.0,R,18,0.0,23,3,1,2020,8,14,Italian Grand Prix,2020-09-06,13:10:00,leclerc,16,LEC,Charles,Leclerc,1997-10-16,Monegasque,ferrari,Ferrari,Italian,Charles Leclerc,2020,13.0
24784,1038,825,210,20,15.0,0.0,R,19,0.0,17,131,1,2020,8,14,Italian Grand Prix,2020-09-06,13:10:00,kevin_magnussen,20,MAG,Kevin,Magnussen,1992-10-05,Danish,haas,Haas F1 Team,American,Kevin Magnussen,2020,15.0
24785,1038,20,6,5,17.0,0.0,R,20,0.0,6,23,1,2020,8,14,Italian Grand Prix,2020-09-06,13:10:00,vettel,5,VET,Sebastian,Vettel,1987-07-03,German,ferrari,Ferrari,Italian,Sebastian Vettel,2020,17.0
24786,1039,1,131,44,1.0,1.0,1,1,26.0,59,1,0,2020,9,76,Tuscan Grand Prix,2020-09-13,13:10:00,hamilton,44,HAM,Lewis,Hamilton,1985-01-07,British,mercedes,Mercedes,German,Lewis Hamilton,2020,0.0
24787,1039,822,131,77,2.0,2.0,2,2,18.0,59,1,0,2020,9,76,Tuscan Grand Prix,2020-09-13,13:10:00,bottas,77,BOT,Valtteri,Bottas,1989-08-28,Finnish,mercedes,Mercedes,German,Valtteri Bottas,2020,0.0
24788,1039,848,9,23,4.0,3.0,3,3,15.0,59,1,0,2020,9,76,Tuscan Grand Prix,2020-09-13,13:10:00,albon,23,ALB,Alexander,Albon,1996-03-23,Thai,red_bull,Red Bull,Austrian,Alexander Albon,2020,1.0
24789,1039,817,4,3,8.0,4.0,4,4,12.0,59,1,0,2020,9,76,Tuscan Grand Prix,2020-09-13,13:10:00,ricciardo,3,RIC,Daniel,Ricciardo,1989-07-01,Australian,renault,Renault,French,Daniel Ricciardo,2020,4.0
24790,1039,815,211,11,7.0,5.0,5,5,10.0,59,1,0,2020,9,76,Tuscan Grand Prix,2020-09-13,13:10:00,perez,11,PER,Sergio,Pérez,1990-01-26,Mexican,racing_point,Racing Point,British,Sergio Pérez,2020,2.0
24791,1039,846,1,4,11.0,6.0,6,6,8.0,59,1,0,2020,9,76,Tuscan Grand Prix,2020-09-13,13:10:00,norris,4,NOR,Lando,Norris,1999-11-13,British,mclaren,McLaren,British,Lando Norris,2020,5.0
24792,1039,826,213,26,12.0,7.0,7,7,6.0,59,1,0,2020,9,76,Tuscan Grand Prix,2020-09-13,13:10:00,kvyat,26,KVY,Daniil,Kvyat,1994-04-26,Russian,alphatauri,AlphaTauri,Italian,Daniil Kvyat,2020,5.0
24793,1039,844,6,16,5.0,8.0,8,8,4.0,59,1,0,2020,9,76,Tuscan Grand Prix,2020-09-13,13:10:00,leclerc,16,LEC,Charles,Leclerc,1997-10-16,Monegasque,ferrari,Ferrari,Italian,Charles Leclerc,2020,-3.0
24794,1039,8,51,7,13.0,9.0,9,9,2.0,59,1,0,2020,9,76,Tuscan Grand Prix,2020-09-13,13:10:00,raikkonen,7,RAI,Kimi,Räikkönen,1979-10-17,Finnish,alfa,Alfa Romeo,Swiss,Kimi Räikkönen,2020,4.0
24795,1039,20,6,5,14.0,10.0,10,10,1.0,59,1,0,2020,9,76,Tuscan Grand Prix,2020-09-13,13:10:00,vettel,5,VET,Sebastian,Vettel,1987-07-03,German,ferrari,Ferrari,Italian,Sebastian Vettel,2020,4.0
24796,1039,847,3,63,18.0,11.0,11,11,0.0,59,1,0,2020,9,76,Tuscan Grand Prix,2020-09-13,13:10:00,russell,63,RUS,George,Russell,1998-02-15,British,williams,Williams,British,George Russell,2020,7.0
24797,1039,154,210,8,15.0,12.0,12,12,0.0,59,1,0,2020,9,76,Tuscan Grand Prix,2020-09-13,13:10:00,grosjean,8,GRO,Romain,Grosjean,1986-04-17,French,haas,Haas F1 Team,American,Romain Grosjean,2020,3.0
24798,1039,840,211,18,6.0,0.0,R,13,0.0,42,29,1,2020,9,76,Tuscan Grand Prix,2020-09-13,13:10:00,stroll,18,STR,Lance,Stroll,1998-10-29,Canadian,racing_point,Racing Point,British,Lance Stroll,2020,6.0
24799,1039,839,4,31,10.0,0.0,R,14,0.0,7,23,1,2020,9,76,Tuscan Grand Prix,2020-09-13,13:10:00,ocon,31,OCO,Esteban,Ocon,1996-09-17,French,renault,Renault,French,Esteban Ocon,2020,10.0
24800,1039,849,3,6,19.0,0.0,R,15,0.0,6,4,1,2020,9,76,Tuscan Grand Prix,2020-09-13,13:10:00,latifi,6,LAT,Nicholas,Latifi,1995-06-29,Canadian,williams,Williams,British,Nicholas Latifi,2020,19.0
24801,1039,825,210,20,20.0,0.0,R,16,0.0,5,4,1,2020,9,76,Tuscan Grand Prix,2020-09-13,13:10:00,kevin_magnussen,20,MAG,Kevin,Magnussen,1992-10-05,Danish,haas,Haas F1 Team,American,Kevin Magnussen,2020,20.0
24802,1039,841,51,99,17.0,0.0,R,17,0.0,5,4,1,2020,9,76,Tuscan Grand Prix,2020-09-13,13:10:00,giovinazzi,99,GIO,Antonio,Giovinazzi,1993-12-14,Italian,alfa,Alfa Romeo,Swiss,Antonio Giovinazzi,2020,17.0
24803,1039,832,1,55,9.0,0.0,R,18,0.0,5,4,1,2020,9,76,Tuscan Grand Prix,2020-09-13,13:10:00,sainz,55,SAI,Carlos,Sainz,1994-09-01,Spanish,mclaren,McLaren,British,Carlos Sainz,2020,9.0
24804,1039,830,9,33,3.0,0.0,R,19,0.0,0,4,1,2020,9,76,Tuscan Grand Prix,2020-09-13,13:10:00,max_verstappen,33,VER,Max,Verstappen,1997-09-30,Dutch,red_bull,Red Bull,Austrian,Max Verstappen,2020,3.0
24805,1039,842,213,10,16.0,0.0,R,20,0.0,0,4,1,2020,9,76,Tuscan Grand Prix,2020-09-13,13:10:00,gasly,10,GAS,Pierre,Gasly,1996-02-07,French,alphatauri,AlphaTauri,Italian,Pierre Gasly,2020,16.0
24806,1040,822,131,77,3.0,1.0,1,1,26.0,53,1,0,2020,10,71,Russian Grand Prix,2020-09-27,11:10:00,bottas,77,BOT,Valtteri,Bottas,1989-08-28,Finnish,mercedes,Mercedes,German,Valtteri Bottas,2020,2.0
24807,1040,830,9,33,2.0,2.0,2,2,18.0,53,1,0,2020,10,71,Russian Grand Prix,2020-09-27,11:10:00,max_verstappen,33,VER,Max,Verstappen,1997-09-30,Dutch,red_bull,Red Bull,Austrian,Max Verstappen,2020,0.0
24808,1040,1,131,44,1.0,3.0,3,3,15.0,53,1,0,2020,10,71,Russian Grand Prix,2020-09-27,11:10:00,hamilton,44,HAM,Lewis,Hamilton,1985-01-07,British,mercedes,Mercedes,German,Lewis Hamilton,2020,-2.0
24809,1040,815,211,11,4.0,4.0,4,4,12.0,53,1,0,2020,10,71,Russian Grand Prix,2020-09-27,11:10:00,perez,11,PER,Sergio,Pérez,1990-01-26,Mexican,racing_point,Racing Point,British,Sergio Pérez,2020,0.0
24810,1040,817,4,3,5.0,5.0,5,5,10.0,53,1,0,2020,10,71,Russian Grand Prix,2020-09-27,11:10:00,ricciardo,3,RIC,Daniel,Ricciardo,1989-07-01,Australian,renault,Renault,French,Daniel Ricciardo,2020,0.0
24811,1040,844,6,16,10.0,6.0,6,6,8.0,53,1,0,2020,10,71,Russian Grand Prix,2020-09-27,11:10:00,leclerc,16,LEC,Charles,Leclerc,1997-10-16,Monegasque,ferrari,Ferrari,Italian,Charles Leclerc,2020,4.0
24812,1040,839,4,31,7.0,7.0,7,7,6.0,53,1,0,2020,10,71,Russian Grand Prix,2020-09-27,11:10:00,ocon,31,OCO,Esteban,Ocon,1996-09-17,French,renault,Renault,French,Esteban Ocon,2020,0.0
24813,1040,826,213,26,11.0,8.0,8,8,4.0,53,1,0,2020,10,71,Russian Grand Prix,2020-09-27,11:10:00,kvyat,26,KVY,Daniil,Kvyat,1994-04-26,Russian,alphatauri,AlphaTauri,Italian,Daniil Kvyat,2020,3.0
24814,1040,842,213,10,9.0,9.0,9,9,2.0,53,1,0,2020,10,71,Russian Grand Prix,2020-09-27,11:10:00,gasly,10,GAS,Pierre,Gasly,1996-02-07,French,alphatauri,AlphaTauri,Italian,Pierre Gasly,2020,0.0
24815,1040,848,9,23,15.0,10.0,10,10,1.0,53,1,0,2020,10,71,Russian Grand Prix,2020-09-27,11:10:00,albon,23,ALB,Alexander,Albon,1996-03-23,Thai,red_bull,Red Bull,Austrian,Alexander Albon,2020,5.0
24816,1040,841,51,99,17.0,11.0,11,11,0.0,52,11,0,2020,10,71,Russian Grand Prix,2020-09-27,11:10:00,giovinazzi,99,GIO,Antonio,Giovinazzi,1993-12-14,Italian,alfa,Alfa Romeo,Swiss,Antonio Giovinazzi,2020,6.0
24817,1040,825,210,20,18.0,12.0,12,12,0.0,52,11,0,2020,10,71,Russian Grand Prix,2020-09-27,11:10:00,kevin_magnussen,20,MAG,Kevin,Magnussen,1992-10-05,Danish,haas,Haas F1 Team,American,Kevin Magnussen,2020,6.0
24818,1040,20,6,5,14.0,13.0,13,13,0.0,52,11,0,2020,10,71,Russian Grand Prix,2020-09-27,11:10:00,vettel,5,VET,Sebastian,Vettel,1987-07-03,German,ferrari,Ferrari,Italian,Sebastian Vettel,2020,1.0
24819,1040,8,51,7,19.0,14.0,14,14,0.0,52,11,0,2020,10,71,Russian Grand Prix,2020-09-27,11:10:00,raikkonen,7,RAI,Kimi,Räikkönen,1979-10-17,Finnish,alfa,Alfa Romeo,Swiss,Kimi Räikkönen,2020,5.0
24820,1040,846,1,4,8.0,15.0,15,15,0.0,52,11,0,2020,10,71,Russian Grand Prix,2020-09-27,11:10:00,norris,4,NOR,Lando,Norris,1999-11-13,British,mclaren,McLaren,British,Lando Norris,2020,-7.0
24821,1040,849,3,6,20.0,16.0,16,16,0.0,52,11,0,2020,10,71,Russian Grand Prix,2020-09-27,11:10:00,latifi,6,LAT,Nicholas,Latifi,1995-06-29,Canadian,williams,Williams,British,Nicholas Latifi,2020,4.0
24822,1040,154,210,8,16.0,17.0,17,17,0.0,52,11,0,2020,10,71,Russian Grand Prix,2020-09-27,11:10:00,grosjean,8,GRO,Romain,Grosjean,1986-04-17,French,haas,Haas F1 Team,American,Romain Grosjean,2020,-1.0
24823,1040,847,3,63,13.0,18.0,18,18,0.0,52,11,0,2020,10,71,Russian Grand Prix,2020-09-27,11:10:00,russell,63,RUS,George,Russell,1998-02-15,British,williams,Williams,British,George Russell,2020,-5.0
24824,1040,832,1,55,6.0,0.0,R,19,0.0,0,3,1,2020,10,71,Russian Grand Prix,2020-09-27,11:10:00,sainz,55,SAI,Carlos,Sainz,1994-09-01,Spanish,mclaren,McLaren,British,Carlos Sainz,2020,6.0
24825,1040,840,211,18,12.0,0.0,R,20,0.0,0,4,1,2020,10,71,Russian Grand Prix,2020-09-27,11:10:00,stroll,18,STR,Lance,Stroll,1998-10-29,Canadian,racing_point,Racing Point,British,Lance Stroll,2020,12.0
24826,1041,1,131,44,2.0,1.0,1,1,25.0,60,1,0,2020,11,20,Eifel Grand Prix,2020-10-11,13:10:00,hamilton,44,HAM,Lewis,Hamilton,1985-01-07,British,mercedes,Mercedes,German,Lewis Hamilton,2020,1.0
24827,1041,830,9,33,3.0,2.0,2,2,19.0,60,1,0,2020,11,20,Eifel Grand Prix,2020-10-11,13:10:00,max_verstappen,33,VER,Max,Verstappen,1997-09-30,Dutch,red_bull,Red Bull,Austrian,Max Verstappen,2020,1.0
24828,1041,817,4,3,6.0,3.0,3,3,15.0,60,1,0,2020,11,20,Eifel Grand Prix,2020-10-11,13:10:00,ricciardo,3,RIC,Daniel,Ricciardo,1989-07-01,Australian,renault,Renault,French,Daniel Ricciardo,2020,3.0
24829,1041,815,211,11,9.0,4.0,4,4,12.0,60,1,0,2020,11,20,Eifel Grand Prix,2020-10-11,13:10:00,perez,11,PER,Sergio,Pérez,1990-01-26,Mexican,racing_point,Racing Point,British,Sergio Pérez,2020,5.0
24830,1041,832,1,55,10.0,5.0,5,5,10.0,60,1,0,2020,11,20,Eifel Grand Prix,2020-10-11,13:10:00,sainz,55,SAI,Carlos,Sainz,1994-09-01,Spanish,mclaren,McLaren,British,Carlos Sainz,2020,5.0
24831,1041,842,213,10,12.0,6.0,6,6,8.0,60,1,0,2020,11,20,Eifel Grand Prix,2020-10-11,13:10:00,gasly,10,GAS,Pierre,Gasly,1996-02-07,French,alphatauri,AlphaTauri,Italian,Pierre Gasly,2020,6.0
24832,1041,844,6,16,4.0,7.0,7,7,6.0,60,1,0,2020,11,20,Eifel Grand Prix,2020-10-11,13:10:00,leclerc,16,LEC,Charles,Leclerc,1997-10-16,Monegasque,ferrari,Ferrari,Italian,Charles Leclerc,2020,-3.0
24833,1041,807,211,27,20.0,8.0,8,8,4.0,60,1,0,2020,11,20,Eifel Grand Prix,2020-10-11,13:10:00,hulkenberg,27,HUL,Nico,Hülkenberg,1987-08-19,German,racing_point,Racing Point,British,Nico Hülkenberg,2020,12.0
24834,1041,154,210,8,16.0,9.0,9,9,2.0,60,1,0,2020,11,20,Eifel Grand Prix,2020-10-11,13:10:00,grosjean,8,GRO,Romain,Grosjean,1986-04-17,French,haas,Haas F1 Team,American,Romain Grosjean,2020,7.0
24835,1041,841,51,99,14.0,10.0,10,10,1.0,60,1,0,2020,11,20,Eifel Grand Prix,2020-10-11,13:10:00,giovinazzi,99,GIO,Antonio,Giovinazzi,1993-12-14,Italian,alfa,Alfa Romeo,Swiss,Antonio Giovinazzi,2020,4.0
24836,1041,20,6,5,11.0,11.0,11,11,0.0,60,1,0,2020,11,20,Eifel Grand Prix,2020-10-11,13:10:00,vettel,5,VET,Sebastian,Vettel,1987-07-03,German,ferrari,Ferrari,Italian,Sebastian Vettel,2020,0.0
24837,1041,8,51,7,19.0,12.0,12,12,0.0,60,1,0,2020,11,20,Eifel Grand Prix,2020-10-11,13:10:00,raikkonen,7,RAI,Kimi,Räikkönen,1979-10-17,Finnish,alfa,Alfa Romeo,Swiss,Kimi Räikkönen,2020,7.0
24838,1041,825,210,20,15.0,13.0,13,13,0.0,60,1,0,2020,11,20,Eifel Grand Prix,2020-10-11,13:10:00,kevin_magnussen,20,MAG,Kevin,Magnussen,1992-10-05,Danish,haas,Haas F1 Team,American,Kevin Magnussen,2020,2.0
24839,1041,849,3,6,18.0,14.0,14,14,0.0,60,1,0,2020,11,20,Eifel Grand Prix,2020-10-11,13:10:00,latifi,6,LAT,Nicholas,Latifi,1995-06-29,Canadian,williams,Williams,British,Nicholas Latifi,2020,4.0
24840,1041,826,213,26,13.0,15.0,15,15,0.0,60,1,0,2020,11,20,Eifel Grand Prix,2020-10-11,13:10:00,kvyat,26,KVY,Daniil,Kvyat,1994-04-26,Russian,alphatauri,AlphaTauri,Italian,Daniil Kvyat,2020,-2.0
24841,1041,846,1,4,8.0,0.0,R,16,0.0,42,131,1,2020,11,20,Eifel Grand Prix,2020-10-11,13:10:00,norris,4,NOR,Lando,Norris,1999-11-13,British,mclaren,McLaren,British,Lando Norris,2020,8.0
24842,1041,848,9,23,5.0,0.0,R,17,0.0,23,21,1,2020,11,20,Eifel Grand Prix,2020-10-11,13:10:00,albon,23,ALB,Alexander,Albon,1996-03-23,Thai,red_bull,Red Bull,Austrian,Alexander Albon,2020,5.0
24843,1041,839,4,31,7.0,0.0,R,18,0.0,22,6,1,2020,11,20,Eifel Grand Prix,2020-10-11,13:10:00,ocon,31,OCO,Esteban,Ocon,1996-09-17,French,renault,Renault,French,Esteban Ocon,2020,7.0
24844,1041,822,131,77,1.0,0.0,R,19,0.0,18,131,1,2020,11,20,Eifel Grand Prix,2020-10-11,13:10:00,bottas,77,BOT,Valtteri,Bottas,1989-08-28,Finnish,mercedes,Mercedes,German,Valtteri Bottas,2020,1.0
24845,1041,847,3,63,17.0,0.0,R,20,0.0,12,4,1,2020,11,20,Eifel Grand Prix,2020-10-11,13:10:00,russell,63,RUS,George,Russell,1998-02-15,British,williams,Williams,British,George Russell,2020,17.0
24846,1042,1,131,44,1.0,1.0,1,1,26.0,66,1,0,2020,12,75,Portuguese Grand Prix,2020-10-25,12:10:00,hamilton,44,HAM,Lewis,Hamilton,1985-01-07,British,mercedes,Mercedes,German,Lewis Hamilton,2020,0.0
24847,1042,822,131,77,2.0,2.0,2,2,18.0,66,1,0,2020,12,75,Portuguese Grand Prix,2020-10-25,12:10:00,bottas,77,BOT,Valtteri,Bottas,1989-08-28,Finnish,mercedes,Mercedes,German,Valtteri Bottas,2020,0.0
24848,1042,830,9,33,3.0,3.0,3,3,15.0,66,1,0,2020,12,75,Portuguese Grand Prix,2020-10-25,12:10:00,max_verstappen,33,VER,Max,Verstappen,1997-09-30,Dutch,red_bull,Red Bull,Austrian,Max Verstappen,2020,0.0
24849,1042,844,6,16,4.0,4.0,4,4,12.0,66,1,0,2020,12,75,Portuguese Grand Prix,2020-10-25,12:10:00,leclerc,16,LEC,Charles,Leclerc,1997-10-16,Monegasque,ferrari,Ferrari,Italian,Charles Leclerc,2020,0.0
24850,1042,842,213,10,9.0,5.0,5,5,10.0,65,11,0,2020,12,75,Portuguese Grand Prix,2020-10-25,12:10:00,gasly,10,GAS,Pierre,Gasly,1996-02-07,French,alphatauri,AlphaTauri,Italian,Pierre Gasly,2020,4.0
24851,1042,832,1,55,7.0,6.0,6,6,8.0,65,11,0,2020,12,75,Portuguese Grand Prix,2020-10-25,12:10:00,sainz,55,SAI,Carlos,Sainz,1994-09-01,Spanish,mclaren,McLaren,British,Carlos Sainz,2020,1.0
24852,1042,815,211,11,5.0,7.0,7,7,6.0,65,11,0,2020,12,75,Portuguese Grand Prix,2020-10-25,12:10:00,perez,11,PER,Sergio,Pérez,1990-01-26,Mexican,racing_point,Racing Point,British,Sergio Pérez,2020,-2.0
24853,1042,839,4,31,11.0,8.0,8,8,4.0,65,11,0,2020,12,75,Portuguese Grand Prix,2020-10-25,12:10:00,ocon,31,OCO,Esteban,Ocon,1996-09-17,French,renault,Renault,French,Esteban Ocon,2020,3.0
24854,1042,817,4,3,10.0,9.0,9,9,2.0,65,11,0,2020,12,75,Portuguese Grand Prix,2020-10-25,12:10:00,ricciardo,3,RIC,Daniel,Ricciardo,1989-07-01,Australian,renault,Renault,French,Daniel Ricciardo,2020,1.0
24855,1042,20,6,5,15.0,10.0,10,10,1.0,65,11,0,2020,12,75,Portuguese Grand Prix,2020-10-25,12:10:00,vettel,5,VET,Sebastian,Vettel,1987-07-03,German,ferrari,Ferrari,Italian,Sebastian Vettel,2020,5.0
24856,1042,8,51,7,16.0,11.0,11,11,0.0,65,11,0,2020,12,75,Portuguese Grand Prix,2020-10-25,12:10:00,raikkonen,7,RAI,Kimi,Räikkönen,1979-10-17,Finnish,alfa,Alfa Romeo,Swiss,Kimi Räikkönen,2020,5.0
24857,1042,848,9,23,6.0,12.0,12,12,0.0,65,11,0,2020,12,75,Portuguese Grand Prix,2020-10-25,12:10:00,albon,23,ALB,Alexander,Albon,1996-03-23,Thai,red_bull,Red Bull,Austrian,Alexander Albon,2020,-6.0
24858,1042,846,1,4,8.0,13.0,13,13,0.0,65,11,0,2020,12,75,Portuguese Grand Prix,2020-10-25,12:10:00,norris,4,NOR,Lando,Norris,1999-11-13,British,mclaren,McLaren,British,Lando Norris,2020,-5.0
24859,1042,847,3,63,14.0,14.0,14,14,0.0,65,11,0,2020,12,75,Portuguese Grand Prix,2020-10-25,12:10:00,russell,63,RUS,George,Russell,1998-02-15,British,williams,Williams,British,George Russell,2020,0.0
24860,1042,841,51,99,17.0,15.0,15,15,0.0,65,11,0,2020,12,75,Portuguese Grand Prix,2020-10-25,12:10:00,giovinazzi,99,GIO,Antonio,Giovinazzi,1993-12-14,Italian,alfa,Alfa Romeo,Swiss,Antonio Giovinazzi,2020,2.0
24861,1042,825,210,20,19.0,16.0,16,16,0.0,65,11,0,2020,12,75,Portuguese Grand Prix,2020-10-25,12:10:00,kevin_magnussen,20,MAG,Kevin,Magnussen,1992-10-05,Danish,haas,Haas F1 Team,American,Kevin Magnussen,2020,3.0
24862,1042,154,210,8,18.0,17.0,17,17,0.0,65,11,0,2020,12,75,Portuguese Grand Prix,2020-10-25,12:10:00,grosjean,8,GRO,Romain,Grosjean,1986-04-17,French,haas,Haas F1 Team,American,Romain Grosjean,2020,1.0
24863,1042,849,3,6,20.0,18.0,18,18,0.0,64,12,0,2020,12,75,Portuguese Grand Prix,2020-10-25,12:10:00,latifi,6,LAT,Nicholas,Latifi,1995-06-29,Canadian,williams,Williams,British,Nicholas Latifi,2020,2.0
24864,1042,826,213,26,13.0,19.0,19,19,0.0,64,12,0,2020,12,75,Portuguese Grand Prix,2020-10-25,12:10:00,kvyat,26,KVY,Daniil,Kvyat,1994-04-26,Russian,alphatauri,AlphaTauri,Italian,Daniil Kvyat,2020,-6.0
24865,1042,840,211,18,12.0,0.0,R,20,0.0,51,130,1,2020,12,75,Portuguese Grand Prix,2020-10-25,12:10:00,stroll,18,STR,Lance,Stroll,1998-10-29,Canadian,racing_point,Racing Point,British,Lance Stroll,2020,12.0
24866,1043,1,131,44,2.0,1.0,1,1,26.0,63,1,0,2020,13,21,Emilia Romagna Grand Prix,2020-11-01,12:10:00,hamilton,44,HAM,Lewis,Hamilton,1985-01-07,British,mercedes,Mercedes,German,Lewis Hamilton,2020,1.0
24867,1043,822,131,77,1.0,2.0,2,2,18.0,63,1,0,2020,13,21,Emilia Romagna Grand Prix,2020-11-01,12:10:00,bottas,77,BOT,Valtteri,Bottas,1989-08-28,Finnish,mercedes,Mercedes,German,Valtteri Bottas,2020,-1.0
24868,1043,817,4,3,5.0,3.0,3,3,15.0,63,1,0,2020,13,21,Emilia Romagna Grand Prix,2020-11-01,12:10:00,ricciardo,3,RIC,Daniel,Ricciardo,1989-07-01,Australian,renault,Renault,French,Daniel Ricciardo,2020,2.0
24869,1043,826,213,26,8.0,4.0,4,4,12.0,63,1,0,2020,13,21,Emilia Romagna Grand Prix,2020-11-01,12:10:00,kvyat,26,KVY,Daniil,Kvyat,1994-04-26,Russian,alphatauri,AlphaTauri,Italian,Daniil Kvyat,2020,4.0
24870,1043,844,6,16,7.0,5.0,5,5,10.0,63,1,0,2020,13,21,Emilia Romagna Grand Prix,2020-11-01,12:10:00,leclerc,16,LEC,Charles,Leclerc,1997-10-16,Monegasque,ferrari,Ferrari,Italian,Charles Leclerc,2020,2.0
24871,1043,815,211,11,11.0,6.0,6,6,8.0,63,1,0,2020,13,21,Emilia Romagna Grand Prix,2020-11-01,12:10:00,perez,11,PER,Sergio,Pérez,1990-01-26,Mexican,racing_point,Racing Point,British,Sergio Pérez,2020,5.0
24872,1043,832,1,55,10.0,7.0,7,7,6.0,63,1,0,2020,13,21,Emilia Romagna Grand Prix,2020-11-01,12:10:00,sainz,55,SAI,Carlos,Sainz,1994-09-01,Spanish,mclaren,McLaren,British,Carlos Sainz,2020,3.0
24873,1043,846,1,4,9.0,8.0,8,8,4.0,63,1,0,2020,13,21,Emilia Romagna Grand Prix,2020-11-01,12:10:00,norris,4,NOR,Lando,Norris,1999-11-13,British,mclaren,McLaren,British,Lando Norris,2020,1.0
24874,1043,8,51,7,18.0,9.0,9,9,2.0,63,1,0,2020,13,21,Emilia Romagna Grand Prix,2020-11-01,12:10:00,raikkonen,7,RAI,Kimi,Räikkönen,1979-10-17,Finnish,alfa,Alfa Romeo,Swiss,Kimi Räikkönen,2020,9.0
24875,1043,841,51,99,20.0,10.0,10,10,1.0,63,1,0,2020,13,21,Emilia Romagna Grand Prix,2020-11-01,12:10:00,giovinazzi,99,GIO,Antonio,Giovinazzi,1993-12-14,Italian,alfa,Alfa Romeo,Swiss,Antonio Giovinazzi,2020,10.0
24876,1043,849,3,6,19.0,11.0,11,11,0.0,63,1,0,2020,13,21,Emilia Romagna Grand Prix,2020-11-01,12:10:00,latifi,6,LAT,Nicholas,Latifi,1995-06-29,Canadian,williams,Williams,British,Nicholas Latifi,2020,8.0
24877,1043,20,6,5,14.0,12.0,12,12,0.0,63,1,0,2020,13,21,Emilia Romagna Grand Prix,2020-11-01,12:10:00,vettel,5,VET,Sebastian,Vettel,1987-07-03,German,ferrari,Ferrari,Italian,Sebastian Vettel,2020,2.0
24878,1043,840,211,18,15.0,13.0,13,13,0.0,63,1,0,2020,13,21,Emilia Romagna Grand Prix,2020-11-01,12:10:00,stroll,18,STR,Lance,Stroll,1998-10-29,Canadian,racing_point,Racing Point,British,Lance Stroll,2020,2.0
24879,1043,154,210,8,16.0,14.0,14,14,0.0,63,1,0,2020,13,21,Emilia Romagna Grand Prix,2020-11-01,12:10:00,grosjean,8,GRO,Romain,Grosjean,1986-04-17,French,haas,Haas F1 Team,American,Romain Grosjean,2020,2.0
24880,1043,848,9,23,6.0,15.0,15,15,0.0,63,1,0,2020,13,21,Emilia Romagna Grand Prix,2020-11-01,12:10:00,albon,23,ALB,Alexander,Albon,1996-03-23,Thai,red_bull,Red Bull,Austrian,Alexander Albon,2020,-9.0
24881,1043,847,3,63,13.0,0.0,R,16,0.0,51,3,1,2020,13,21,Emilia Romagna Grand Prix,2020-11-01,12:10:00,russell,63,RUS,George,Russell,1998-02-15,British,williams,Williams,British,George Russell,2020,13.0
24882,1043,830,9,33,3.0,0.0,R,17,0.0,50,29,1,2020,13,21,Emilia Romagna Grand Prix,2020-11-01,12:10:00,max_verstappen,33,VER,Max,Verstappen,1997-09-30,Dutch,red_bull,Red Bull,Austrian,Max Verstappen,2020,3.0
24883,1043,825,210,20,17.0,0.0,R,18,0.0,47,139,1,2020,13,21,Emilia Romagna Grand Prix,2020-11-01,12:10:00,kevin_magnussen,20,MAG,Kevin,Magnussen,1992-10-05,Danish,haas,Haas F1 Team,American,Kevin Magnussen,2020,17.0
24884,1043,839,4,31,12.0,0.0,R,19,0.0,27,6,1,2020,13,21,Emilia Romagna Grand Prix,2020-11-01,12:10:00,ocon,31,OCO,Esteban,Ocon,1996-09-17,French,renault,Renault,French,Esteban Ocon,2020,12.0
24885,1043,842,213,10,4.0,0.0,R,20,0.0,8,34,1,2020,13,21,Emilia Romagna Grand Prix,2020-11-01,12:10:00,gasly,10,GAS,Pierre,Gasly,1996-02-07,French,alphatauri,AlphaTauri,Italian,Pierre Gasly,2020,4.0
24886,1044,1,131,44,6.0,1.0,1,1,25.0,58,1,0,2020,14,5,Turkish Grand Prix,2020-11-15,10:10:00,hamilton,44,HAM,Lewis,Hamilton,1985-01-07,British,mercedes,Mercedes,German,Lewis Hamilton,2020,5.0
24887,1044,815,211,11,3.0,2.0,2,2,18.0,58,1,0,2020,14,5,Turkish Grand Prix,2020-11-15,10:10:00,perez,11,PER,Sergio,Pérez,1990-01-26,Mexican,racing_point,Racing Point,British,Sergio Pérez,2020,1.0
24888,1044,20,6,5,11.0,3.0,3,3,15.0,58,1,0,2020,14,5,Turkish Grand Prix,2020-11-15,10:10:00,vettel,5,VET,Sebastian,Vettel,1987-07-03,German,ferrari,Ferrari,Italian,Sebastian Vettel,2020,8.0
24889,1044,844,6,16,12.0,4.0,4,4,12.0,58,1,0,2020,14,5,Turkish Grand Prix,2020-11-15,10:10:00,leclerc,16,LEC,Charles,Leclerc,1997-10-16,Monegasque,ferrari,Ferrari,Italian,Charles Leclerc,2020,8.0
24890,1044,832,1,55,15.0,5.0,5,5,10.0,58,1,0,2020,14,5,Turkish Grand Prix,2020-11-15,10:10:00,sainz,55,SAI,Carlos,Sainz,1994-09-01,Spanish,mclaren,McLaren,British,Carlos Sainz,2020,10.0
24891,1044,830,9,33,2.0,6.0,6,6,8.0,58,1,0,2020,14,5,Turkish Grand Prix,2020-11-15,10:10:00,max_verstappen,33,VER,Max,Verstappen,1997-09-30,Dutch,red_bull,Red Bull,Austrian,Max Verstappen,2020,-4.0
24892,1044,848,9,23,4.0,7.0,7,7,6.0,58,1,0,2020,14,5,Turkish Grand Prix,2020-11-15,10:10:00,albon,23,ALB,Alexander,Albon,1996-03-23,Thai,red_bull,Red Bull,Austrian,Alexander Albon,2020,-3.0
24893,1044,846,1,4,14.0,8.0,8,8,5.0,58,1,0,2020,14,5,Turkish Grand Prix,2020-11-15,10:10:00,norris,4,NOR,Lando,Norris,1999-11-13,British,mclaren,McLaren,British,Lando Norris,2020,6.0
24894,1044,840,211,18,1.0,9.0,9,9,2.0,58,1,0,2020,14,5,Turkish Grand Prix,2020-11-15,10:10:00,stroll,18,STR,Lance,Stroll,1998-10-29,Canadian,racing_point,Racing Point,British,Lance Stroll,2020,-8.0
24895,1044,817,4,3,5.0,10.0,10,10,1.0,58,1,0,2020,14,5,Turkish Grand Prix,2020-11-15,10:10:00,ricciardo,3,RIC,Daniel,Ricciardo,1989-07-01,Australian,renault,Renault,French,Daniel Ricciardo,2020,-5.0
24896,1044,839,4,31,7.0,11.0,11,11,0.0,57,11,0,2020,14,5,Turkish Grand Prix,2020-11-15,10:10:00,ocon,31,OCO,Esteban,Ocon,1996-09-17,French,renault,Renault,French,Esteban Ocon,2020,-4.0
24897,1044,826,213,26,16.0,12.0,12,12,0.0,57,11,0,2020,14,5,Turkish Grand Prix,2020-11-15,10:10:00,kvyat,26,KVY,Daniil,Kvyat,1994-04-26,Russian,alphatauri,AlphaTauri,Italian,Daniil Kvyat,2020,4.0
24898,1044,842,213,10,19.0,13.0,13,13,0.0,57,11,0,2020,14,5,Turkish Grand Prix,2020-11-15,10:10:00,gasly,10,GAS,Pierre,Gasly,1996-02-07,French,alphatauri,AlphaTauri,Italian,Pierre Gasly,2020,6.0
24899,1044,822,131,77,9.0,14.0,14,14,0.0,57,11,0,2020,14,5,Turkish Grand Prix,2020-11-15,10:10:00,bottas,77,BOT,Valtteri,Bottas,1989-08-28,Finnish,mercedes,Mercedes,German,Valtteri Bottas,2020,-5.0
24900,1044,8,51,7,8.0,15.0,15,15,0.0,57,11,0,2020,14,5,Turkish Grand Prix,2020-11-15,10:10:00,raikkonen,7,RAI,Kimi,Räikkönen,1979-10-17,Finnish,alfa,Alfa Romeo,Swiss,Kimi Räikkönen,2020,-7.0
24901,1044,847,3,63,0.0,16.0,16,16,0.0,57,11,0,2020,14,5,Turkish Grand Prix,2020-11-15,10:10:00,russell,63,RUS,George,Russell,1998-02-15,British,williams,Williams,British,George Russell,2020,-16.0
24902,1044,825,210,20,13.0,17.0,17,17,0.0,55,54,0,2020,14,5,Turkish Grand Prix,2020-11-15,10:10:00,kevin_magnussen,20,MAG,Kevin,Magnussen,1992-10-05,Danish,haas,Haas F1 Team,American,Kevin Magnussen,2020,-4.0
24903,1044,154,210,8,17.0,0.0,R,18,0.0,49,130,1,2020,14,5,Turkish Grand Prix,2020-11-15,10:10:00,grosjean,8,GRO,Romain,Grosjean,1986-04-17,French,haas,Haas F1 Team,American,Romain Grosjean,2020,17.0
24904,1044,849,3,6,0.0,0.0,R,19,0.0,39,130,1,2020,14,5,Turkish Grand Prix,2020-11-15,10:10:00,latifi,6,LAT,Nicholas,Latifi,1995-06-29,Canadian,williams,Williams,British,Nicholas Latifi,2020,0.0
24905,1044,841,51,99,10.0,0.0,R,20,0.0,11,6,1,2020,14,5,Turkish Grand Prix,2020-11-15,10:10:00,giovinazzi,99,GIO,Antonio,Giovinazzi,1993-12-14,Italian,alfa,Alfa Romeo,Swiss,Antonio Giovinazzi,2020,10.0
24906,1045,1,131,44,1.0,1.0,1,1,25.0,57,1,0,2020,15,3,Bahrain Grand Prix,2020-11-29,14:10:00,hamilton,44,HAM,Lewis,Hamilton,1985-01-07,British,mercedes,Mercedes,German,Lewis Hamilton,2020,0.0
24907,1045,830,9,33,3.0,2.0,2,2,19.0,57,1,0,2020,15,3,Bahrain Grand Prix,2020-11-29,14:10:00,max_verstappen,33,VER,Max,Verstappen,1997-09-30,Dutch,red_bull,Red Bull,Austrian,Max Verstappen,2020,1.0
24908,1045,848,9,23,4.0,3.0,3,3,15.0,57,1,0,2020,15,3,Bahrain Grand Prix,2020-11-29,14:10:00,albon,23,ALB,Alexander,Albon,1996-03-23,Thai,red_bull,Red Bull,Austrian,Alexander Albon,2020,1.0
24909,1045,846,1,4,9.0,4.0,4,4,12.0,57,1,0,2020,15,3,Bahrain Grand Prix,2020-11-29,14:10:00,norris,4,NOR,Lando,Norris,1999-11-13,British,mclaren,McLaren,British,Lando Norris,2020,5.0
24910,1045,832,1,55,15.0,5.0,5,5,10.0,57,1,0,2020,15,3,Bahrain Grand Prix,2020-11-29,14:10:00,sainz,55,SAI,Carlos,Sainz,1994-09-01,Spanish,mclaren,McLaren,British,Carlos Sainz,2020,10.0
24911,1045,842,213,10,8.0,6.0,6,6,8.0,57,1,0,2020,15,3,Bahrain Grand Prix,2020-11-29,14:10:00,gasly,10,GAS,Pierre,Gasly,1996-02-07,French,alphatauri,AlphaTauri,Italian,Pierre Gasly,2020,2.0
24912,1045,817,4,3,6.0,7.0,7,7,6.0,57,1,0,2020,15,3,Bahrain Grand Prix,2020-11-29,14:10:00,ricciardo,3,RIC,Daniel,Ricciardo,1989-07-01,Australian,renault,Renault,French,Daniel Ricciardo,2020,-1.0
24913,1045,822,131,77,2.0,8.0,8,8,4.0,57,1,0,2020,15,3,Bahrain Grand Prix,2020-11-29,14:10:00,bottas,77,BOT,Valtteri,Bottas,1989-08-28,Finnish,mercedes,Mercedes,German,Valtteri Bottas,2020,-6.0
24914,1045,839,4,31,7.0,9.0,9,9,2.0,57,1,0,2020,15,3,Bahrain Grand Prix,2020-11-29,14:10:00,ocon,31,OCO,Esteban,Ocon,1996-09-17,French,renault,Renault,French,Esteban Ocon,2020,-2.0
24915,1045,844,6,16,12.0,10.0,10,10,1.0,56,11,0,2020,15,3,Bahrain Grand Prix,2020-11-29,14:10:00,leclerc,16,LEC,Charles,Leclerc,1997-10-16,Monegasque,ferrari,Ferrari,Italian,Charles Leclerc,2020,2.0
24916,1045,826,213,26,10.0,11.0,11,11,0.0,56,11,0,2020,15,3,Bahrain Grand Prix,2020-11-29,14:10:00,kvyat,26,KVY,Daniil,Kvyat,1994-04-26,Russian,alphatauri,AlphaTauri,Italian,Daniil Kvyat,2020,-1.0
24917,1045,847,3,63,14.0,12.0,12,12,0.0,56,11,0,2020,15,3,Bahrain Grand Prix,2020-11-29,14:10:00,russell,63,RUS,George,Russell,1998-02-15,British,williams,Williams,British,George Russell,2020,2.0
24918,1045,20,6,5,11.0,13.0,13,13,0.0,56,11,0,2020,15,3,Bahrain Grand Prix,2020-11-29,14:10:00,vettel,5,VET,Sebastian,Vettel,1987-07-03,German,ferrari,Ferrari,Italian,Sebastian Vettel,2020,-2.0
24919,1045,849,3,6,20.0,14.0,14,14,0.0,56,11,0,2020,15,3,Bahrain Grand Prix,2020-11-29,14:10:00,latifi,6,LAT,Nicholas,Latifi,1995-06-29,Canadian,williams,Williams,British,Nicholas Latifi,2020,6.0
24920,1045,8,51,7,17.0,15.0,15,15,0.0,56,11,0,2020,15,3,Bahrain Grand Prix,2020-11-29,14:10:00,raikkonen,7,RAI,Kimi,Räikkönen,1979-10-17,Finnish,alfa,Alfa Romeo,Swiss,Kimi Räikkönen,2020,2.0
24921,1045,841,51,99,16.0,16.0,16,16,0.0,56,11,0,2020,15,3,Bahrain Grand Prix,2020-11-29,14:10:00,giovinazzi,99,GIO,Antonio,Giovinazzi,1993-12-14,Italian,alfa,Alfa Romeo,Swiss,Antonio Giovinazzi,2020,0.0
24922,1045,825,210,20,18.0,17.0,17,17,0.0,56,11,0,2020,15,3,Bahrain Grand Prix,2020-11-29,14:10:00,kevin_magnussen,20,MAG,Kevin,Magnussen,1992-10-05,Danish,haas,Haas F1 Team,American,Kevin Magnussen,2020,1.0
24923,1045,815,211,11,5.0,18.0,18,18,0.0,53,5,0,2020,15,3,Bahrain Grand Prix,2020-11-29,14:10:00,perez,11,PER,Sergio,Pérez,1990-01-26,Mexican,racing_point,Racing Point,British,Sergio Pérez,2020,-13.0
24924,1045,840,211,18,13.0,0.0,R,19,0.0,2,4,1,2020,15,3,Bahrain Grand Prix,2020-11-29,14:10:00,stroll,18,STR,Lance,Stroll,1998-10-29,Canadian,racing_point,Racing Point,British,Lance Stroll,2020,13.0
24925,1045,154,210,8,19.0,0.0,R,20,0.0,0,4,1,2020,15,3,Bahrain Grand Prix,2020-11-29,14:10:00,grosjean,8,GRO,Romain,Grosjean,1986-04-17,French,haas,Haas F1 Team,American,Romain Grosjean,2020,19.0
24926,1046,815,211,11,5.0,1.0,1,1,25.0,87,1,0,2020,16,3,Sakhir Grand Prix,2020-12-06,17:10:00,perez,11,PER,Sergio,Pérez,1990-01-26,Mexican,racing_point,Racing Point,British,Sergio Pérez,2020,4.0
24927,1046,839,4,31,11.0,2.0,2,2,18.0,87,1,0,2020,16,3,Sakhir Grand Prix,2020-12-06,17:10:00,ocon,31,OCO,Esteban,Ocon,1996-09-17,French,renault,Renault,French,Esteban Ocon,2020,9.0
24928,1046,840,211,18,10.0,3.0,3,3,15.0,87,1,0,2020,16,3,Sakhir Grand Prix,2020-12-06,17:10:00,stroll,18,STR,Lance,Stroll,1998-10-29,Canadian,racing_point,Racing Point,British,Lance Stroll,2020,7.0
24929,1046,832,1,55,8.0,4.0,4,4,12.0,87,1,0,2020,16,3,Sakhir Grand Prix,2020-12-06,17:10:00,sainz,55,SAI,Carlos,Sainz,1994-09-01,Spanish,mclaren,McLaren,British,Carlos Sainz,2020,4.0
24930,1046,817,4,3,7.0,5.0,5,5,10.0,87,1,0,2020,16,3,Sakhir Grand Prix,2020-12-06,17:10:00,ricciardo,3,RIC,Daniel,Ricciardo,1989-07-01,Australian,renault,Renault,French,Daniel Ricciardo,2020,2.0
24931,1046,848,9,23,12.0,6.0,6,6,8.0,87,1,0,2020,16,3,Sakhir Grand Prix,2020-12-06,17:10:00,albon,23,ALB,Alexander,Albon,1996-03-23,Thai,red_bull,Red Bull,Austrian,Alexander Albon,2020,6.0
24932,1046,826,213,26,6.0,7.0,7,7,6.0,87,1,0,2020,16,3,Sakhir Grand Prix,2020-12-06,17:10:00,kvyat,26,KVY,Daniil,Kvyat,1994-04-26,Russian,alphatauri,AlphaTauri,Italian,Daniil Kvyat,2020,-1.0
24933,1046,822,131,77,1.0,8.0,8,8,4.0,87,1,0,2020,16,3,Sakhir Grand Prix,2020-12-06,17:10:00,bottas,77,BOT,Valtteri,Bottas,1989-08-28,Finnish,mercedes,Mercedes,German,Valtteri Bottas,2020,-7.0
24934,1046,847,131,63,2.0,9.0,9,9,3.0,87,1,0,2020,16,3,Sakhir Grand Prix,2020-12-06,17:10:00,russell,63,RUS,George,Russell,1998-02-15,British,mercedes,Mercedes,German,George Russell,2020,-7.0
24935,1046,846,1,4,19.0,10.0,10,10,1.0,87,1,0,2020,16,3,Sakhir Grand Prix,2020-12-06,17:10:00,norris,4,NOR,Lando,Norris,1999-11-13,British,mclaren,McLaren,British,Lando Norris,2020,9.0
24936,1046,842,213,10,9.0,11.0,11,11,0.0,87,1,0,2020,16,3,Sakhir Grand Prix,2020-12-06,17:10:00,gasly,10,GAS,Pierre,Gasly,1996-02-07,French,alphatauri,AlphaTauri,Italian,Pierre Gasly,2020,-2.0
24937,1046,20,6,5,13.0,12.0,12,12,0.0,87,1,0,2020,16,3,Sakhir Grand Prix,2020-12-06,17:10:00,vettel,5,VET,Sebastian,Vettel,1987-07-03,German,ferrari,Ferrari,Italian,Sebastian Vettel,2020,1.0
24938,1046,841,51,99,14.0,13.0,13,13,0.0,87,1,0,2020,16,3,Sakhir Grand Prix,2020-12-06,17:10:00,giovinazzi,99,GIO,Antonio,Giovinazzi,1993-12-14,Italian,alfa,Alfa Romeo,Swiss,Antonio Giovinazzi,2020,1.0
24939,1046,8,51,7,18.0,14.0,14,14,0.0,87,1,0,2020,16,3,Sakhir Grand Prix,2020-12-06,17:10:00,raikkonen,7,RAI,Kimi,Räikkönen,1979-10-17,Finnish,alfa,Alfa Romeo,Swiss,Kimi Räikkönen,2020,4.0
24940,1046,825,210,20,15.0,15.0,15,15,0.0,87,1,0,2020,16,3,Sakhir Grand Prix,2020-12-06,17:10:00,kevin_magnussen,20,MAG,Kevin,Magnussen,1992-10-05,Danish,haas,Haas F1 Team,American,Kevin Magnussen,2020,0.0
24941,1046,851,3,89,17.0,16.0,16,16,0.0,87,1,0,2020,16,3,Sakhir Grand Prix,2020-12-06,17:10:00,aitken,89,AIT,Jack,Aitken,1995-09-23,British,williams,Williams,British,Jack Aitken,2020,1.0
24942,1046,850,210,51,20.0,17.0,17,17,0.0,87,1,0,2020,16,3,Sakhir Grand Prix,2020-12-06,17:10:00,pietro_fittipaldi,51,FIT,Pietro,Fittipaldi,1996-06-25,Brazilian,haas,Haas F1 Team,American,Pietro Fittipaldi,2020,3.0
24943,1046,849,3,6,16.0,0.0,R,18,0.0,52,5,1,2020,16,3,Sakhir Grand Prix,2020-12-06,17:10:00,latifi,6,LAT,Nicholas,Latifi,1995-06-29,Canadian,williams,Williams,British,Nicholas Latifi,2020,16.0
24944,1046,830,9,33,3.0,0.0,R,19,0.0,0,3,1,2020,16,3,Sakhir Grand Prix,2020-12-06,17:10:00,max_verstappen,33,VER,Max,Verstappen,1997-09-30,Dutch,red_bull,Red Bull,Austrian,Max Verstappen,2020,3.0
24945,1046,844,6,16,4.0,0.0,R,20,0.0,0,4,1,2020,16,3,Sakhir Grand Prix,2020-12-06,17:10:00,leclerc,16,LEC,Charles,Leclerc,1997-10-16,Monegasque,ferrari,Ferrari,Italian,Charles Leclerc,2020,4.0
24946,1047,830,9,33,1.0,1.0,1,1,25.0,55,1,0,2020,17,24,Abu Dhabi Grand Prix,2020-12-13,13:10:00,max_verstappen,33,VER,Max,Verstappen,1997-09-30,Dutch,red_bull,Red Bull,Austrian,Max Verstappen,2020,0.0
24947,1047,822,131,77,2.0,2.0,2,2,18.0,55,1,0,2020,17,24,Abu Dhabi Grand Prix,2020-12-13,13:10:00,bottas,77,BOT,Valtteri,Bottas,1989-08-28,Finnish,mercedes,Mercedes,German,Valtteri Bottas,2020,0.0
24948,1047,1,131,44,3.0,3.0,3,3,15.0,55,1,0,2020,17,24,Abu Dhabi Grand Prix,2020-12-13,13:10:00,hamilton,44,HAM,Lewis,Hamilton,1985-01-07,British,mercedes,Mercedes,German,Lewis Hamilton,2020,0.0
24949,1047,848,9,23,5.0,4.0,4,4,12.0,55,1,0,2020,17,24,Abu Dhabi Grand Prix,2020-12-13,13:10:00,albon,23,ALB,Alexander,Albon,1996-03-23,Thai,red_bull,Red Bull,Austrian,Alexander Albon,2020,1.0
24950,1047,846,1,4,4.0,5.0,5,5,10.0,55,1,0,2020,17,24,Abu Dhabi Grand Prix,2020-12-13,13:10:00,norris,4,NOR,Lando,Norris,1999-11-13,British,mclaren,McLaren,British,Lando Norris,2020,-1.0
24951,1047,832,1,55,6.0,6.0,6,6,8.0,55,1,0,2020,17,24,Abu Dhabi Grand Prix,2020-12-13,13:10:00,sainz,55,SAI,Carlos,Sainz,1994-09-01,Spanish,mclaren,McLaren,British,Carlos Sainz,2020,0.0
24952,1047,817,4,3,11.0,7.0,7,7,7.0,55,1,0,2020,17,24,Abu Dhabi Grand Prix,2020-12-13,13:10:00,ricciardo,3,RIC,Daniel,Ricciardo,1989-07-01,Australian,renault,Renault,French,Daniel Ricciardo,2020,4.0
24953,1047,842,213,10,9.0,8.0,8,8,4.0,55,1,0,2020,17,24,Abu Dhabi Grand Prix,2020-12-13,13:10:00,gasly,10,GAS,Pierre,Gasly,1996-02-07,French,alphatauri,AlphaTauri,Italian,Pierre Gasly,2020,1.0
24954,1047,839,4,31,10.0,9.0,9,9,2.0,55,1,0,2020,17,24,Abu Dhabi Grand Prix,2020-12-13,13:10:00,ocon,31,OCO,Esteban,Ocon,1996-09-17,French,renault,Renault,French,Esteban Ocon,2020,1.0
24955,1047,840,211,18,8.0,10.0,10,10,1.0,55,1,0,2020,17,24,Abu Dhabi Grand Prix,2020-12-13,13:10:00,stroll,18,STR,Lance,Stroll,1998-10-29,Canadian,racing_point,Racing Point,British,Lance Stroll,2020,-2.0
24956,1047,826,213,26,7.0,11.0,11,11,0.0,54,11,0,2020,17,24,Abu Dhabi Grand Prix,2020-12-13,13:10:00,kvyat,26,KVY,Daniil,Kvyat,1994-04-26,Russian,alphatauri,AlphaTauri,Italian,Daniil Kvyat,2020,-4.0
24957,1047,8,51,7,15.0,12.0,12,12,0.0,54,11,0,2020,17,24,Abu Dhabi Grand Prix,2020-12-13,13:10:00,raikkonen,7,RAI,Kimi,Räikkönen,1979-10-17,Finnish,alfa,Alfa Romeo,Swiss,Kimi Räikkönen,2020,3.0
24958,1047,844,6,16,12.0,13.0,13,13,0.0,54,11,0,2020,17,24,Abu Dhabi Grand Prix,2020-12-13,13:10:00,leclerc,16,LEC,Charles,Leclerc,1997-10-16,Monegasque,ferrari,Ferrari,Italian,Charles Leclerc,2020,-1.0
24959,1047,20,6,5,13.0,14.0,14,14,0.0,54,11,0,2020,17,24,Abu Dhabi Grand Prix,2020-12-13,13:10:00,vettel,5,VET,Sebastian,Vettel,1987-07-03,German,ferrari,Ferrari,Italian,Sebastian Vettel,2020,-1.0
24960,1047,847,3,63,16.0,15.0,15,15,0.0,54,11,0,2020,17,24,Abu Dhabi Grand Prix,2020-12-13,13:10:00,russell,63,RUS,George,Russell,1998-02-15,British,williams,Williams,British,George Russell,2020,1.0
24961,1047,841,51,99,14.0,16.0,16,16,0.0,54,11,0,2020,17,24,Abu Dhabi Grand Prix,2020-12-13,13:10:00,giovinazzi,99,GIO,Antonio,Giovinazzi,1993-12-14,Italian,alfa,Alfa Romeo,Swiss,Antonio Giovinazzi,2020,-2.0
24962,1047,849,3,6,18.0,17.0,17,17,0.0,54,11,0,2020,17,24,Abu Dhabi Grand Prix,2020-12-13,13:10:00,latifi,6,LAT,Nicholas,Latifi,1995-06-29,Canadian,williams,Williams,British,Nicholas Latifi,2020,1.0
24963,1047,825,210,20,20.0,18.0,18,18,0.0,54,11,0,2020,17,24,Abu Dhabi Grand Prix,2020-12-13,13:10:00,kevin_magnussen,20,MAG,Kevin,Magnussen,1992-10-05,Danish,haas,Haas F1 Team,American,Kevin Magnussen,2020,2.0
24964,1047,850,210,51,17.0,19.0,19,19,0.0,53,12,0,2020,17,24,Abu Dhabi Grand Prix,2020-12-13,13:10:00,pietro_fittipaldi,51,FIT,Pietro,Fittipaldi,1996-06-25,Brazilian,haas,Haas F1 Team,American,Pietro Fittipaldi,2020,-2.0
24965,1047,815,211,11,19.0,0.0,R,20,0.0,8,7,1,2020,17,24,Abu Dhabi Grand Prix,2020-12-13,13:10:00,perez,11,PER,Sergio,Pérez,1990-01-26,Mexican,racing_point,Racing Point,British,Sergio Pérez,2020,19.0
24966,1052,1,131,44,2.0,1.0,1,1,25.0,56,1,0,2021,1,3,Bahrain Grand Prix,2021-03-28,15:00:00,hamilton,44,HAM,Lewis,Hamilton,1985-01-07,British,mercedes,Mercedes,German,Lewis Hamilton,2021,1.0
24967,1052,830,9,33,1.0,2.0,2,2,18.0,56,1,0,2021,1,3,Bahrain Grand Prix,2021-03-28,15:00:00,max_verstappen,33,VER,Max,Verstappen,1997-09-30,Dutch,red_bull,Red Bull,Austrian,Max Verstappen,2021,-1.0
24968,1052,822,131,77,3.0,3.0,3,3,16.0,56,1,0,2021,1,3,Bahrain Grand Prix,2021-03-28,15:00:00,bottas,77,BOT,Valtteri,Bottas,1989-08-28,Finnish,mercedes,Mercedes,German,Valtteri Bottas,2021,0.0
24969,1052,846,1,4,7.0,4.0,4,4,12.0,56,1,0,2021,1,3,Bahrain Grand Prix,2021-03-28,15:00:00,norris,4,NOR,Lando,Norris,1999-11-13,British,mclaren,McLaren,British,Lando Norris,2021,3.0
24970,1052,815,9,11,0.0,5.0,5,5,10.0,56,1,0,2021,1,3,Bahrain Grand Prix,2021-03-28,15:00:00,perez,11,PER,Sergio,Pérez,1990-01-26,Mexican,red_bull,Red Bull,Austrian,Sergio Pérez,2021,-5.0
24971,1052,844,6,16,4.0,6.0,6,6,8.0,56,1,0,2021,1,3,Bahrain Grand Prix,2021-03-28,15:00:00,leclerc,16,LEC,Charles,Leclerc,1997-10-16,Monegasque,ferrari,Ferrari,Italian,Charles Leclerc,2021,-2.0
24972,1052,817,1,3,6.0,7.0,7,7,6.0,56,1,0,2021,1,3,Bahrain Grand Prix,2021-03-28,15:00:00,ricciardo,3,RIC,Daniel,Ricciardo,1989-07-01,Australian,mclaren,McLaren,British,Daniel Ricciardo,2021,-1.0
24973,1052,832,6,55,8.0,8.0,8,8,4.0,56,1,0,2021,1,3,Bahrain Grand Prix,2021-03-28,15:00:00,sainz,55,SAI,Carlos,Sainz,1994-09-01,Spanish,ferrari,Ferrari,Italian,Carlos Sainz,2021,0.0
24974,1052,852,213,22,13.0,9.0,9,9,2.0,56,1,0,2021,1,3,Bahrain Grand Prix,2021-03-28,15:00:00,tsunoda,22,TSU,Yuki,Tsunoda,2000-05-11,Japanese,alphatauri,AlphaTauri,Italian,Yuki Tsunoda,2021,4.0
24975,1052,840,117,18,10.0,10.0,10,10,1.0,56,1,0,2021,1,3,Bahrain Grand Prix,2021-03-28,15:00:00,stroll,18,STR,Lance,Stroll,1998-10-29,Canadian,aston_martin,Aston Martin,British,Lance Stroll,2021,0.0
24976,1052,8,51,7,14.0,11.0,11,11,0.0,56,1,0,2021,1,3,Bahrain Grand Prix,2021-03-28,15:00:00,raikkonen,7,RAI,Kimi,Räikkönen,1979-10-17,Finnish,alfa,Alfa Romeo,Swiss,Kimi Räikkönen,2021,3.0
24977,1052,841,51,99,12.0,12.0,12,12,0.0,55,11,0,2021,1,3,Bahrain Grand Prix,2021-03-28,15:00:00,giovinazzi,99,GIO,Antonio,Giovinazzi,1993-12-14,Italian,alfa,Alfa Romeo,Swiss,Antonio Giovinazzi,2021,0.0
24978,1052,839,214,31,16.0,13.0,13,13,0.0,55,11,0,2021,1,3,Bahrain Grand Prix,2021-03-28,15:00:00,ocon,31,OCO,Esteban,Ocon,1996-09-17,French,alpine,Alpine F1 Team,French,Esteban Ocon,2021,3.0
24979,1052,847,3,63,15.0,14.0,14,14,0.0,55,11,0,2021,1,3,Bahrain Grand Prix,2021-03-28,15:00:00,russell,63,RUS,George,Russell,1998-02-15,British,williams,Williams,British,George Russell,2021,1.0
24980,1052,20,117,5,20.0,15.0,15,15,0.0,55,11,0,2021,1,3,Bahrain Grand Prix,2021-03-28,15:00:00,vettel,5,VET,Sebastian,Vettel,1987-07-03,German,aston_martin,Aston Martin,British,Sebastian Vettel,2021,5.0
24981,1052,854,210,47,18.0,16.0,16,16,0.0,55,11,0,2021,1,3,Bahrain Grand Prix,2021-03-28,15:00:00,mick_schumacher,47,MSC,Mick,Schumacher,1999-03-22,German,haas,Haas F1 Team,American,Mick Schumacher,2021,2.0
24982,1052,842,213,10,5.0,17.0,17,17,0.0,52,31,0,2021,1,3,Bahrain Grand Prix,2021-03-28,15:00:00,gasly,10,GAS,Pierre,Gasly,1996-02-07,French,alphatauri,AlphaTauri,Italian,Pierre Gasly,2021,-12.0
24983,1052,849,3,6,17.0,18.0,18,18,0.0,51,31,0,2021,1,3,Bahrain Grand Prix,2021-03-28,15:00:00,latifi,6,LAT,Nicholas,Latifi,1995-06-29,Canadian,williams,Williams,British,Nicholas Latifi,2021,-1.0
24984,1052,4,214,14,9.0,0.0,R,19,0.0,32,23,1,2021,1,3,Bahrain Grand Prix,2021-03-28,15:00:00,alonso,14,ALO,Fernando,Alonso,1981-07-29,Spanish,alpine,Alpine F1 Team,French,Fernando Alonso,2021,9.0
24985,1052,853,210,9,19.0,0.0,R,20,0.0,0,3,1,2021,1,3,Bahrain Grand Prix,2021-03-28,15:00:00,mazepin,9,MAZ,Nikita,Mazepin,1999-03-02,Russian,haas,Haas F1 Team,American,Nikita Mazepin,2021,19.0
24986,1053,830,9,33,3.0,1.0,1,1,25.0,63,1,0,2021,2,21,Emilia Romagna Grand Prix,2021-04-18,13:00:00,max_verstappen,33,VER,Max,Verstappen,1997-09-30,Dutch,red_bull,Red Bull,Austrian,Max Verstappen,2021,2.0
24987,1053,1,131,44,1.0,2.0,2,2,19.0,63,1,0,2021,2,21,Emilia Romagna Grand Prix,2021-04-18,13:00:00,hamilton,44,HAM,Lewis,Hamilton,1985-01-07,British,mercedes,Mercedes,German,Lewis Hamilton,2021,-1.0
24988,1053,846,1,4,7.0,3.0,3,3,15.0,63,1,0,2021,2,21,Emilia Romagna Grand Prix,2021-04-18,13:00:00,norris,4,NOR,Lando,Norris,1999-11-13,British,mclaren,McLaren,British,Lando Norris,2021,4.0
24989,1053,844,6,16,4.0,4.0,4,4,12.0,63,1,0,2021,2,21,Emilia Romagna Grand Prix,2021-04-18,13:00:00,leclerc,16,LEC,Charles,Leclerc,1997-10-16,Monegasque,ferrari,Ferrari,Italian,Charles Leclerc,2021,0.0
24990,1053,832,6,55,11.0,5.0,5,5,10.0,63,1,0,2021,2,21,Emilia Romagna Grand Prix,2021-04-18,13:00:00,sainz,55,SAI,Carlos,Sainz,1994-09-01,Spanish,ferrari,Ferrari,Italian,Carlos Sainz,2021,6.0
24991,1053,817,1,3,6.0,6.0,6,6,8.0,63,1,0,2021,2,21,Emilia Romagna Grand Prix,2021-04-18,13:00:00,ricciardo,3,RIC,Daniel,Ricciardo,1989-07-01,Australian,mclaren,McLaren,British,Daniel Ricciardo,2021,0.0
24992,1053,842,213,10,5.0,7.0,7,7,6.0,63,1,0,2021,2,21,Emilia Romagna Grand Prix,2021-04-18,13:00:00,gasly,10,GAS,Pierre,Gasly,1996-02-07,French,alphatauri,AlphaTauri,Italian,Pierre Gasly,2021,-2.0
24993,1053,840,117,18,10.0,8.0,8,8,4.0,63,1,0,2021,2,21,Emilia Romagna Grand Prix,2021-04-18,13:00:00,stroll,18,STR,Lance,Stroll,1998-10-29,Canadian,aston_martin,Aston Martin,British,Lance Stroll,2021,2.0
24994,1053,839,214,31,9.0,9.0,9,9,2.0,63,1,0,2021,2,21,Emilia Romagna Grand Prix,2021-04-18,13:00:00,ocon,31,OCO,Esteban,Ocon,1996-09-17,French,alpine,Alpine F1 Team,French,Esteban Ocon,2021,0.0
24995,1053,4,214,14,15.0,10.0,10,10,1.0,63,1,0,2021,2,21,Emilia Romagna Grand Prix,2021-04-18,13:00:00,alonso,14,ALO,Fernando,Alonso,1981-07-29,Spanish,alpine,Alpine F1 Team,French,Fernando Alonso,2021,5.0
24996,1053,815,9,11,2.0,11.0,11,11,0.0,63,1,0,2021,2,21,Emilia Romagna Grand Prix,2021-04-18,13:00:00,perez,11,PER,Sergio,Pérez,1990-01-26,Mexican,red_bull,Red Bull,Austrian,Sergio Pérez,2021,-9.0
24997,1053,852,213,22,20.0,12.0,12,12,0.0,63,1,0,2021,2,21,Emilia Romagna Grand Prix,2021-04-18,13:00:00,tsunoda,22,TSU,Yuki,Tsunoda,2000-05-11,Japanese,alphatauri,AlphaTauri,Italian,Yuki Tsunoda,2021,8.0
24998,1053,8,51,7,16.0,13.0,13,13,0.0,63,1,0,2021,2,21,Emilia Romagna Grand Prix,2021-04-18,13:00:00,raikkonen,7,RAI,Kimi,Räikkönen,1979-10-17,Finnish,alfa,Alfa Romeo,Swiss,Kimi Räikkönen,2021,3.0
24999,1053,841,51,99,17.0,14.0,14,14,0.0,62,11,0,2021,2,21,Emilia Romagna Grand Prix,2021-04-18,13:00:00,giovinazzi,99,GIO,Antonio,Giovinazzi,1993-12-14,Italian,alfa,Alfa Romeo,Swiss,Antonio Giovinazzi,2021,3.0
25000,1053,20,117,5,0.0,15.0,15,15,0.0,61,6,0,2021,2,21,Emilia Romagna Grand Prix,2021-04-18,13:00:00,vettel,5,VET,Sebastian,Vettel,1987-07-03,German,aston_martin,Aston Martin,British,Sebastian Vettel,2021,-15.0
25001,1053,854,210,47,18.0,16.0,16,16,0.0,61,12,0,2021,2,21,Emilia Romagna Grand Prix,2021-04-18,13:00:00,mick_schumacher,47,MSC,Mick,Schumacher,1999-03-22,German,haas,Haas F1 Team,American,Mick Schumacher,2021,2.0
25002,1053,853,210,9,19.0,17.0,17,17,0.0,61,12,0,2021,2,21,Emilia Romagna Grand Prix,2021-04-18,13:00:00,mazepin,9,MAZ,Nikita,Mazepin,1999-03-02,Russian,haas,Haas F1 Team,American,Nikita Mazepin,2021,2.0
25003,1053,822,131,77,8.0,0.0,R,18,0.0,30,4,1,2021,2,21,Emilia Romagna Grand Prix,2021-04-18,13:00:00,bottas,77,BOT,Valtteri,Bottas,1989-08-28,Finnish,mercedes,Mercedes,German,Valtteri Bottas,2021,8.0
25004,1053,847,3,63,12.0,0.0,R,19,0.0,30,4,1,2021,2,21,Emilia Romagna Grand Prix,2021-04-18,13:00:00,russell,63,RUS,George,Russell,1998-02-15,British,williams,Williams,British,George Russell,2021,12.0
25005,1053,849,3,6,14.0,0.0,R,20,0.0,0,4,1,2021,2,21,Emilia Romagna Grand Prix,2021-04-18,13:00:00,latifi,6,LAT,Nicholas,Latifi,1995-06-29,Canadian,williams,Williams,British,Nicholas Latifi,2021,14.0
25006,1054,1,131,44,2.0,1.0,1,1,25.0,66,1,0,2021,3,75,Portuguese Grand Prix,2021-05-02,14:00:00,hamilton,44,HAM,Lewis,Hamilton,1985-01-07,British,mercedes,Mercedes,German,Lewis Hamilton,2021,1.0
25007,1054,830,9,33,3.0,2.0,2,2,18.0,66,1,0,2021,3,75,Portuguese Grand Prix,2021-05-02,14:00:00,max_verstappen,33,VER,Max,Verstappen,1997-09-30,Dutch,red_bull,Red Bull,Austrian,Max Verstappen,2021,1.0
25008,1054,822,131,77,1.0,3.0,3,3,16.0,66,1,0,2021,3,75,Portuguese Grand Prix,2021-05-02,14:00:00,bottas,77,BOT,Valtteri,Bottas,1989-08-28,Finnish,mercedes,Mercedes,German,Valtteri Bottas,2021,-2.0
25009,1054,815,9,11,4.0,4.0,4,4,12.0,66,1,0,2021,3,75,Portuguese Grand Prix,2021-05-02,14:00:00,perez,11,PER,Sergio,Pérez,1990-01-26,Mexican,red_bull,Red Bull,Austrian,Sergio Pérez,2021,0.0
25010,1054,846,1,4,7.0,5.0,5,5,10.0,66,1,0,2021,3,75,Portuguese Grand Prix,2021-05-02,14:00:00,norris,4,NOR,Lando,Norris,1999-11-13,British,mclaren,McLaren,British,Lando Norris,2021,2.0
25011,1054,844,6,16,8.0,6.0,6,6,8.0,66,1,0,2021,3,75,Portuguese Grand Prix,2021-05-02,14:00:00,leclerc,16,LEC,Charles,Leclerc,1997-10-16,Monegasque,ferrari,Ferrari,Italian,Charles Leclerc,2021,2.0
25012,1054,839,214,31,6.0,7.0,7,7,6.0,66,1,0,2021,3,75,Portuguese Grand Prix,2021-05-02,14:00:00,ocon,31,OCO,Esteban,Ocon,1996-09-17,French,alpine,Alpine F1 Team,French,Esteban Ocon,2021,-1.0
25013,1054,4,214,14,13.0,8.0,8,8,4.0,66,1,0,2021,3,75,Portuguese Grand Prix,2021-05-02,14:00:00,alonso,14,ALO,Fernando,Alonso,1981-07-29,Spanish,alpine,Alpine F1 Team,French,Fernando Alonso,2021,5.0
25014,1054,817,1,3,16.0,9.0,9,9,2.0,66,1,0,2021,3,75,Portuguese Grand Prix,2021-05-02,14:00:00,ricciardo,3,RIC,Daniel,Ricciardo,1989-07-01,Australian,mclaren,McLaren,British,Daniel Ricciardo,2021,7.0
25015,1054,842,213,10,9.0,10.0,10,10,1.0,66,1,0,2021,3,75,Portuguese Grand Prix,2021-05-02,14:00:00,gasly,10,GAS,Pierre,Gasly,1996-02-07,French,alphatauri,AlphaTauri,Italian,Pierre Gasly,2021,-1.0
25016,1054,832,6,55,5.0,11.0,11,11,0.0,66,1,0,2021,3,75,Portuguese Grand Prix,2021-05-02,14:00:00,sainz,55,SAI,Carlos,Sainz,1994-09-01,Spanish,ferrari,Ferrari,Italian,Carlos Sainz,2021,-6.0
25017,1054,841,51,99,12.0,12.0,12,12,0.0,65,11,0,2021,3,75,Portuguese Grand Prix,2021-05-02,14:00:00,giovinazzi,99,GIO,Antonio,Giovinazzi,1993-12-14,Italian,alfa,Alfa Romeo,Swiss,Antonio Giovinazzi,2021,0.0
25018,1054,20,117,5,10.0,13.0,13,13,0.0,65,11,0,2021,3,75,Portuguese Grand Prix,2021-05-02,14:00:00,vettel,5,VET,Sebastian,Vettel,1987-07-03,German,aston_martin,Aston Martin,British,Sebastian Vettel,2021,-3.0
25019,1054,840,117,18,17.0,14.0,14,14,0.0,65,11,0,2021,3,75,Portuguese Grand Prix,2021-05-02,14:00:00,stroll,18,STR,Lance,Stroll,1998-10-29,Canadian,aston_martin,Aston Martin,British,Lance Stroll,2021,3.0
25020,1054,852,213,22,14.0,15.0,15,15,0.0,65,11,0,2021,3,75,Portuguese Grand Prix,2021-05-02,14:00:00,tsunoda,22,TSU,Yuki,Tsunoda,2000-05-11,Japanese,alphatauri,AlphaTauri,Italian,Yuki Tsunoda,2021,-1.0
25021,1054,847,3,63,11.0,16.0,16,16,0.0,65,11,0,2021,3,75,Portuguese Grand Prix,2021-05-02,14:00:00,russell,63,RUS,George,Russell,1998-02-15,British,williams,Williams,British,George Russell,2021,-5.0
25022,1054,854,210,47,19.0,17.0,17,17,0.0,64,12,0,2021,3,75,Portuguese Grand Prix,2021-05-02,14:00:00,mick_schumacher,47,MSC,Mick,Schumacher,1999-03-22,German,haas,Haas F1 Team,American,Mick Schumacher,2021,2.0
25023,1054,849,3,6,18.0,18.0,18,18,0.0,64,12,0,2021,3,75,Portuguese Grand Prix,2021-05-02,14:00:00,latifi,6,LAT,Nicholas,Latifi,1995-06-29,Canadian,williams,Williams,British,Nicholas Latifi,2021,0.0
25024,1054,853,210,9,20.0,19.0,19,19,0.0,64,12,0,2021,3,75,Portuguese Grand Prix,2021-05-02,14:00:00,mazepin,9,MAZ,Nikita,Mazepin,1999-03-02,Russian,haas,Haas F1 Team,American,Nikita Mazepin,2021,1.0
25025,1054,8,51,7,15.0,0.0,R,20,0.0,1,130,1,2021,3,75,Portuguese Grand Prix,2021-05-02,14:00:00,raikkonen,7,RAI,Kimi,Räikkönen,1979-10-17,Finnish,alfa,Alfa Romeo,Swiss,Kimi Räikkönen,2021,15.0
25026,1055,1,131,44,1.0,1.0,1,1,25.0,66,1,0,2021,4,4,Spanish Grand Prix,2021-05-09,13:00:00,hamilton,44,HAM,Lewis,Hamilton,1985-01-07,British,mercedes,Mercedes,German,Lewis Hamilton,2021,0.0
25027,1055,830,9,33,2.0,2.0,2,2,19.0,66,1,0,2021,4,4,Spanish Grand Prix,2021-05-09,13:00:00,max_verstappen,33,VER,Max,Verstappen,1997-09-30,Dutch,red_bull,Red Bull,Austrian,Max Verstappen,2021,0.0
25028,1055,822,131,77,3.0,3.0,3,3,15.0,66,1,0,2021,4,4,Spanish Grand Prix,2021-05-09,13:00:00,bottas,77,BOT,Valtteri,Bottas,1989-08-28,Finnish,mercedes,Mercedes,German,Valtteri Bottas,2021,0.0
25029,1055,844,6,16,4.0,4.0,4,4,12.0,66,1,0,2021,4,4,Spanish Grand Prix,2021-05-09,13:00:00,leclerc,16,LEC,Charles,Leclerc,1997-10-16,Monegasque,ferrari,Ferrari,Italian,Charles Leclerc,2021,0.0
25030,1055,815,9,11,8.0,5.0,5,5,10.0,66,1,0,2021,4,4,Spanish Grand Prix,2021-05-09,13:00:00,perez,11,PER,Sergio,Pérez,1990-01-26,Mexican,red_bull,Red Bull,Austrian,Sergio Pérez,2021,3.0
25031,1055,817,1,3,7.0,6.0,6,6,8.0,66,1,0,2021,4,4,Spanish Grand Prix,2021-05-09,13:00:00,ricciardo,3,RIC,Daniel,Ricciardo,1989-07-01,Australian,mclaren,McLaren,British,Daniel Ricciardo,2021,1.0
25032,1055,832,6,55,6.0,7.0,7,7,6.0,66,1,0,2021,4,4,Spanish Grand Prix,2021-05-09,13:00:00,sainz,55,SAI,Carlos,Sainz,1994-09-01,Spanish,ferrari,Ferrari,Italian,Carlos Sainz,2021,-1.0
25033,1055,846,1,4,9.0,8.0,8,8,4.0,65,11,0,2021,4,4,Spanish Grand Prix,2021-05-09,13:00:00,norris,4,NOR,Lando,Norris,1999-11-13,British,mclaren,McLaren,British,Lando Norris,2021,1.0
25034,1055,839,214,31,5.0,9.0,9,9,2.0,65,11,0,2021,4,4,Spanish Grand Prix,2021-05-09,13:00:00,ocon,31,OCO,Esteban,Ocon,1996-09-17,French,alpine,Alpine F1 Team,French,Esteban Ocon,2021,-4.0
25035,1055,842,213,10,12.0,10.0,10,10,1.0,65,11,0,2021,4,4,Spanish Grand Prix,2021-05-09,13:00:00,gasly,10,GAS,Pierre,Gasly,1996-02-07,French,alphatauri,AlphaTauri,Italian,Pierre Gasly,2021,2.0
25036,1055,840,117,18,11.0,11.0,11,11,0.0,65,11,0,2021,4,4,Spanish Grand Prix,2021-05-09,13:00:00,stroll,18,STR,Lance,Stroll,1998-10-29,Canadian,aston_martin,Aston Martin,British,Lance Stroll,2021,0.0
25037,1055,8,51,7,17.0,12.0,12,12,0.0,65,11,0,2021,4,4,Spanish Grand Prix,2021-05-09,13:00:00,raikkonen,7,RAI,Kimi,Räikkönen,1979-10-17,Finnish,alfa,Alfa Romeo,Swiss,Kimi Räikkönen,2021,5.0
25038,1055,20,117,5,13.0,13.0,13,13,0.0,65,11,0,2021,4,4,Spanish Grand Prix,2021-05-09,13:00:00,vettel,5,VET,Sebastian,Vettel,1987-07-03,German,aston_martin,Aston Martin,British,Sebastian Vettel,2021,0.0
25039,1055,847,3,63,15.0,14.0,14,14,0.0,65,11,0,2021,4,4,Spanish Grand Prix,2021-05-09,13:00:00,russell,63,RUS,George,Russell,1998-02-15,British,williams,Williams,British,George Russell,2021,1.0
25040,1055,841,51,99,14.0,15.0,15,15,0.0,65,11,0,2021,4,4,Spanish Grand Prix,2021-05-09,13:00:00,giovinazzi,99,GIO,Antonio,Giovinazzi,1993-12-14,Italian,alfa,Alfa Romeo,Swiss,Antonio Giovinazzi,2021,-1.0
25041,1055,849,3,6,19.0,16.0,16,16,0.0,65,11,0,2021,4,4,Spanish Grand Prix,2021-05-09,13:00:00,latifi,6,LAT,Nicholas,Latifi,1995-06-29,Canadian,williams,Williams,British,Nicholas Latifi,2021,3.0
25042,1055,4,214,14,10.0,17.0,17,17,0.0,65,11,0,2021,4,4,Spanish Grand Prix,2021-05-09,13:00:00,alonso,14,ALO,Fernando,Alonso,1981-07-29,Spanish,alpine,Alpine F1 Team,French,Fernando Alonso,2021,-7.0
25043,1055,854,210,47,18.0,18.0,18,18,0.0,64,12,0,2021,4,4,Spanish Grand Prix,2021-05-09,13:00:00,mick_schumacher,47,MSC,Mick,Schumacher,1999-03-22,German,haas,Haas F1 Team,American,Mick Schumacher,2021,0.0
25044,1055,853,210,9,20.0,19.0,19,19,0.0,64,12,0,2021,4,4,Spanish Grand Prix,2021-05-09,13:00:00,mazepin,9,MAZ,Nikita,Mazepin,1999-03-02,Russian,haas,Haas F1 Team,American,Nikita Mazepin,2021,1.0
25045,1055,852,213,22,16.0,0.0,R,20,0.0,6,10,1,2021,4,4,Spanish Grand Prix,2021-05-09,13:00:00,tsunoda,22,TSU,Yuki,Tsunoda,2000-05-11,Japanese,alphatauri,AlphaTauri,Italian,Yuki Tsunoda,2021,16.0
25047,1056,832,6,55,4.0,2.0,2,2,18.0,78,1,0,2021,5,6,Monaco Grand Prix,2021-05-23,13:00:00,sainz,55,SAI,Carlos,Sainz,1994-09-01,Spanish,ferrari,Ferrari,Italian,Carlos Sainz,2021,2.0
25046,1056,830,9,33,2.0,1.0,1,1,25.0,78,1,0,2021,5,6,Monaco Grand Prix,2021-05-23,13:00:00,max_verstappen,33,VER,Max,Verstappen,1997-09-30,Dutch,red_bull,Red Bull,Austrian,Max Verstappen,2021,1.0
25048,1056,846,1,4,5.0,3.0,3,3,15.0,78,1,0,2021,5,6,Monaco Grand Prix,2021-05-23,13:00:00,norris,4,NOR,Lando,Norris,1999-11-13,British,mclaren,McLaren,British,Lando Norris,2021,2.0
25049,1056,815,9,11,9.0,4.0,4,4,12.0,78,1,0,2021,5,6,Monaco Grand Prix,2021-05-23,13:00:00,perez,11,PER,Sergio,Pérez,1990-01-26,Mexican,red_bull,Red Bull,Austrian,Sergio Pérez,2021,5.0
25050,1056,20,117,5,8.0,5.0,5,5,10.0,78,1,0,2021,5,6,Monaco Grand Prix,2021-05-23,13:00:00,vettel,5,VET,Sebastian,Vettel,1987-07-03,German,aston_martin,Aston Martin,British,Sebastian Vettel,2021,3.0
25051,1056,842,213,10,6.0,6.0,6,6,8.0,78,1,0,2021,5,6,Monaco Grand Prix,2021-05-23,13:00:00,gasly,10,GAS,Pierre,Gasly,1996-02-07,French,alphatauri,AlphaTauri,Italian,Pierre Gasly,2021,0.0
25052,1056,1,131,44,7.0,7.0,7,7,7.0,78,1,0,2021,5,6,Monaco Grand Prix,2021-05-23,13:00:00,hamilton,44,HAM,Lewis,Hamilton,1985-01-07,British,mercedes,Mercedes,German,Lewis Hamilton,2021,0.0
25053,1056,840,117,18,13.0,8.0,8,8,4.0,77,11,0,2021,5,6,Monaco Grand Prix,2021-05-23,13:00:00,stroll,18,STR,Lance,Stroll,1998-10-29,Canadian,aston_martin,Aston Martin,British,Lance Stroll,2021,5.0
25054,1056,839,214,31,11.0,9.0,9,9,2.0,77,11,0,2021,5,6,Monaco Grand Prix,2021-05-23,13:00:00,ocon,31,OCO,Esteban,Ocon,1996-09-17,French,alpine,Alpine F1 Team,French,Esteban Ocon,2021,2.0
25055,1056,841,51,99,10.0,10.0,10,10,1.0,77,11,0,2021,5,6,Monaco Grand Prix,2021-05-23,13:00:00,giovinazzi,99,GIO,Antonio,Giovinazzi,1993-12-14,Italian,alfa,Alfa Romeo,Swiss,Antonio Giovinazzi,2021,0.0
25056,1056,8,51,7,14.0,11.0,11,11,0.0,77,11,0,2021,5,6,Monaco Grand Prix,2021-05-23,13:00:00,raikkonen,7,RAI,Kimi,Räikkönen,1979-10-17,Finnish,alfa,Alfa Romeo,Swiss,Kimi Räikkönen,2021,3.0
25057,1056,817,1,3,12.0,12.0,12,12,0.0,77,11,0,2021,5,6,Monaco Grand Prix,2021-05-23,13:00:00,ricciardo,3,RIC,Daniel,Ricciardo,1989-07-01,Australian,mclaren,McLaren,British,Daniel Ricciardo,2021,0.0
25058,1056,4,214,14,17.0,13.0,13,13,0.0,77,11,0,2021,5,6,Monaco Grand Prix,2021-05-23,13:00:00,alonso,14,ALO,Fernando,Alonso,1981-07-29,Spanish,alpine,Alpine F1 Team,French,Fernando Alonso,2021,4.0
25059,1056,847,3,63,15.0,14.0,14,14,0.0,77,11,0,2021,5,6,Monaco Grand Prix,2021-05-23,13:00:00,russell,63,RUS,George,Russell,1998-02-15,British,williams,Williams,British,George Russell,2021,1.0
25060,1056,849,3,6,18.0,15.0,15,15,0.0,77,11,0,2021,5,6,Monaco Grand Prix,2021-05-23,13:00:00,latifi,6,LAT,Nicholas,Latifi,1995-06-29,Canadian,williams,Williams,British,Nicholas Latifi,2021,3.0
25061,1056,852,213,22,16.0,16.0,16,16,0.0,77,11,0,2021,5,6,Monaco Grand Prix,2021-05-23,13:00:00,tsunoda,22,TSU,Yuki,Tsunoda,2000-05-11,Japanese,alphatauri,AlphaTauri,Italian,Yuki Tsunoda,2021,0.0
25062,1056,853,210,9,19.0,17.0,17,17,0.0,75,13,0,2021,5,6,Monaco Grand Prix,2021-05-23,13:00:00,mazepin,9,MAZ,Nikita,Mazepin,1999-03-02,Russian,haas,Haas F1 Team,American,Nikita Mazepin,2021,2.0
25063,1056,854,210,47,20.0,18.0,18,18,0.0,75,13,0,2021,5,6,Monaco Grand Prix,2021-05-23,13:00:00,mick_schumacher,47,MSC,Mick,Schumacher,1999-03-22,German,haas,Haas F1 Team,American,Mick Schumacher,2021,2.0
25064,1056,822,131,77,3.0,0.0,R,19,0.0,29,61,1,2021,5,6,Monaco Grand Prix,2021-05-23,13:00:00,bottas,77,BOT,Valtteri,Bottas,1989-08-28,Finnish,mercedes,Mercedes,German,Valtteri Bottas,2021,3.0
25065,1056,844,6,16,1.0,0.0,W,20,0.0,0,30,1,2021,5,6,Monaco Grand Prix,2021-05-23,13:00:00,leclerc,16,LEC,Charles,Leclerc,1997-10-16,Monegasque,ferrari,Ferrari,Italian,Charles Leclerc,2021,1.0
25066,1057,815,9,11,6.0,1.0,1,1,25.0,51,1,0,2021,6,73,Azerbaijan Grand Prix,2021-06-06,12:00:00,perez,11,PER,Sergio,Pérez,1990-01-26,Mexican,red_bull,Red Bull,Austrian,Sergio Pérez,2021,5.0
25067,1057,20,117,5,11.0,2.0,2,2,18.0,51,1,0,2021,6,73,Azerbaijan Grand Prix,2021-06-06,12:00:00,vettel,5,VET,Sebastian,Vettel,1987-07-03,German,aston_martin,Aston Martin,British,Sebastian Vettel,2021,9.0
25068,1057,842,213,10,4.0,3.0,3,3,15.0,51,1,0,2021,6,73,Azerbaijan Grand Prix,2021-06-06,12:00:00,gasly,10,GAS,Pierre,Gasly,1996-02-07,French,alphatauri,AlphaTauri,Italian,Pierre Gasly,2021,1.0
25069,1057,844,6,16,1.0,4.0,4,4,12.0,51,1,0,2021,6,73,Azerbaijan Grand Prix,2021-06-06,12:00:00,leclerc,16,LEC,Charles,Leclerc,1997-10-16,Monegasque,ferrari,Ferrari,Italian,Charles Leclerc,2021,-3.0
25070,1057,846,1,4,9.0,5.0,5,5,10.0,51,1,0,2021,6,73,Azerbaijan Grand Prix,2021-06-06,12:00:00,norris,4,NOR,Lando,Norris,1999-11-13,British,mclaren,McLaren,British,Lando Norris,2021,4.0
25071,1057,4,214,14,8.0,6.0,6,6,8.0,51,1,0,2021,6,73,Azerbaijan Grand Prix,2021-06-06,12:00:00,alonso,14,ALO,Fernando,Alonso,1981-07-29,Spanish,alpine,Alpine F1 Team,French,Fernando Alonso,2021,2.0
25072,1057,852,213,22,7.0,7.0,7,7,6.0,51,1,0,2021,6,73,Azerbaijan Grand Prix,2021-06-06,12:00:00,tsunoda,22,TSU,Yuki,Tsunoda,2000-05-11,Japanese,alphatauri,AlphaTauri,Italian,Yuki Tsunoda,2021,0.0
25073,1057,832,6,55,5.0,8.0,8,8,4.0,51,1,0,2021,6,73,Azerbaijan Grand Prix,2021-06-06,12:00:00,sainz,55,SAI,Carlos,Sainz,1994-09-01,Spanish,ferrari,Ferrari,Italian,Carlos Sainz,2021,-3.0
25074,1057,817,1,3,13.0,9.0,9,9,2.0,51,1,0,2021,6,73,Azerbaijan Grand Prix,2021-06-06,12:00:00,ricciardo,3,RIC,Daniel,Ricciardo,1989-07-01,Australian,mclaren,McLaren,British,Daniel Ricciardo,2021,4.0
25075,1057,8,51,7,14.0,10.0,10,10,1.0,51,1,0,2021,6,73,Azerbaijan Grand Prix,2021-06-06,12:00:00,raikkonen,7,RAI,Kimi,Räikkönen,1979-10-17,Finnish,alfa,Alfa Romeo,Swiss,Kimi Räikkönen,2021,4.0
25076,1057,841,51,99,20.0,11.0,11,11,0.0,51,1,0,2021,6,73,Azerbaijan Grand Prix,2021-06-06,12:00:00,giovinazzi,99,GIO,Antonio,Giovinazzi,1993-12-14,Italian,alfa,Alfa Romeo,Swiss,Antonio Giovinazzi,2021,9.0
25077,1057,822,131,77,10.0,12.0,12,12,0.0,51,1,0,2021,6,73,Azerbaijan Grand Prix,2021-06-06,12:00:00,bottas,77,BOT,Valtteri,Bottas,1989-08-28,Finnish,mercedes,Mercedes,German,Valtteri Bottas,2021,-2.0
25078,1057,854,210,47,17.0,13.0,13,13,0.0,51,1,0,2021,6,73,Azerbaijan Grand Prix,2021-06-06,12:00:00,mick_schumacher,47,MSC,Mick,Schumacher,1999-03-22,German,haas,Haas F1 Team,American,Mick Schumacher,2021,4.0
25079,1057,853,210,9,18.0,14.0,14,14,0.0,51,1,0,2021,6,73,Azerbaijan Grand Prix,2021-06-06,12:00:00,mazepin,9,MAZ,Nikita,Mazepin,1999-03-02,Russian,haas,Haas F1 Team,American,Nikita Mazepin,2021,4.0
25080,1057,1,131,44,2.0,15.0,15,15,0.0,51,1,0,2021,6,73,Azerbaijan Grand Prix,2021-06-06,12:00:00,hamilton,44,HAM,Lewis,Hamilton,1985-01-07,British,mercedes,Mercedes,German,Lewis Hamilton,2021,-13.0
25081,1057,849,3,6,16.0,16.0,16,16,0.0,51,1,0,2021,6,73,Azerbaijan Grand Prix,2021-06-06,12:00:00,latifi,6,LAT,Nicholas,Latifi,1995-06-29,Canadian,williams,Williams,British,Nicholas Latifi,2021,0.0
25082,1057,847,3,63,15.0,0.0,R,17,0.0,48,6,1,2021,6,73,Azerbaijan Grand Prix,2021-06-06,12:00:00,russell,63,RUS,George,Russell,1998-02-15,British,williams,Williams,British,George Russell,2021,15.0
25083,1057,830,9,33,3.0,0.0,R,18,0.0,45,3,1,2021,6,73,Azerbaijan Grand Prix,2021-06-06,12:00:00,max_verstappen,33,VER,Max,Verstappen,1997-09-30,Dutch,red_bull,Red Bull,Austrian,Max Verstappen,2021,3.0
25084,1057,840,117,18,19.0,0.0,R,19,0.0,29,3,1,2021,6,73,Azerbaijan Grand Prix,2021-06-06,12:00:00,stroll,18,STR,Lance,Stroll,1998-10-29,Canadian,aston_martin,Aston Martin,British,Lance Stroll,2021,19.0
25085,1057,839,214,31,12.0,0.0,R,20,0.0,3,101,1,2021,6,73,Azerbaijan Grand Prix,2021-06-06,12:00:00,ocon,31,OCO,Esteban,Ocon,1996-09-17,French,alpine,Alpine F1 Team,French,Esteban Ocon,2021,12.0
25086,1059,830,9,33,1.0,1.0,1,1,26.0,53,1,0,2021,7,34,French Grand Prix,2021-06-20,13:00:00,max_verstappen,33,VER,Max,Verstappen,1997-09-30,Dutch,red_bull,Red Bull,Austrian,Max Verstappen,2021,0.0
25087,1059,1,131,44,2.0,2.0,2,2,18.0,53,1,0,2021,7,34,French Grand Prix,2021-06-20,13:00:00,hamilton,44,HAM,Lewis,Hamilton,1985-01-07,British,mercedes,Mercedes,German,Lewis Hamilton,2021,0.0
25088,1059,815,9,11,4.0,3.0,3,3,15.0,53,1,0,2021,7,34,French Grand Prix,2021-06-20,13:00:00,perez,11,PER,Sergio,Pérez,1990-01-26,Mexican,red_bull,Red Bull,Austrian,Sergio Pérez,2021,1.0
25089,1059,822,131,77,3.0,4.0,4,4,12.0,53,1,0,2021,7,34,French Grand Prix,2021-06-20,13:00:00,bottas,77,BOT,Valtteri,Bottas,1989-08-28,Finnish,mercedes,Mercedes,German,Valtteri Bottas,2021,-1.0
25090,1059,846,1,4,8.0,5.0,5,5,10.0,53,1,0,2021,7,34,French Grand Prix,2021-06-20,13:00:00,norris,4,NOR,Lando,Norris,1999-11-13,British,mclaren,McLaren,British,Lando Norris,2021,3.0
25091,1059,817,1,3,10.0,6.0,6,6,8.0,53,1,0,2021,7,34,French Grand Prix,2021-06-20,13:00:00,ricciardo,3,RIC,Daniel,Ricciardo,1989-07-01,Australian,mclaren,McLaren,British,Daniel Ricciardo,2021,4.0
25092,1059,842,213,10,6.0,7.0,7,7,6.0,53,1,0,2021,7,34,French Grand Prix,2021-06-20,13:00:00,gasly,10,GAS,Pierre,Gasly,1996-02-07,French,alphatauri,AlphaTauri,Italian,Pierre Gasly,2021,-1.0
25093,1059,4,214,14,9.0,8.0,8,8,4.0,53,1,0,2021,7,34,French Grand Prix,2021-06-20,13:00:00,alonso,14,ALO,Fernando,Alonso,1981-07-29,Spanish,alpine,Alpine F1 Team,French,Fernando Alonso,2021,1.0
25094,1059,20,117,5,12.0,9.0,9,9,2.0,53,1,0,2021,7,34,French Grand Prix,2021-06-20,13:00:00,vettel,5,VET,Sebastian,Vettel,1987-07-03,German,aston_martin,Aston Martin,British,Sebastian Vettel,2021,3.0
25095,1059,840,117,18,19.0,10.0,10,10,1.0,53,1,0,2021,7,34,French Grand Prix,2021-06-20,13:00:00,stroll,18,STR,Lance,Stroll,1998-10-29,Canadian,aston_martin,Aston Martin,British,Lance Stroll,2021,9.0
25096,1059,832,6,55,5.0,11.0,11,11,0.0,53,1,0,2021,7,34,French Grand Prix,2021-06-20,13:00:00,sainz,55,SAI,Carlos,Sainz,1994-09-01,Spanish,ferrari,Ferrari,Italian,Carlos Sainz,2021,-6.0
25097,1059,847,3,63,14.0,12.0,12,12,0.0,52,11,0,2021,7,34,French Grand Prix,2021-06-20,13:00:00,russell,63,RUS,George,Russell,1998-02-15,British,williams,Williams,British,George Russell,2021,2.0
25098,1059,852,213,22,0.0,13.0,13,13,0.0,52,11,0,2021,7,34,French Grand Prix,2021-06-20,13:00:00,tsunoda,22,TSU,Yuki,Tsunoda,2000-05-11,Japanese,alphatauri,AlphaTauri,Italian,Yuki Tsunoda,2021,-13.0
25099,1059,839,214,31,11.0,14.0,14,14,0.0,52,11,0,2021,7,34,French Grand Prix,2021-06-20,13:00:00,ocon,31,OCO,Esteban,Ocon,1996-09-17,French,alpine,Alpine F1 Team,French,Esteban Ocon,2021,-3.0
25100,1059,841,51,99,13.0,15.0,15,15,0.0,52,11,0,2021,7,34,French Grand Prix,2021-06-20,13:00:00,giovinazzi,99,GIO,Antonio,Giovinazzi,1993-12-14,Italian,alfa,Alfa Romeo,Swiss,Antonio Giovinazzi,2021,-2.0
25101,1059,844,6,16,7.0,16.0,16,16,0.0,52,11,0,2021,7,34,French Grand Prix,2021-06-20,13:00:00,leclerc,16,LEC,Charles,Leclerc,1997-10-16,Monegasque,ferrari,Ferrari,Italian,Charles Leclerc,2021,-9.0
25102,1059,8,51,7,17.0,17.0,17,17,0.0,52,11,0,2021,7,34,French Grand Prix,2021-06-20,13:00:00,raikkonen,7,RAI,Kimi,Räikkönen,1979-10-17,Finnish,alfa,Alfa Romeo,Swiss,Kimi Räikkönen,2021,0.0
25103,1059,849,3,6,16.0,18.0,18,18,0.0,52,11,0,2021,7,34,French Grand Prix,2021-06-20,13:00:00,latifi,6,LAT,Nicholas,Latifi,1995-06-29,Canadian,williams,Williams,British,Nicholas Latifi,2021,-2.0
25104,1059,854,210,47,15.0,19.0,19,19,0.0,52,11,0,2021,7,34,French Grand Prix,2021-06-20,13:00:00,mick_schumacher,47,MSC,Mick,Schumacher,1999-03-22,German,haas,Haas F1 Team,American,Mick Schumacher,2021,-4.0
25105,1059,853,210,9,18.0,20.0,20,20,0.0,52,11,0,2021,7,34,French Grand Prix,2021-06-20,13:00:00,mazepin,9,MAZ,Nikita,Mazepin,1999-03-02,Russian,haas,Haas F1 Team,American,Nikita Mazepin,2021,-2.0
25106,1058,830,9,33,1.0,1.0,1,1,25.0,71,1,0,2021,8,70,Styrian Grand Prix,2021-06-27,13:00:00,max_verstappen,33,VER,Max,Verstappen,1997-09-30,Dutch,red_bull,Red Bull,Austrian,Max Verstappen,2021,0.0
25107,1058,1,131,44,2.0,2.0,2,2,19.0,71,1,0,2021,8,70,Styrian Grand Prix,2021-06-27,13:00:00,hamilton,44,HAM,Lewis,Hamilton,1985-01-07,British,mercedes,Mercedes,German,Lewis Hamilton,2021,0.0
25108,1058,822,131,77,5.0,3.0,3,3,15.0,71,1,0,2021,8,70,Styrian Grand Prix,2021-06-27,13:00:00,bottas,77,BOT,Valtteri,Bottas,1989-08-28,Finnish,mercedes,Mercedes,German,Valtteri Bottas,2021,2.0
25109,1058,815,9,11,4.0,4.0,4,4,12.0,71,1,0,2021,8,70,Styrian Grand Prix,2021-06-27,13:00:00,perez,11,PER,Sergio,Pérez,1990-01-26,Mexican,red_bull,Red Bull,Austrian,Sergio Pérez,2021,0.0
25110,1058,846,1,4,3.0,5.0,5,5,10.0,70,11,0,2021,8,70,Styrian Grand Prix,2021-06-27,13:00:00,norris,4,NOR,Lando,Norris,1999-11-13,British,mclaren,McLaren,British,Lando Norris,2021,-2.0
25111,1058,832,6,55,12.0,6.0,6,6,8.0,70,11,0,2021,8,70,Styrian Grand Prix,2021-06-27,13:00:00,sainz,55,SAI,Carlos,Sainz,1994-09-01,Spanish,ferrari,Ferrari,Italian,Carlos Sainz,2021,6.0
25112,1058,844,6,16,7.0,7.0,7,7,6.0,70,11,0,2021,8,70,Styrian Grand Prix,2021-06-27,13:00:00,leclerc,16,LEC,Charles,Leclerc,1997-10-16,Monegasque,ferrari,Ferrari,Italian,Charles Leclerc,2021,0.0
25113,1058,840,117,18,9.0,8.0,8,8,4.0,70,11,0,2021,8,70,Styrian Grand Prix,2021-06-27,13:00:00,stroll,18,STR,Lance,Stroll,1998-10-29,Canadian,aston_martin,Aston Martin,British,Lance Stroll,2021,1.0
25114,1058,4,214,14,8.0,9.0,9,9,2.0,70,11,0,2021,8,70,Styrian Grand Prix,2021-06-27,13:00:00,alonso,14,ALO,Fernando,Alonso,1981-07-29,Spanish,alpine,Alpine F1 Team,French,Fernando Alonso,2021,-1.0
25115,1058,852,213,22,11.0,10.0,10,10,1.0,70,11,0,2021,8,70,Styrian Grand Prix,2021-06-27,13:00:00,tsunoda,22,TSU,Yuki,Tsunoda,2000-05-11,Japanese,alphatauri,AlphaTauri,Italian,Yuki Tsunoda,2021,1.0
25116,1058,8,51,7,18.0,11.0,11,11,0.0,70,11,0,2021,8,70,Styrian Grand Prix,2021-06-27,13:00:00,raikkonen,7,RAI,Kimi,Räikkönen,1979-10-17,Finnish,alfa,Alfa Romeo,Swiss,Kimi Räikkönen,2021,7.0
25117,1058,20,117,5,14.0,12.0,12,12,0.0,70,11,0,2021,8,70,Styrian Grand Prix,2021-06-27,13:00:00,vettel,5,VET,Sebastian,Vettel,1987-07-03,German,aston_martin,Aston Martin,British,Sebastian Vettel,2021,2.0
25118,1058,817,1,3,13.0,13.0,13,13,0.0,70,11,0,2021,8,70,Styrian Grand Prix,2021-06-27,13:00:00,ricciardo,3,RIC,Daniel,Ricciardo,1989-07-01,Australian,mclaren,McLaren,British,Daniel Ricciardo,2021,0.0
25119,1058,839,214,31,17.0,14.0,14,14,0.0,70,11,0,2021,8,70,Styrian Grand Prix,2021-06-27,13:00:00,ocon,31,OCO,Esteban,Ocon,1996-09-17,French,alpine,Alpine F1 Team,French,Esteban Ocon,2021,3.0
25120,1058,841,51,99,15.0,15.0,15,15,0.0,70,11,0,2021,8,70,Styrian Grand Prix,2021-06-27,13:00:00,giovinazzi,99,GIO,Antonio,Giovinazzi,1993-12-14,Italian,alfa,Alfa Romeo,Swiss,Antonio Giovinazzi,2021,0.0
25121,1058,854,210,47,19.0,16.0,16,16,0.0,69,12,0,2021,8,70,Styrian Grand Prix,2021-06-27,13:00:00,mick_schumacher,47,MSC,Mick,Schumacher,1999-03-22,German,haas,Haas F1 Team,American,Mick Schumacher,2021,3.0
25122,1058,849,3,6,16.0,17.0,17,17,0.0,68,13,0,2021,8,70,Styrian Grand Prix,2021-06-27,13:00:00,latifi,6,LAT,Nicholas,Latifi,1995-06-29,Canadian,williams,Williams,British,Nicholas Latifi,2021,-1.0
25123,1058,853,210,9,20.0,18.0,18,18,0.0,68,13,0,2021,8,70,Styrian Grand Prix,2021-06-27,13:00:00,mazepin,9,MAZ,Nikita,Mazepin,1999-03-02,Russian,haas,Haas F1 Team,American,Nikita Mazepin,2021,2.0
25124,1058,847,3,63,10.0,0.0,R,19,0.0,36,5,1,2021,8,70,Styrian Grand Prix,2021-06-27,13:00:00,russell,63,RUS,George,Russell,1998-02-15,British,williams,Williams,British,George Russell,2021,10.0
25125,1058,842,213,10,6.0,0.0,R,20,0.0,1,4,1,2021,8,70,Styrian Grand Prix,2021-06-27,13:00:00,gasly,10,GAS,Pierre,Gasly,1996-02-07,French,alphatauri,AlphaTauri,Italian,Pierre Gasly,2021,6.0
25126,1060,830,9,33,1.0,1.0,1,1,26.0,71,1,0,2021,9,70,Austrian Grand Prix,2021-07-04,13:00:00,max_verstappen,33,VER,Max,Verstappen,1997-09-30,Dutch,red_bull,Red Bull,Austrian,Max Verstappen,2021,0.0
25127,1060,822,131,77,5.0,2.0,2,2,18.0,71,1,0,2021,9,70,Austrian Grand Prix,2021-07-04,13:00:00,bottas,77,BOT,Valtteri,Bottas,1989-08-28,Finnish,mercedes,Mercedes,German,Valtteri Bottas,2021,3.0
25128,1060,846,1,4,2.0,3.0,3,3,15.0,71,1,0,2021,9,70,Austrian Grand Prix,2021-07-04,13:00:00,norris,4,NOR,Lando,Norris,1999-11-13,British,mclaren,McLaren,British,Lando Norris,2021,-1.0
25129,1060,1,131,44,4.0,4.0,4,4,12.0,71,1,0,2021,9,70,Austrian Grand Prix,2021-07-04,13:00:00,hamilton,44,HAM,Lewis,Hamilton,1985-01-07,British,mercedes,Mercedes,German,Lewis Hamilton,2021,0.0
25130,1060,832,6,55,10.0,5.0,5,5,10.0,71,1,0,2021,9,70,Austrian Grand Prix,2021-07-04,13:00:00,sainz,55,SAI,Carlos,Sainz,1994-09-01,Spanish,ferrari,Ferrari,Italian,Carlos Sainz,2021,5.0
25131,1060,815,9,11,3.0,6.0,6,6,8.0,71,1,0,2021,9,70,Austrian Grand Prix,2021-07-04,13:00:00,perez,11,PER,Sergio,Pérez,1990-01-26,Mexican,red_bull,Red Bull,Austrian,Sergio Pérez,2021,-3.0
25132,1060,817,1,3,13.0,7.0,7,7,6.0,71,1,0,2021,9,70,Austrian Grand Prix,2021-07-04,13:00:00,ricciardo,3,RIC,Daniel,Ricciardo,1989-07-01,Australian,mclaren,McLaren,British,Daniel Ricciardo,2021,6.0
25133,1060,844,6,16,12.0,8.0,8,8,4.0,71,1,0,2021,9,70,Austrian Grand Prix,2021-07-04,13:00:00,leclerc,16,LEC,Charles,Leclerc,1997-10-16,Monegasque,ferrari,Ferrari,Italian,Charles Leclerc,2021,4.0
25134,1060,842,213,10,6.0,9.0,9,9,2.0,71,1,0,2021,9,70,Austrian Grand Prix,2021-07-04,13:00:00,gasly,10,GAS,Pierre,Gasly,1996-02-07,French,alphatauri,AlphaTauri,Italian,Pierre Gasly,2021,-3.0
25135,1060,4,214,14,14.0,10.0,10,10,1.0,70,11,0,2021,9,70,Austrian Grand Prix,2021-07-04,13:00:00,alonso,14,ALO,Fernando,Alonso,1981-07-29,Spanish,alpine,Alpine F1 Team,French,Fernando Alonso,2021,4.0
25136,1060,847,3,63,8.0,11.0,11,11,0.0,70,11,0,2021,9,70,Austrian Grand Prix,2021-07-04,13:00:00,russell,63,RUS,George,Russell,1998-02-15,British,williams,Williams,British,George Russell,2021,-3.0
25137,1060,852,213,22,7.0,12.0,12,12,0.0,70,11,0,2021,9,70,Austrian Grand Prix,2021-07-04,13:00:00,tsunoda,22,TSU,Yuki,Tsunoda,2000-05-11,Japanese,alphatauri,AlphaTauri,Italian,Yuki Tsunoda,2021,-5.0
25138,1060,840,117,18,9.0,13.0,13,13,0.0,70,11,0,2021,9,70,Austrian Grand Prix,2021-07-04,13:00:00,stroll,18,STR,Lance,Stroll,1998-10-29,Canadian,aston_martin,Aston Martin,British,Lance Stroll,2021,-4.0
25139,1060,841,51,99,15.0,14.0,14,14,0.0,70,11,0,2021,9,70,Austrian Grand Prix,2021-07-04,13:00:00,giovinazzi,99,GIO,Antonio,Giovinazzi,1993-12-14,Italian,alfa,Alfa Romeo,Swiss,Antonio Giovinazzi,2021,1.0
25140,1060,8,51,7,16.0,15.0,15,15,0.0,70,11,0,2021,9,70,Austrian Grand Prix,2021-07-04,13:00:00,raikkonen,7,RAI,Kimi,Räikkönen,1979-10-17,Finnish,alfa,Alfa Romeo,Swiss,Kimi Räikkönen,2021,1.0
25141,1060,849,3,6,18.0,16.0,16,16,0.0,70,11,0,2021,9,70,Austrian Grand Prix,2021-07-04,13:00:00,latifi,6,LAT,Nicholas,Latifi,1995-06-29,Canadian,williams,Williams,British,Nicholas Latifi,2021,2.0
25142,1060,20,117,5,11.0,17.0,17,17,0.0,69,4,0,2021,9,70,Austrian Grand Prix,2021-07-04,13:00:00,vettel,5,VET,Sebastian,Vettel,1987-07-03,German,aston_martin,Aston Martin,British,Sebastian Vettel,2021,-6.0
25143,1060,854,210,47,19.0,18.0,18,18,0.0,69,12,0,2021,9,70,Austrian Grand Prix,2021-07-04,13:00:00,mick_schumacher,47,MSC,Mick,Schumacher,1999-03-22,German,haas,Haas F1 Team,American,Mick Schumacher,2021,1.0
25144,1060,853,210,9,20.0,19.0,19,19,0.0,69,12,0,2021,9,70,Austrian Grand Prix,2021-07-04,13:00:00,mazepin,9,MAZ,Nikita,Mazepin,1999-03-02,Russian,haas,Haas F1 Team,American,Nikita Mazepin,2021,1.0
25145,1060,839,214,31,17.0,0.0,R,20,0.0,0,4,1,2021,9,70,Austrian Grand Prix,2021-07-04,13:00:00,ocon,31,OCO,Esteban,Ocon,1996-09-17,French,alpine,Alpine F1 Team,French,Esteban Ocon,2021,17.0
25146,1061,1,131,44,2.0,1.0,1,1,25.0,52,1,0,2021,10,9,British Grand Prix,2021-07-18,14:00:00,hamilton,44,HAM,Lewis,Hamilton,1985-01-07,British,mercedes,Mercedes,German,Lewis Hamilton,2021,1.0
25147,1061,844,6,16,4.0,2.0,2,2,18.0,52,1,0,2021,10,9,British Grand Prix,2021-07-18,14:00:00,leclerc,16,LEC,Charles,Leclerc,1997-10-16,Monegasque,ferrari,Ferrari,Italian,Charles Leclerc,2021,2.0
25148,1061,822,131,77,3.0,3.0,3,3,15.0,52,1,0,2021,10,9,British Grand Prix,2021-07-18,14:00:00,bottas,77,BOT,Valtteri,Bottas,1989-08-28,Finnish,mercedes,Mercedes,German,Valtteri Bottas,2021,0.0
25149,1061,846,1,4,5.0,4.0,4,4,12.0,52,1,0,2021,10,9,British Grand Prix,2021-07-18,14:00:00,norris,4,NOR,Lando,Norris,1999-11-13,British,mclaren,McLaren,British,Lando Norris,2021,1.0
25150,1061,817,1,3,6.0,5.0,5,5,10.0,52,1,0,2021,10,9,British Grand Prix,2021-07-18,14:00:00,ricciardo,3,RIC,Daniel,Ricciardo,1989-07-01,Australian,mclaren,McLaren,British,Daniel Ricciardo,2021,1.0
25151,1061,832,6,55,10.0,6.0,6,6,8.0,52,1,0,2021,10,9,British Grand Prix,2021-07-18,14:00:00,sainz,55,SAI,Carlos,Sainz,1994-09-01,Spanish,ferrari,Ferrari,Italian,Carlos Sainz,2021,4.0
25152,1061,4,214,14,7.0,7.0,7,7,6.0,52,1,0,2021,10,9,British Grand Prix,2021-07-18,14:00:00,alonso,14,ALO,Fernando,Alonso,1981-07-29,Spanish,alpine,Alpine F1 Team,French,Fernando Alonso,2021,0.0
25153,1061,840,117,18,14.0,8.0,8,8,4.0,52,1,0,2021,10,9,British Grand Prix,2021-07-18,14:00:00,stroll,18,STR,Lance,Stroll,1998-10-29,Canadian,aston_martin,Aston Martin,British,Lance Stroll,2021,6.0
25154,1061,839,214,31,9.0,9.0,9,9,2.0,52,1,0,2021,10,9,British Grand Prix,2021-07-18,14:00:00,ocon,31,OCO,Esteban,Ocon,1996-09-17,French,alpine,Alpine F1 Team,French,Esteban Ocon,2021,0.0
25155,1061,852,213,22,16.0,10.0,10,10,1.0,52,1,0,2021,10,9,British Grand Prix,2021-07-18,14:00:00,tsunoda,22,TSU,Yuki,Tsunoda,2000-05-11,Japanese,alphatauri,AlphaTauri,Italian,Yuki Tsunoda,2021,6.0
25156,1061,842,213,10,11.0,11.0,11,11,0.0,52,1,0,2021,10,9,British Grand Prix,2021-07-18,14:00:00,gasly,10,GAS,Pierre,Gasly,1996-02-07,French,alphatauri,AlphaTauri,Italian,Pierre Gasly,2021,0.0
25157,1061,847,3,63,12.0,12.0,12,12,0.0,51,11,0,2021,10,9,British Grand Prix,2021-07-18,14:00:00,russell,63,RUS,George,Russell,1998-02-15,British,williams,Williams,British,George Russell,2021,0.0
25158,1061,841,51,99,15.0,13.0,13,13,0.0,51,11,0,2021,10,9,British Grand Prix,2021-07-18,14:00:00,giovinazzi,99,GIO,Antonio,Giovinazzi,1993-12-14,Italian,alfa,Alfa Romeo,Swiss,Antonio Giovinazzi,2021,2.0
25159,1061,849,3,6,17.0,14.0,14,14,0.0,51,11,0,2021,10,9,British Grand Prix,2021-07-18,14:00:00,latifi,6,LAT,Nicholas,Latifi,1995-06-29,Canadian,williams,Williams,British,Nicholas Latifi,2021,3.0
25160,1061,8,51,7,13.0,15.0,15,15,0.0,51,11,0,2021,10,9,British Grand Prix,2021-07-18,14:00:00,raikkonen,7,RAI,Kimi,Räikkönen,1979-10-17,Finnish,alfa,Alfa Romeo,Swiss,Kimi Räikkönen,2021,-2.0
25161,1061,815,9,11,0.0,16.0,16,16,0.0,51,11,0,2021,10,9,British Grand Prix,2021-07-18,14:00:00,perez,11,PER,Sergio,Pérez,1990-01-26,Mexican,red_bull,Red Bull,Austrian,Sergio Pérez,2021,-16.0
25162,1061,853,210,9,19.0,17.0,17,17,0.0,51,11,0,2021,10,9,British Grand Prix,2021-07-18,14:00:00,mazepin,9,MAZ,Nikita,Mazepin,1999-03-02,Russian,haas,Haas F1 Team,American,Nikita Mazepin,2021,2.0
25163,1061,854,210,47,18.0,18.0,18,18,0.0,51,11,0,2021,10,9,British Grand Prix,2021-07-18,14:00:00,mick_schumacher,47,MSC,Mick,Schumacher,1999-03-22,German,haas,Haas F1 Team,American,Mick Schumacher,2021,0.0
25164,1061,20,117,5,8.0,0.0,R,19,0.0,40,31,1,2021,10,9,British Grand Prix,2021-07-18,14:00:00,vettel,5,VET,Sebastian,Vettel,1987-07-03,German,aston_martin,Aston Martin,British,Sebastian Vettel,2021,8.0
25165,1061,830,9,33,1.0,0.0,R,20,0.0,0,4,1,2021,10,9,British Grand Prix,2021-07-18,14:00:00,max_verstappen,33,VER,Max,Verstappen,1997-09-30,Dutch,red_bull,Red Bull,Austrian,Max Verstappen,2021,1.0
25166,1062,839,214,31,8.0,1.0,1,1,25.0,70,1,0,2021,11,11,Hungarian Grand Prix,2021-08-01,13:00:00,ocon,31,OCO,Esteban,Ocon,1996-09-17,French,alpine,Alpine F1 Team,French,Esteban Ocon,2021,7.0
25167,1062,1,131,44,1.0,2.0,2,2,18.0,70,1,0,2021,11,11,Hungarian Grand Prix,2021-08-01,13:00:00,hamilton,44,HAM,Lewis,Hamilton,1985-01-07,British,mercedes,Mercedes,German,Lewis Hamilton,2021,-1.0
25168,1062,832,6,55,15.0,3.0,3,3,15.0,70,1,0,2021,11,11,Hungarian Grand Prix,2021-08-01,13:00:00,sainz,55,SAI,Carlos,Sainz,1994-09-01,Spanish,ferrari,Ferrari,Italian,Carlos Sainz,2021,12.0
25169,1062,4,214,14,9.0,4.0,4,4,12.0,70,1,0,2021,11,11,Hungarian Grand Prix,2021-08-01,13:00:00,alonso,14,ALO,Fernando,Alonso,1981-07-29,Spanish,alpine,Alpine F1 Team,French,Fernando Alonso,2021,5.0
25170,1062,842,213,10,5.0,5.0,5,5,11.0,70,1,0,2021,11,11,Hungarian Grand Prix,2021-08-01,13:00:00,gasly,10,GAS,Pierre,Gasly,1996-02-07,French,alphatauri,AlphaTauri,Italian,Pierre Gasly,2021,0.0
25171,1062,852,213,22,16.0,6.0,6,6,8.0,70,1,0,2021,11,11,Hungarian Grand Prix,2021-08-01,13:00:00,tsunoda,22,TSU,Yuki,Tsunoda,2000-05-11,Japanese,alphatauri,AlphaTauri,Italian,Yuki Tsunoda,2021,10.0
25172,1062,849,3,6,18.0,7.0,7,7,6.0,70,1,0,2021,11,11,Hungarian Grand Prix,2021-08-01,13:00:00,latifi,6,LAT,Nicholas,Latifi,1995-06-29,Canadian,williams,Williams,British,Nicholas Latifi,2021,11.0
25173,1062,847,3,63,17.0,8.0,8,8,4.0,70,1,0,2021,11,11,Hungarian Grand Prix,2021-08-01,13:00:00,russell,63,RUS,George,Russell,1998-02-15,British,williams,Williams,British,George Russell,2021,9.0
25174,1062,830,9,33,3.0,9.0,9,9,2.0,70,1,0,2021,11,11,Hungarian Grand Prix,2021-08-01,13:00:00,max_verstappen,33,VER,Max,Verstappen,1997-09-30,Dutch,red_bull,Red Bull,Austrian,Max Verstappen,2021,-6.0
25175,1062,8,51,7,13.0,10.0,10,10,1.0,69,11,0,2021,11,11,Hungarian Grand Prix,2021-08-01,13:00:00,raikkonen,7,RAI,Kimi,Räikkönen,1979-10-17,Finnish,alfa,Alfa Romeo,Swiss,Kimi Räikkönen,2021,3.0
25176,1062,817,1,3,11.0,11.0,11,11,0.0,69,11,0,2021,11,11,Hungarian Grand Prix,2021-08-01,13:00:00,ricciardo,3,RIC,Daniel,Ricciardo,1989-07-01,Australian,mclaren,McLaren,British,Daniel Ricciardo,2021,0.0
25177,1062,854,210,47,20.0,12.0,12,12,0.0,69,11,0,2021,11,11,Hungarian Grand Prix,2021-08-01,13:00:00,mick_schumacher,47,MSC,Mick,Schumacher,1999-03-22,German,haas,Haas F1 Team,American,Mick Schumacher,2021,8.0
25178,1062,841,51,99,0.0,13.0,13,13,0.0,69,11,0,2021,11,11,Hungarian Grand Prix,2021-08-01,13:00:00,giovinazzi,99,GIO,Antonio,Giovinazzi,1993-12-14,Italian,alfa,Alfa Romeo,Swiss,Antonio Giovinazzi,2021,-13.0
25179,1062,853,210,9,19.0,0.0,R,14,0.0,3,4,1,2021,11,11,Hungarian Grand Prix,2021-08-01,13:00:00,mazepin,9,MAZ,Nikita,Mazepin,1999-03-02,Russian,haas,Haas F1 Team,American,Nikita Mazepin,2021,19.0
25180,1062,846,1,4,6.0,0.0,R,15,0.0,2,4,1,2021,11,11,Hungarian Grand Prix,2021-08-01,13:00:00,norris,4,NOR,Lando,Norris,1999-11-13,British,mclaren,McLaren,British,Lando Norris,2021,6.0
25181,1062,822,131,77,2.0,0.0,R,16,0.0,0,4,1,2021,11,11,Hungarian Grand Prix,2021-08-01,13:00:00,bottas,77,BOT,Valtteri,Bottas,1989-08-28,Finnish,mercedes,Mercedes,German,Valtteri Bottas,2021,2.0
25182,1062,815,9,11,4.0,0.0,R,17,0.0,0,4,1,2021,11,11,Hungarian Grand Prix,2021-08-01,13:00:00,perez,11,PER,Sergio,Pérez,1990-01-26,Mexican,red_bull,Red Bull,Austrian,Sergio Pérez,2021,4.0
25183,1062,844,6,16,7.0,0.0,R,18,0.0,0,4,1,2021,11,11,Hungarian Grand Prix,2021-08-01,13:00:00,leclerc,16,LEC,Charles,Leclerc,1997-10-16,Monegasque,ferrari,Ferrari,Italian,Charles Leclerc,2021,7.0
25184,1062,840,117,18,12.0,0.0,R,19,0.0,0,4,1,2021,11,11,Hungarian Grand Prix,2021-08-01,13:00:00,stroll,18,STR,Lance,Stroll,1998-10-29,Canadian,aston_martin,Aston Martin,British,Lance Stroll,2021,12.0
25185,1062,20,117,5,10.0,0.0,D,20,0.0,70,2,1,2021,11,11,Hungarian Grand Prix,2021-08-01,13:00:00,vettel,5,VET,Sebastian,Vettel,1987-07-03,German,aston_martin,Aston Martin,British,Sebastian Vettel,2021,10.0
25186,1063,830,9,33,1.0,1.0,1,1,12.5,1,1,0,2021,12,13,Belgian Grand Prix,2021-08-29,13:00:00,max_verstappen,33,VER,Max,Verstappen,1997-09-30,Dutch,red_bull,Red Bull,Austrian,Max Verstappen,2021,0.0
25187,1063,847,3,63,2.0,2.0,2,2,9.0,1,1,0,2021,12,13,Belgian Grand Prix,2021-08-29,13:00:00,russell,63,RUS,George,Russell,1998-02-15,British,williams,Williams,British,George Russell,2021,0.0
25188,1063,1,131,44,3.0,3.0,3,3,7.5,1,1,0,2021,12,13,Belgian Grand Prix,2021-08-29,13:00:00,hamilton,44,HAM,Lewis,Hamilton,1985-01-07,British,mercedes,Mercedes,German,Lewis Hamilton,2021,0.0
25189,1063,817,1,3,4.0,4.0,4,4,6.0,1,1,0,2021,12,13,Belgian Grand Prix,2021-08-29,13:00:00,ricciardo,3,RIC,Daniel,Ricciardo,1989-07-01,Australian,mclaren,McLaren,British,Daniel Ricciardo,2021,0.0
25190,1063,20,117,5,5.0,5.0,5,5,5.0,1,1,0,2021,12,13,Belgian Grand Prix,2021-08-29,13:00:00,vettel,5,VET,Sebastian,Vettel,1987-07-03,German,aston_martin,Aston Martin,British,Sebastian Vettel,2021,0.0
25191,1063,842,213,10,6.0,6.0,6,6,4.0,1,1,0,2021,12,13,Belgian Grand Prix,2021-08-29,13:00:00,gasly,10,GAS,Pierre,Gasly,1996-02-07,French,alphatauri,AlphaTauri,Italian,Pierre Gasly,2021,0.0
25192,1063,839,214,31,8.0,7.0,7,7,3.0,1,1,0,2021,12,13,Belgian Grand Prix,2021-08-29,13:00:00,ocon,31,OCO,Esteban,Ocon,1996-09-17,French,alpine,Alpine F1 Team,French,Esteban Ocon,2021,1.0
25193,1063,844,6,16,9.0,8.0,8,8,2.0,1,1,0,2021,12,13,Belgian Grand Prix,2021-08-29,13:00:00,leclerc,16,LEC,Charles,Leclerc,1997-10-16,Monegasque,ferrari,Ferrari,Italian,Charles Leclerc,2021,1.0
25194,1063,849,3,6,10.0,9.0,9,9,1.0,1,1,0,2021,12,13,Belgian Grand Prix,2021-08-29,13:00:00,latifi,6,LAT,Nicholas,Latifi,1995-06-29,Canadian,williams,Williams,British,Nicholas Latifi,2021,1.0
25195,1063,832,6,55,11.0,10.0,10,10,0.5,1,1,0,2021,12,13,Belgian Grand Prix,2021-08-29,13:00:00,sainz,55,SAI,Carlos,Sainz,1994-09-01,Spanish,ferrari,Ferrari,Italian,Carlos Sainz,2021,1.0
25196,1063,4,214,14,12.0,11.0,11,11,0.0,1,1,0,2021,12,13,Belgian Grand Prix,2021-08-29,13:00:00,alonso,14,ALO,Fernando,Alonso,1981-07-29,Spanish,alpine,Alpine F1 Team,French,Fernando Alonso,2021,1.0
25197,1063,822,131,77,13.0,12.0,12,12,0.0,1,1,0,2021,12,13,Belgian Grand Prix,2021-08-29,13:00:00,bottas,77,BOT,Valtteri,Bottas,1989-08-28,Finnish,mercedes,Mercedes,German,Valtteri Bottas,2021,1.0
25198,1063,841,51,99,14.0,13.0,13,13,0.0,1,1,0,2021,12,13,Belgian Grand Prix,2021-08-29,13:00:00,giovinazzi,99,GIO,Antonio,Giovinazzi,1993-12-14,Italian,alfa,Alfa Romeo,Swiss,Antonio Giovinazzi,2021,1.0
25199,1063,846,1,4,15.0,14.0,14,14,0.0,1,1,0,2021,12,13,Belgian Grand Prix,2021-08-29,13:00:00,norris,4,NOR,Lando,Norris,1999-11-13,British,mclaren,McLaren,British,Lando Norris,2021,1.0
25200,1063,852,213,22,16.0,15.0,15,15,0.0,1,1,0,2021,12,13,Belgian Grand Prix,2021-08-29,13:00:00,tsunoda,22,TSU,Yuki,Tsunoda,2000-05-11,Japanese,alphatauri,AlphaTauri,Italian,Yuki Tsunoda,2021,1.0
25201,1063,854,210,47,17.0,16.0,16,16,0.0,1,1,0,2021,12,13,Belgian Grand Prix,2021-08-29,13:00:00,mick_schumacher,47,MSC,Mick,Schumacher,1999-03-22,German,haas,Haas F1 Team,American,Mick Schumacher,2021,1.0
25202,1063,853,210,9,18.0,17.0,17,17,0.0,1,1,0,2021,12,13,Belgian Grand Prix,2021-08-29,13:00:00,mazepin,9,MAZ,Nikita,Mazepin,1999-03-02,Russian,haas,Haas F1 Team,American,Nikita Mazepin,2021,1.0
25203,1063,8,51,7,0.0,18.0,18,18,0.0,1,1,0,2021,12,13,Belgian Grand Prix,2021-08-29,13:00:00,raikkonen,7,RAI,Kimi,Räikkönen,1979-10-17,Finnish,alfa,Alfa Romeo,Swiss,Kimi Räikkönen,2021,-18.0
25204,1063,815,9,11,0.0,19.0,19,19,0.0,1,1,0,2021,12,13,Belgian Grand Prix,2021-08-29,13:00:00,perez,11,PER,Sergio,Pérez,1990-01-26,Mexican,red_bull,Red Bull,Austrian,Sergio Pérez,2021,-19.0
25205,1063,840,117,18,19.0,20.0,20,20,0.0,1,1,0,2021,12,13,Belgian Grand Prix,2021-08-29,13:00:00,stroll,18,STR,Lance,Stroll,1998-10-29,Canadian,aston_martin,Aston Martin,British,Lance Stroll,2021,-1.0
25206,1064,830,9,33,1.0,1.0,1,1,25.0,72,1,0,2021,13,39,Dutch Grand Prix,2021-09-05,13:00:00,max_verstappen,33,VER,Max,Verstappen,1997-09-30,Dutch,red_bull,Red Bull,Austrian,Max Verstappen,2021,0.0
25207,1064,1,131,44,2.0,2.0,2,2,19.0,72,1,0,2021,13,39,Dutch Grand Prix,2021-09-05,13:00:00,hamilton,44,HAM,Lewis,Hamilton,1985-01-07,British,mercedes,Mercedes,German,Lewis Hamilton,2021,0.0
25208,1064,822,131,77,3.0,3.0,3,3,15.0,72,1,0,2021,13,39,Dutch Grand Prix,2021-09-05,13:00:00,bottas,77,BOT,Valtteri,Bottas,1989-08-28,Finnish,mercedes,Mercedes,German,Valtteri Bottas,2021,0.0
25209,1064,842,213,10,4.0,4.0,4,4,12.0,71,11,0,2021,13,39,Dutch Grand Prix,2021-09-05,13:00:00,gasly,10,GAS,Pierre,Gasly,1996-02-07,French,alphatauri,AlphaTauri,Italian,Pierre Gasly,2021,0.0
25210,1064,844,6,16,5.0,5.0,5,5,10.0,71,11,0,2021,13,39,Dutch Grand Prix,2021-09-05,13:00:00,leclerc,16,LEC,Charles,Leclerc,1997-10-16,Monegasque,ferrari,Ferrari,Italian,Charles Leclerc,2021,0.0
25211,1064,4,214,14,9.0,6.0,6,6,8.0,71,11,0,2021,13,39,Dutch Grand Prix,2021-09-05,13:00:00,alonso,14,ALO,Fernando,Alonso,1981-07-29,Spanish,alpine,Alpine F1 Team,French,Fernando Alonso,2021,3.0
25212,1064,832,6,55,6.0,7.0,7,7,6.0,71,11,0,2021,13,39,Dutch Grand Prix,2021-09-05,13:00:00,sainz,55,SAI,Carlos,Sainz,1994-09-01,Spanish,ferrari,Ferrari,Italian,Carlos Sainz,2021,-1.0
25213,1064,815,9,11,0.0,8.0,8,8,4.0,71,11,0,2021,13,39,Dutch Grand Prix,2021-09-05,13:00:00,perez,11,PER,Sergio,Pérez,1990-01-26,Mexican,red_bull,Red Bull,Austrian,Sergio Pérez,2021,-8.0
25214,1064,839,214,31,8.0,9.0,9,9,2.0,71,11,0,2021,13,39,Dutch Grand Prix,2021-09-05,13:00:00,ocon,31,OCO,Esteban,Ocon,1996-09-17,French,alpine,Alpine F1 Team,French,Esteban Ocon,2021,-1.0
25215,1064,846,1,4,13.0,10.0,10,10,1.0,71,11,0,2021,13,39,Dutch Grand Prix,2021-09-05,13:00:00,norris,4,NOR,Lando,Norris,1999-11-13,British,mclaren,McLaren,British,Lando Norris,2021,3.0
25216,1064,817,1,3,10.0,11.0,11,11,0.0,71,11,0,2021,13,39,Dutch Grand Prix,2021-09-05,13:00:00,ricciardo,3,RIC,Daniel,Ricciardo,1989-07-01,Australian,mclaren,McLaren,British,Daniel Ricciardo,2021,-1.0
25217,1064,840,117,18,12.0,12.0,12,12,0.0,70,12,0,2021,13,39,Dutch Grand Prix,2021-09-05,13:00:00,stroll,18,STR,Lance,Stroll,1998-10-29,Canadian,aston_martin,Aston Martin,British,Lance Stroll,2021,0.0
25218,1064,20,117,5,15.0,13.0,13,13,0.0,70,12,0,2021,13,39,Dutch Grand Prix,2021-09-05,13:00:00,vettel,5,VET,Sebastian,Vettel,1987-07-03,German,aston_martin,Aston Martin,British,Sebastian Vettel,2021,2.0
25219,1064,841,51,99,7.0,14.0,14,14,0.0,70,12,0,2021,13,39,Dutch Grand Prix,2021-09-05,13:00:00,giovinazzi,99,GIO,Antonio,Giovinazzi,1993-12-14,Italian,alfa,Alfa Romeo,Swiss,Antonio Giovinazzi,2021,-7.0
25220,1064,9,51,88,16.0,15.0,15,15,0.0,70,12,0,2021,13,39,Dutch Grand Prix,2021-09-05,13:00:00,kubica,88,KUB,Robert,Kubica,1984-12-07,Polish,alfa,Alfa Romeo,Swiss,Robert Kubica,2021,1.0
25221,1064,849,3,6,0.0,16.0,16,16,0.0,70,12,0,2021,13,39,Dutch Grand Prix,2021-09-05,13:00:00,latifi,6,LAT,Nicholas,Latifi,1995-06-29,Canadian,williams,Williams,British,Nicholas Latifi,2021,-16.0
25222,1064,847,3,63,11.0,17.0,17,17,0.0,69,6,0,2021,13,39,Dutch Grand Prix,2021-09-05,13:00:00,russell,63,RUS,George,Russell,1998-02-15,British,williams,Williams,British,George Russell,2021,-6.0
25223,1064,854,210,47,17.0,18.0,18,18,0.0,69,13,0,2021,13,39,Dutch Grand Prix,2021-09-05,13:00:00,mick_schumacher,47,MSC,Mick,Schumacher,1999-03-22,German,haas,Haas F1 Team,American,Mick Schumacher,2021,-1.0
25224,1064,852,213,22,14.0,0.0,R,19,0.0,48,131,1,2021,13,39,Dutch Grand Prix,2021-09-05,13:00:00,tsunoda,22,TSU,Yuki,Tsunoda,2000-05-11,Japanese,alphatauri,AlphaTauri,Italian,Yuki Tsunoda,2021,14.0
25225,1064,853,210,9,18.0,0.0,R,20,0.0,41,9,1,2021,13,39,Dutch Grand Prix,2021-09-05,13:00:00,mazepin,9,MAZ,Nikita,Mazepin,1999-03-02,Russian,haas,Haas F1 Team,American,Nikita Mazepin,2021,18.0
25226,1065,817,1,3,2.0,1.0,1,1,26.0,53,1,0,2021,14,14,Italian Grand Prix,2021-09-12,13:00:00,ricciardo,3,RIC,Daniel,Ricciardo,1989-07-01,Australian,mclaren,McLaren,British,Daniel Ricciardo,2021,1.0
25227,1065,846,1,4,3.0,2.0,2,2,18.0,53,1,0,2021,14,14,Italian Grand Prix,2021-09-12,13:00:00,norris,4,NOR,Lando,Norris,1999-11-13,British,mclaren,McLaren,British,Lando Norris,2021,1.0
25228,1065,822,131,77,19.0,3.0,3,3,15.0,53,1,0,2021,14,14,Italian Grand Prix,2021-09-12,13:00:00,bottas,77,BOT,Valtteri,Bottas,1989-08-28,Finnish,mercedes,Mercedes,German,Valtteri Bottas,2021,16.0
25229,1065,844,6,16,5.0,4.0,4,4,12.0,53,1,0,2021,14,14,Italian Grand Prix,2021-09-12,13:00:00,leclerc,16,LEC,Charles,Leclerc,1997-10-16,Monegasque,ferrari,Ferrari,Italian,Charles Leclerc,2021,1.0
25230,1065,815,9,11,8.0,5.0,5,5,10.0,53,1,0,2021,14,14,Italian Grand Prix,2021-09-12,13:00:00,perez,11,PER,Sergio,Pérez,1990-01-26,Mexican,red_bull,Red Bull,Austrian,Sergio Pérez,2021,3.0
25231,1065,832,6,55,6.0,6.0,6,6,8.0,53,1,0,2021,14,14,Italian Grand Prix,2021-09-12,13:00:00,sainz,55,SAI,Carlos,Sainz,1994-09-01,Spanish,ferrari,Ferrari,Italian,Carlos Sainz,2021,0.0
25232,1065,840,117,18,9.0,7.0,7,7,6.0,53,1,0,2021,14,14,Italian Grand Prix,2021-09-12,13:00:00,stroll,18,STR,Lance,Stroll,1998-10-29,Canadian,aston_martin,Aston Martin,British,Lance Stroll,2021,2.0
25233,1065,4,214,14,10.0,8.0,8,8,4.0,53,1,0,2021,14,14,Italian Grand Prix,2021-09-12,13:00:00,alonso,14,ALO,Fernando,Alonso,1981-07-29,Spanish,alpine,Alpine F1 Team,French,Fernando Alonso,2021,2.0
25234,1065,847,3,63,14.0,9.0,9,9,2.0,53,1,0,2021,14,14,Italian Grand Prix,2021-09-12,13:00:00,russell,63,RUS,George,Russell,1998-02-15,British,williams,Williams,British,George Russell,2021,5.0
25235,1065,839,214,31,12.0,10.0,10,10,1.0,53,1,0,2021,14,14,Italian Grand Prix,2021-09-12,13:00:00,ocon,31,OCO,Esteban,Ocon,1996-09-17,French,alpine,Alpine F1 Team,French,Esteban Ocon,2021,2.0
25236,1065,849,3,6,13.0,11.0,11,11,0.0,53,1,0,2021,14,14,Italian Grand Prix,2021-09-12,13:00:00,latifi,6,LAT,Nicholas,Latifi,1995-06-29,Canadian,williams,Williams,British,Nicholas Latifi,2021,2.0
25237,1065,20,117,5,11.0,12.0,12,12,0.0,53,1,0,2021,14,14,Italian Grand Prix,2021-09-12,13:00:00,vettel,5,VET,Sebastian,Vettel,1987-07-03,German,aston_martin,Aston Martin,British,Sebastian Vettel,2021,-1.0
25238,1065,841,51,99,7.0,13.0,13,13,0.0,53,1,0,2021,14,14,Italian Grand Prix,2021-09-12,13:00:00,giovinazzi,99,GIO,Antonio,Giovinazzi,1993-12-14,Italian,alfa,Alfa Romeo,Swiss,Antonio Giovinazzi,2021,-6.0
25239,1065,9,51,88,17.0,14.0,14,14,0.0,53,1,0,2021,14,14,Italian Grand Prix,2021-09-12,13:00:00,kubica,88,KUB,Robert,Kubica,1984-12-07,Polish,alfa,Alfa Romeo,Swiss,Robert Kubica,2021,3.0
25240,1065,854,210,47,18.0,15.0,15,15,0.0,53,1,0,2021,14,14,Italian Grand Prix,2021-09-12,13:00:00,mick_schumacher,47,MSC,Mick,Schumacher,1999-03-22,German,haas,Haas F1 Team,American,Mick Schumacher,2021,3.0
25241,1065,853,210,9,16.0,0.0,R,16,0.0,41,131,1,2021,14,14,Italian Grand Prix,2021-09-12,13:00:00,mazepin,9,MAZ,Nikita,Mazepin,1999-03-02,Russian,haas,Haas F1 Team,American,Nikita Mazepin,2021,16.0
25242,1065,1,131,44,4.0,0.0,R,17,0.0,25,4,1,2021,14,14,Italian Grand Prix,2021-09-12,13:00:00,hamilton,44,HAM,Lewis,Hamilton,1985-01-07,British,mercedes,Mercedes,German,Lewis Hamilton,2021,4.0
25243,1065,830,9,33,1.0,0.0,R,18,0.0,25,4,1,2021,14,14,Italian Grand Prix,2021-09-12,13:00:00,max_verstappen,33,VER,Max,Verstappen,1997-09-30,Dutch,red_bull,Red Bull,Austrian,Max Verstappen,2021,1.0
25244,1065,842,213,10,0.0,0.0,R,19,0.0,3,22,1,2021,14,14,Italian Grand Prix,2021-09-12,13:00:00,gasly,10,GAS,Pierre,Gasly,1996-02-07,French,alphatauri,AlphaTauri,Italian,Pierre Gasly,2021,0.0
25245,1065,852,213,22,0.0,0.0,W,20,0.0,0,23,1,2021,14,14,Italian Grand Prix,2021-09-12,13:00:00,tsunoda,22,TSU,Yuki,Tsunoda,2000-05-11,Japanese,alphatauri,AlphaTauri,Italian,Yuki Tsunoda,2021,0.0
25246,1066,1,131,44,4.0,1.0,1,1,25.0,53,1,0,2021,15,71,Russian Grand Prix,2021-09-26,12:00:00,hamilton,44,HAM,Lewis,Hamilton,1985-01-07,British,mercedes,Mercedes,German,Lewis Hamilton,2021,3.0
25247,1066,830,9,33,20.0,2.0,2,2,18.0,53,1,0,2021,15,71,Russian Grand Prix,2021-09-26,12:00:00,max_verstappen,33,VER,Max,Verstappen,1997-09-30,Dutch,red_bull,Red Bull,Austrian,Max Verstappen,2021,18.0
25248,1066,832,6,55,2.0,3.0,3,3,15.0,53,1,0,2021,15,71,Russian Grand Prix,2021-09-26,12:00:00,sainz,55,SAI,Carlos,Sainz,1994-09-01,Spanish,ferrari,Ferrari,Italian,Carlos Sainz,2021,-1.0
25249,1066,817,1,3,5.0,4.0,4,4,12.0,53,1,0,2021,15,71,Russian Grand Prix,2021-09-26,12:00:00,ricciardo,3,RIC,Daniel,Ricciardo,1989-07-01,Australian,mclaren,McLaren,British,Daniel Ricciardo,2021,1.0
25250,1066,822,131,77,16.0,5.0,5,5,10.0,53,1,0,2021,15,71,Russian Grand Prix,2021-09-26,12:00:00,bottas,77,BOT,Valtteri,Bottas,1989-08-28,Finnish,mercedes,Mercedes,German,Valtteri Bottas,2021,11.0
25251,1066,4,214,14,6.0,6.0,6,6,8.0,53,1,0,2021,15,71,Russian Grand Prix,2021-09-26,12:00:00,alonso,14,ALO,Fernando,Alonso,1981-07-29,Spanish,alpine,Alpine F1 Team,French,Fernando Alonso,2021,0.0
25252,1066,846,1,4,1.0,7.0,7,7,7.0,53,1,0,2021,15,71,Russian Grand Prix,2021-09-26,12:00:00,norris,4,NOR,Lando,Norris,1999-11-13,British,mclaren,McLaren,British,Lando Norris,2021,-6.0
25253,1066,8,51,7,13.0,8.0,8,8,4.0,53,1,0,2021,15,71,Russian Grand Prix,2021-09-26,12:00:00,raikkonen,7,RAI,Kimi,Räikkönen,1979-10-17,Finnish,alfa,Alfa Romeo,Swiss,Kimi Räikkönen,2021,5.0
25254,1066,815,9,11,8.0,9.0,9,9,2.0,53,1,0,2021,15,71,Russian Grand Prix,2021-09-26,12:00:00,perez,11,PER,Sergio,Pérez,1990-01-26,Mexican,red_bull,Red Bull,Austrian,Sergio Pérez,2021,-1.0
25255,1066,847,3,63,3.0,10.0,10,10,1.0,53,1,0,2021,15,71,Russian Grand Prix,2021-09-26,12:00:00,russell,63,RUS,George,Russell,1998-02-15,British,williams,Williams,British,George Russell,2021,-7.0
25256,1066,840,117,18,7.0,11.0,11,11,0.0,53,1,0,2021,15,71,Russian Grand Prix,2021-09-26,12:00:00,stroll,18,STR,Lance,Stroll,1998-10-29,Canadian,aston_martin,Aston Martin,British,Lance Stroll,2021,-4.0
25257,1066,20,117,5,10.0,12.0,12,12,0.0,52,11,0,2021,15,71,Russian Grand Prix,2021-09-26,12:00:00,vettel,5,VET,Sebastian,Vettel,1987-07-03,German,aston_martin,Aston Martin,British,Sebastian Vettel,2021,-2.0
25258,1066,842,213,10,11.0,13.0,13,13,0.0,52,11,0,2021,15,71,Russian Grand Prix,2021-09-26,12:00:00,gasly,10,GAS,Pierre,Gasly,1996-02-07,French,alphatauri,AlphaTauri,Italian,Pierre Gasly,2021,-2.0
25259,1066,839,214,31,9.0,14.0,14,14,0.0,52,11,0,2021,15,71,Russian Grand Prix,2021-09-26,12:00:00,ocon,31,OCO,Esteban,Ocon,1996-09-17,French,alpine,Alpine F1 Team,French,Esteban Ocon,2021,-5.0
25260,1066,844,6,16,19.0,15.0,15,15,0.0,52,11,0,2021,15,71,Russian Grand Prix,2021-09-26,12:00:00,leclerc,16,LEC,Charles,Leclerc,1997-10-16,Monegasque,ferrari,Ferrari,Italian,Charles Leclerc,2021,4.0
25261,1066,841,51,99,17.0,16.0,16,16,0.0,52,11,0,2021,15,71,Russian Grand Prix,2021-09-26,12:00:00,giovinazzi,99,GIO,Antonio,Giovinazzi,1993-12-14,Italian,alfa,Alfa Romeo,Swiss,Antonio Giovinazzi,2021,1.0
25262,1066,852,213,22,12.0,17.0,17,17,0.0,52,11,0,2021,15,71,Russian Grand Prix,2021-09-26,12:00:00,tsunoda,22,TSU,Yuki,Tsunoda,2000-05-11,Japanese,alphatauri,AlphaTauri,Italian,Yuki Tsunoda,2021,-5.0
25263,1066,853,210,9,15.0,18.0,18,18,0.0,51,12,0,2021,15,71,Russian Grand Prix,2021-09-26,12:00:00,mazepin,9,MAZ,Nikita,Mazepin,1999-03-02,Russian,haas,Haas F1 Team,American,Nikita Mazepin,2021,-3.0
25264,1066,849,3,6,18.0,19.0,19,19,0.0,47,3,0,2021,15,71,Russian Grand Prix,2021-09-26,12:00:00,latifi,6,LAT,Nicholas,Latifi,1995-06-29,Canadian,williams,Williams,British,Nicholas Latifi,2021,-1.0
25265,1066,854,210,47,14.0,0.0,R,20,0.0,32,44,1,2021,15,71,Russian Grand Prix,2021-09-26,12:00:00,mick_schumacher,47,MSC,Mick,Schumacher,1999-03-22,German,haas,Haas F1 Team,American,Mick Schumacher,2021,14.0
25266,1067,822,131,77,1.0,1.0,1,1,26.0,58,1,0,2021,16,5,Turkish Grand Prix,2021-10-10,12:00:00,bottas,77,BOT,Valtteri,Bottas,1989-08-28,Finnish,mercedes,Mercedes,German,Valtteri Bottas,2021,0.0
25267,1067,830,9,33,2.0,2.0,2,2,18.0,58,1,0,2021,16,5,Turkish Grand Prix,2021-10-10,12:00:00,max_verstappen,33,VER,Max,Verstappen,1997-09-30,Dutch,red_bull,Red Bull,Austrian,Max Verstappen,2021,0.0
25268,1067,815,9,11,6.0,3.0,3,3,15.0,58,1,0,2021,16,5,Turkish Grand Prix,2021-10-10,12:00:00,perez,11,PER,Sergio,Pérez,1990-01-26,Mexican,red_bull,Red Bull,Austrian,Sergio Pérez,2021,3.0
25269,1067,844,6,16,3.0,4.0,4,4,12.0,58,1,0,2021,16,5,Turkish Grand Prix,2021-10-10,12:00:00,leclerc,16,LEC,Charles,Leclerc,1997-10-16,Monegasque,ferrari,Ferrari,Italian,Charles Leclerc,2021,-1.0
25270,1067,1,131,44,11.0,5.0,5,5,10.0,58,1,0,2021,16,5,Turkish Grand Prix,2021-10-10,12:00:00,hamilton,44,HAM,Lewis,Hamilton,1985-01-07,British,mercedes,Mercedes,German,Lewis Hamilton,2021,6.0
25271,1067,842,213,10,4.0,6.0,6,6,8.0,58,1,0,2021,16,5,Turkish Grand Prix,2021-10-10,12:00:00,gasly,10,GAS,Pierre,Gasly,1996-02-07,French,alphatauri,AlphaTauri,Italian,Pierre Gasly,2021,-2.0
25272,1067,846,1,4,7.0,7.0,7,7,6.0,58,1,0,2021,16,5,Turkish Grand Prix,2021-10-10,12:00:00,norris,4,NOR,Lando,Norris,1999-11-13,British,mclaren,McLaren,British,Lando Norris,2021,0.0
25273,1067,832,6,55,19.0,8.0,8,8,4.0,58,1,0,2021,16,5,Turkish Grand Prix,2021-10-10,12:00:00,sainz,55,SAI,Carlos,Sainz,1994-09-01,Spanish,ferrari,Ferrari,Italian,Carlos Sainz,2021,11.0
25274,1067,840,117,18,8.0,9.0,9,9,2.0,58,1,0,2021,16,5,Turkish Grand Prix,2021-10-10,12:00:00,stroll,18,STR,Lance,Stroll,1998-10-29,Canadian,aston_martin,Aston Martin,British,Lance Stroll,2021,-1.0
25275,1067,839,214,31,12.0,10.0,10,10,1.0,57,11,0,2021,16,5,Turkish Grand Prix,2021-10-10,12:00:00,ocon,31,OCO,Esteban,Ocon,1996-09-17,French,alpine,Alpine F1 Team,French,Esteban Ocon,2021,2.0
25276,1067,841,51,99,16.0,11.0,11,11,0.0,57,11,0,2021,16,5,Turkish Grand Prix,2021-10-10,12:00:00,giovinazzi,99,GIO,Antonio,Giovinazzi,1993-12-14,Italian,alfa,Alfa Romeo,Swiss,Antonio Giovinazzi,2021,5.0
25277,1067,8,51,7,17.0,12.0,12,12,0.0,57,11,0,2021,16,5,Turkish Grand Prix,2021-10-10,12:00:00,raikkonen,7,RAI,Kimi,Räikkönen,1979-10-17,Finnish,alfa,Alfa Romeo,Swiss,Kimi Räikkönen,2021,5.0
25278,1067,817,1,3,20.0,13.0,13,13,0.0,57,11,0,2021,16,5,Turkish Grand Prix,2021-10-10,12:00:00,ricciardo,3,RIC,Daniel,Ricciardo,1989-07-01,Australian,mclaren,McLaren,British,Daniel Ricciardo,2021,7.0
25279,1067,852,213,22,9.0,14.0,14,14,0.0,57,11,0,2021,16,5,Turkish Grand Prix,2021-10-10,12:00:00,tsunoda,22,TSU,Yuki,Tsunoda,2000-05-11,Japanese,alphatauri,AlphaTauri,Italian,Yuki Tsunoda,2021,-5.0
25280,1067,847,3,63,13.0,15.0,15,15,0.0,57,11,0,2021,16,5,Turkish Grand Prix,2021-10-10,12:00:00,russell,63,RUS,George,Russell,1998-02-15,British,williams,Williams,British,George Russell,2021,-2.0
25281,1067,4,214,14,5.0,16.0,16,16,0.0,57,11,0,2021,16,5,Turkish Grand Prix,2021-10-10,12:00:00,alonso,14,ALO,Fernando,Alonso,1981-07-29,Spanish,alpine,Alpine F1 Team,French,Fernando Alonso,2021,-11.0
25282,1067,849,3,6,15.0,17.0,17,17,0.0,57,11,0,2021,16,5,Turkish Grand Prix,2021-10-10,12:00:00,latifi,6,LAT,Nicholas,Latifi,1995-06-29,Canadian,williams,Williams,British,Nicholas Latifi,2021,-2.0
25283,1067,20,117,5,10.0,18.0,18,18,0.0,57,11,0,2021,16,5,Turkish Grand Prix,2021-10-10,12:00:00,vettel,5,VET,Sebastian,Vettel,1987-07-03,German,aston_martin,Aston Martin,British,Sebastian Vettel,2021,-8.0
25284,1067,854,210,47,14.0,19.0,19,19,0.0,56,12,0,2021,16,5,Turkish Grand Prix,2021-10-10,12:00:00,mick_schumacher,47,MSC,Mick,Schumacher,1999-03-22,German,haas,Haas F1 Team,American,Mick Schumacher,2021,-5.0
25285,1067,853,210,9,18.0,20.0,20,20,0.0,56,12,0,2021,16,5,Turkish Grand Prix,2021-10-10,12:00:00,mazepin,9,MAZ,Nikita,Mazepin,1999-03-02,Russian,haas,Haas F1 Team,American,Nikita Mazepin,2021,-2.0
25286,1069,830,9,33,1.0,1.0,1,1,25.0,56,1,0,2021,17,69,United States Grand Prix,2021-10-24,19:00:00,max_verstappen,33,VER,Max,Verstappen,1997-09-30,Dutch,red_bull,Red Bull,Austrian,Max Verstappen,2021,0.0
25287,1069,1,131,44,2.0,2.0,2,2,19.0,56,1,0,2021,17,69,United States Grand Prix,2021-10-24,19:00:00,hamilton,44,HAM,Lewis,Hamilton,1985-01-07,British,mercedes,Mercedes,German,Lewis Hamilton,2021,0.0
25288,1069,815,9,11,3.0,3.0,3,3,15.0,56,1,0,2021,17,69,United States Grand Prix,2021-10-24,19:00:00,perez,11,PER,Sergio,Pérez,1990-01-26,Mexican,red_bull,Red Bull,Austrian,Sergio Pérez,2021,0.0
25289,1069,844,6,16,4.0,4.0,4,4,12.0,56,1,0,2021,17,69,United States Grand Prix,2021-10-24,19:00:00,leclerc,16,LEC,Charles,Leclerc,1997-10-16,Monegasque,ferrari,Ferrari,Italian,Charles Leclerc,2021,0.0
25290,1069,817,1,3,6.0,5.0,5,5,10.0,56,1,0,2021,17,69,United States Grand Prix,2021-10-24,19:00:00,ricciardo,3,RIC,Daniel,Ricciardo,1989-07-01,Australian,mclaren,McLaren,British,Daniel Ricciardo,2021,1.0
25291,1069,822,131,77,9.0,6.0,6,6,8.0,56,1,0,2021,17,69,United States Grand Prix,2021-10-24,19:00:00,bottas,77,BOT,Valtteri,Bottas,1989-08-28,Finnish,mercedes,Mercedes,German,Valtteri Bottas,2021,3.0
25292,1069,832,6,55,5.0,7.0,7,7,6.0,56,1,0,2021,17,69,United States Grand Prix,2021-10-24,19:00:00,sainz,55,SAI,Carlos,Sainz,1994-09-01,Spanish,ferrari,Ferrari,Italian,Carlos Sainz,2021,-2.0
25293,1069,846,1,4,7.0,8.0,8,8,4.0,56,1,0,2021,17,69,United States Grand Prix,2021-10-24,19:00:00,norris,4,NOR,Lando,Norris,1999-11-13,British,mclaren,McLaren,British,Lando Norris,2021,-1.0
25294,1069,852,213,22,10.0,9.0,9,9,2.0,55,11,0,2021,17,69,United States Grand Prix,2021-10-24,19:00:00,tsunoda,22,TSU,Yuki,Tsunoda,2000-05-11,Japanese,alphatauri,AlphaTauri,Italian,Yuki Tsunoda,2021,1.0
25295,1069,20,117,5,18.0,10.0,10,10,1.0,55,11,0,2021,17,69,United States Grand Prix,2021-10-24,19:00:00,vettel,5,VET,Sebastian,Vettel,1987-07-03,German,aston_martin,Aston Martin,British,Sebastian Vettel,2021,8.0
25296,1069,841,51,99,12.0,11.0,11,11,0.0,55,11,0,2021,17,69,United States Grand Prix,2021-10-24,19:00:00,giovinazzi,99,GIO,Antonio,Giovinazzi,1993-12-14,Italian,alfa,Alfa Romeo,Swiss,Antonio Giovinazzi,2021,1.0
25297,1069,840,117,18,13.0,12.0,12,12,0.0,55,11,0,2021,17,69,United States Grand Prix,2021-10-24,19:00:00,stroll,18,STR,Lance,Stroll,1998-10-29,Canadian,aston_martin,Aston Martin,British,Lance Stroll,2021,1.0
25298,1069,8,51,7,15.0,13.0,13,13,0.0,55,11,0,2021,17,69,United States Grand Prix,2021-10-24,19:00:00,raikkonen,7,RAI,Kimi,Räikkönen,1979-10-17,Finnish,alfa,Alfa Romeo,Swiss,Kimi Räikkönen,2021,2.0
25299,1069,847,3,63,20.0,14.0,14,14,0.0,55,11,0,2021,17,69,United States Grand Prix,2021-10-24,19:00:00,russell,63,RUS,George,Russell,1998-02-15,British,williams,Williams,British,George Russell,2021,6.0
25300,1069,849,3,6,14.0,15.0,15,15,0.0,55,11,0,2021,17,69,United States Grand Prix,2021-10-24,19:00:00,latifi,6,LAT,Nicholas,Latifi,1995-06-29,Canadian,williams,Williams,British,Nicholas Latifi,2021,-1.0
25301,1069,854,210,47,16.0,16.0,16,16,0.0,54,12,0,2021,17,69,United States Grand Prix,2021-10-24,19:00:00,mick_schumacher,47,MSC,Mick,Schumacher,1999-03-22,German,haas,Haas F1 Team,American,Mick Schumacher,2021,0.0
25302,1069,853,210,9,17.0,17.0,17,17,0.0,54,12,0,2021,17,69,United States Grand Prix,2021-10-24,19:00:00,mazepin,9,MAZ,Nikita,Mazepin,1999-03-02,Russian,haas,Haas F1 Team,American,Nikita Mazepin,2021,0.0
25303,1069,4,214,14,19.0,0.0,R,18,0.0,49,65,1,2021,17,69,United States Grand Prix,2021-10-24,19:00:00,alonso,14,ALO,Fernando,Alonso,1981-07-29,Spanish,alpine,Alpine F1 Team,French,Fernando Alonso,2021,19.0
25304,1069,839,214,31,11.0,0.0,R,19,0.0,40,26,1,2021,17,69,United States Grand Prix,2021-10-24,19:00:00,ocon,31,OCO,Esteban,Ocon,1996-09-17,French,alpine,Alpine F1 Team,French,Esteban Ocon,2021,11.0
25305,1069,842,213,10,8.0,0.0,R,20,0.0,14,22,1,2021,17,69,United States Grand Prix,2021-10-24,19:00:00,gasly,10,GAS,Pierre,Gasly,1996-02-07,French,alphatauri,AlphaTauri,Italian,Pierre Gasly,2021,8.0
25306,1070,830,9,33,3.0,1.0,1,1,25.0,71,1,0,2021,18,32,Mexico City Grand Prix,2021-11-07,19:00:00,max_verstappen,33,VER,Max,Verstappen,1997-09-30,Dutch,red_bull,Red Bull,Austrian,Max Verstappen,2021,2.0
25307,1070,1,131,44,2.0,2.0,2,2,18.0,71,1,0,2021,18,32,Mexico City Grand Prix,2021-11-07,19:00:00,hamilton,44,HAM,Lewis,Hamilton,1985-01-07,British,mercedes,Mercedes,German,Lewis Hamilton,2021,0.0
25308,1070,815,9,11,4.0,3.0,3,3,15.0,71,1,0,2021,18,32,Mexico City Grand Prix,2021-11-07,19:00:00,perez,11,PER,Sergio,Pérez,1990-01-26,Mexican,red_bull,Red Bull,Austrian,Sergio Pérez,2021,1.0
25309,1070,842,213,10,5.0,4.0,4,4,12.0,71,1,0,2021,18,32,Mexico City Grand Prix,2021-11-07,19:00:00,gasly,10,GAS,Pierre,Gasly,1996-02-07,French,alphatauri,AlphaTauri,Italian,Pierre Gasly,2021,1.0
25310,1070,844,6,16,8.0,5.0,5,5,10.0,71,1,0,2021,18,32,Mexico City Grand Prix,2021-11-07,19:00:00,leclerc,16,LEC,Charles,Leclerc,1997-10-16,Monegasque,ferrari,Ferrari,Italian,Charles Leclerc,2021,3.0
25311,1070,832,6,55,6.0,6.0,6,6,8.0,70,11,0,2021,18,32,Mexico City Grand Prix,2021-11-07,19:00:00,sainz,55,SAI,Carlos,Sainz,1994-09-01,Spanish,ferrari,Ferrari,Italian,Carlos Sainz,2021,0.0
25312,1070,20,117,5,9.0,7.0,7,7,6.0,70,11,0,2021,18,32,Mexico City Grand Prix,2021-11-07,19:00:00,vettel,5,VET,Sebastian,Vettel,1987-07-03,German,aston_martin,Aston Martin,British,Sebastian Vettel,2021,2.0
25313,1070,8,51,7,10.0,8.0,8,8,4.0,70,11,0,2021,18,32,Mexico City Grand Prix,2021-11-07,19:00:00,raikkonen,7,RAI,Kimi,Räikkönen,1979-10-17,Finnish,alfa,Alfa Romeo,Swiss,Kimi Räikkönen,2021,2.0
25314,1070,4,214,14,12.0,9.0,9,9,2.0,70,11,0,2021,18,32,Mexico City Grand Prix,2021-11-07,19:00:00,alonso,14,ALO,Fernando,Alonso,1981-07-29,Spanish,alpine,Alpine F1 Team,French,Fernando Alonso,2021,3.0
25315,1070,846,1,4,18.0,10.0,10,10,1.0,70,11,0,2021,18,32,Mexico City Grand Prix,2021-11-07,19:00:00,norris,4,NOR,Lando,Norris,1999-11-13,British,mclaren,McLaren,British,Lando Norris,2021,8.0
25316,1070,841,51,99,11.0,11.0,11,11,0.0,70,11,0,2021,18,32,Mexico City Grand Prix,2021-11-07,19:00:00,giovinazzi,99,GIO,Antonio,Giovinazzi,1993-12-14,Italian,alfa,Alfa Romeo,Swiss,Antonio Giovinazzi,2021,0.0
25317,1070,817,1,3,7.0,12.0,12,12,0.0,70,11,0,2021,18,32,Mexico City Grand Prix,2021-11-07,19:00:00,ricciardo,3,RIC,Daniel,Ricciardo,1989-07-01,Australian,mclaren,McLaren,British,Daniel Ricciardo,2021,-5.0
25318,1070,839,214,31,19.0,13.0,13,13,0.0,70,11,0,2021,18,32,Mexico City Grand Prix,2021-11-07,19:00:00,ocon,31,OCO,Esteban,Ocon,1996-09-17,French,alpine,Alpine F1 Team,French,Esteban Ocon,2021,6.0
25319,1070,840,117,18,20.0,14.0,14,14,0.0,69,12,0,2021,18,32,Mexico City Grand Prix,2021-11-07,19:00:00,stroll,18,STR,Lance,Stroll,1998-10-29,Canadian,aston_martin,Aston Martin,British,Lance Stroll,2021,6.0
25320,1070,822,131,77,1.0,15.0,15,15,0.0,69,12,0,2021,18,32,Mexico City Grand Prix,2021-11-07,19:00:00,bottas,77,BOT,Valtteri,Bottas,1989-08-28,Finnish,mercedes,Mercedes,German,Valtteri Bottas,2021,-14.0
25321,1070,847,3,63,16.0,16.0,16,16,0.0,69,12,0,2021,18,32,Mexico City Grand Prix,2021-11-07,19:00:00,russell,63,RUS,George,Russell,1998-02-15,British,williams,Williams,British,George Russell,2021,0.0
25322,1070,849,3,6,13.0,17.0,17,17,0.0,69,12,0,2021,18,32,Mexico City Grand Prix,2021-11-07,19:00:00,latifi,6,LAT,Nicholas,Latifi,1995-06-29,Canadian,williams,Williams,British,Nicholas Latifi,2021,-4.0
25323,1070,853,210,9,15.0,18.0,18,18,0.0,68,13,0,2021,18,32,Mexico City Grand Prix,2021-11-07,19:00:00,mazepin,9,MAZ,Nikita,Mazepin,1999-03-02,Russian,haas,Haas F1 Team,American,Nikita Mazepin,2021,-3.0
25324,1070,854,210,47,14.0,0.0,R,19,0.0,0,4,1,2021,18,32,Mexico City Grand Prix,2021-11-07,19:00:00,mick_schumacher,47,MSC,Mick,Schumacher,1999-03-22,German,haas,Haas F1 Team,American,Mick Schumacher,2021,14.0
25325,1070,852,213,22,17.0,0.0,R,20,0.0,0,4,1,2021,18,32,Mexico City Grand Prix,2021-11-07,19:00:00,tsunoda,22,TSU,Yuki,Tsunoda,2000-05-11,Japanese,alphatauri,AlphaTauri,Italian,Yuki Tsunoda,2021,17.0
25326,1071,1,131,44,10.0,1.0,1,1,25.0,71,1,0,2021,19,18,São Paulo Grand Prix,2021-11-14,17:00:00,hamilton,44,HAM,Lewis,Hamilton,1985-01-07,British,mercedes,Mercedes,German,Lewis Hamilton,2021,9.0
25327,1071,830,9,33,2.0,2.0,2,2,18.0,71,1,0,2021,19,18,São Paulo Grand Prix,2021-11-14,17:00:00,max_verstappen,33,VER,Max,Verstappen,1997-09-30,Dutch,red_bull,Red Bull,Austrian,Max Verstappen,2021,0.0
25328,1071,822,131,77,1.0,3.0,3,3,15.0,71,1,0,2021,19,18,São Paulo Grand Prix,2021-11-14,17:00:00,bottas,77,BOT,Valtteri,Bottas,1989-08-28,Finnish,mercedes,Mercedes,German,Valtteri Bottas,2021,-2.0
25329,1071,815,9,11,4.0,4.0,4,4,13.0,71,1,0,2021,19,18,São Paulo Grand Prix,2021-11-14,17:00:00,perez,11,PER,Sergio,Pérez,1990-01-26,Mexican,red_bull,Red Bull,Austrian,Sergio Pérez,2021,0.0
25330,1071,844,6,16,6.0,5.0,5,5,10.0,71,1,0,2021,19,18,São Paulo Grand Prix,2021-11-14,17:00:00,leclerc,16,LEC,Charles,Leclerc,1997-10-16,Monegasque,ferrari,Ferrari,Italian,Charles Leclerc,2021,1.0
25331,1071,832,6,55,3.0,6.0,6,6,8.0,71,1,0,2021,19,18,São Paulo Grand Prix,2021-11-14,17:00:00,sainz,55,SAI,Carlos,Sainz,1994-09-01,Spanish,ferrari,Ferrari,Italian,Carlos Sainz,2021,-3.0
25332,1071,842,213,10,7.0,7.0,7,7,6.0,70,11,0,2021,19,18,São Paulo Grand Prix,2021-11-14,17:00:00,gasly,10,GAS,Pierre,Gasly,1996-02-07,French,alphatauri,AlphaTauri,Italian,Pierre Gasly,2021,0.0
25333,1071,839,214,31,8.0,8.0,8,8,4.0,70,11,0,2021,19,18,São Paulo Grand Prix,2021-11-14,17:00:00,ocon,31,OCO,Esteban,Ocon,1996-09-17,French,alpine,Alpine F1 Team,French,Esteban Ocon,2021,0.0
25334,1071,4,214,14,12.0,9.0,9,9,2.0,70,11,0,2021,19,18,São Paulo Grand Prix,2021-11-14,17:00:00,alonso,14,ALO,Fernando,Alonso,1981-07-29,Spanish,alpine,Alpine F1 Team,French,Fernando Alonso,2021,3.0
25335,1071,846,1,4,5.0,10.0,10,10,1.0,70,11,0,2021,19,18,São Paulo Grand Prix,2021-11-14,17:00:00,norris,4,NOR,Lando,Norris,1999-11-13,British,mclaren,McLaren,British,Lando Norris,2021,-5.0
25336,1071,20,117,5,9.0,11.0,11,11,0.0,70,11,0,2021,19,18,São Paulo Grand Prix,2021-11-14,17:00:00,vettel,5,VET,Sebastian,Vettel,1987-07-03,German,aston_martin,Aston Martin,British,Sebastian Vettel,2021,-2.0
25337,1071,8,51,7,0.0,12.0,12,12,0.0,70,11,0,2021,19,18,São Paulo Grand Prix,2021-11-14,17:00:00,raikkonen,7,RAI,Kimi,Räikkönen,1979-10-17,Finnish,alfa,Alfa Romeo,Swiss,Kimi Räikkönen,2021,-12.0
25338,1071,847,3,63,17.0,13.0,13,13,0.0,70,11,0,2021,19,18,São Paulo Grand Prix,2021-11-14,17:00:00,russell,63,RUS,George,Russell,1998-02-15,British,williams,Williams,British,George Russell,2021,4.0
25339,1071,841,51,99,13.0,14.0,14,14,0.0,70,11,0,2021,19,18,São Paulo Grand Prix,2021-11-14,17:00:00,giovinazzi,99,GIO,Antonio,Giovinazzi,1993-12-14,Italian,alfa,Alfa Romeo,Swiss,Antonio Giovinazzi,2021,-1.0
25340,1071,852,213,22,15.0,15.0,15,15,0.0,70,11,0,2021,19,18,São Paulo Grand Prix,2021-11-14,17:00:00,tsunoda,22,TSU,Yuki,Tsunoda,2000-05-11,Japanese,alphatauri,AlphaTauri,Italian,Yuki Tsunoda,2021,0.0
25341,1071,849,3,6,16.0,16.0,16,16,0.0,70,11,0,2021,19,18,São Paulo Grand Prix,2021-11-14,17:00:00,latifi,6,LAT,Nicholas,Latifi,1995-06-29,Canadian,williams,Williams,British,Nicholas Latifi,2021,0.0
25342,1071,853,210,9,19.0,17.0,17,17,0.0,69,12,0,2021,19,18,São Paulo Grand Prix,2021-11-14,17:00:00,mazepin,9,MAZ,Nikita,Mazepin,1999-03-02,Russian,haas,Haas F1 Team,American,Nikita Mazepin,2021,2.0
25343,1071,854,210,47,18.0,18.0,18,18,0.0,69,12,0,2021,19,18,São Paulo Grand Prix,2021-11-14,17:00:00,mick_schumacher,47,MSC,Mick,Schumacher,1999-03-22,German,haas,Haas F1 Team,American,Mick Schumacher,2021,0.0
25344,1071,817,1,3,11.0,0.0,R,19,0.0,49,75,1,2021,19,18,São Paulo Grand Prix,2021-11-14,17:00:00,ricciardo,3,RIC,Daniel,Ricciardo,1989-07-01,Australian,mclaren,McLaren,British,Daniel Ricciardo,2021,11.0
25345,1071,840,117,18,14.0,0.0,R,20,0.0,47,130,1,2021,19,18,São Paulo Grand Prix,2021-11-14,17:00:00,stroll,18,STR,Lance,Stroll,1998-10-29,Canadian,aston_martin,Aston Martin,British,Lance Stroll,2021,14.0
25346,1051,1,131,44,1.0,1.0,1,1,25.0,57,1,0,2021,20,78,Qatar Grand Prix,2021-11-21,14:00:00,hamilton,44,HAM,Lewis,Hamilton,1985-01-07,British,mercedes,Mercedes,German,Lewis Hamilton,2021,0.0
25347,1051,830,9,33,7.0,2.0,2,2,19.0,57,1,0,2021,20,78,Qatar Grand Prix,2021-11-21,14:00:00,max_verstappen,33,VER,Max,Verstappen,1997-09-30,Dutch,red_bull,Red Bull,Austrian,Max Verstappen,2021,5.0
25348,1051,4,214,14,3.0,3.0,3,3,15.0,57,1,0,2021,20,78,Qatar Grand Prix,2021-11-21,14:00:00,alonso,14,ALO,Fernando,Alonso,1981-07-29,Spanish,alpine,Alpine F1 Team,French,Fernando Alonso,2021,0.0
25349,1051,815,9,11,11.0,4.0,4,4,12.0,57,1,0,2021,20,78,Qatar Grand Prix,2021-11-21,14:00:00,perez,11,PER,Sergio,Pérez,1990-01-26,Mexican,red_bull,Red Bull,Austrian,Sergio Pérez,2021,7.0
25350,1051,839,214,31,9.0,5.0,5,5,10.0,57,1,0,2021,20,78,Qatar Grand Prix,2021-11-21,14:00:00,ocon,31,OCO,Esteban,Ocon,1996-09-17,French,alpine,Alpine F1 Team,French,Esteban Ocon,2021,4.0
25351,1051,840,117,18,12.0,6.0,6,6,8.0,57,1,0,2021,20,78,Qatar Grand Prix,2021-11-21,14:00:00,stroll,18,STR,Lance,Stroll,1998-10-29,Canadian,aston_martin,Aston Martin,British,Lance Stroll,2021,6.0
25352,1051,832,6,55,5.0,7.0,7,7,6.0,57,1,0,2021,20,78,Qatar Grand Prix,2021-11-21,14:00:00,sainz,55,SAI,Carlos,Sainz,1994-09-01,Spanish,ferrari,Ferrari,Italian,Carlos Sainz,2021,-2.0
25353,1051,844,6,16,13.0,8.0,8,8,4.0,57,1,0,2021,20,78,Qatar Grand Prix,2021-11-21,14:00:00,leclerc,16,LEC,Charles,Leclerc,1997-10-16,Monegasque,ferrari,Ferrari,Italian,Charles Leclerc,2021,5.0
25354,1051,846,1,4,4.0,9.0,9,9,2.0,56,11,0,2021,20,78,Qatar Grand Prix,2021-11-21,14:00:00,norris,4,NOR,Lando,Norris,1999-11-13,British,mclaren,McLaren,British,Lando Norris,2021,-5.0
25355,1051,20,117,5,10.0,10.0,10,10,1.0,56,11,0,2021,20,78,Qatar Grand Prix,2021-11-21,14:00:00,vettel,5,VET,Sebastian,Vettel,1987-07-03,German,aston_martin,Aston Martin,British,Sebastian Vettel,2021,0.0
25356,1051,842,213,10,2.0,11.0,11,11,0.0,56,11,0,2021,20,78,Qatar Grand Prix,2021-11-21,14:00:00,gasly,10,GAS,Pierre,Gasly,1996-02-07,French,alphatauri,AlphaTauri,Italian,Pierre Gasly,2021,-9.0
25357,1051,817,1,3,14.0,12.0,12,12,0.0,56,11,0,2021,20,78,Qatar Grand Prix,2021-11-21,14:00:00,ricciardo,3,RIC,Daniel,Ricciardo,1989-07-01,Australian,mclaren,McLaren,British,Daniel Ricciardo,2021,2.0
25358,1051,852,213,22,8.0,13.0,13,13,0.0,56,11,0,2021,20,78,Qatar Grand Prix,2021-11-21,14:00:00,tsunoda,22,TSU,Yuki,Tsunoda,2000-05-11,Japanese,alphatauri,AlphaTauri,Italian,Yuki Tsunoda,2021,-5.0
25359,1051,8,51,7,16.0,14.0,14,14,0.0,56,11,0,2021,20,78,Qatar Grand Prix,2021-11-21,14:00:00,raikkonen,7,RAI,Kimi,Räikkönen,1979-10-17,Finnish,alfa,Alfa Romeo,Swiss,Kimi Räikkönen,2021,2.0
25360,1051,841,51,99,18.0,15.0,15,15,0.0,56,11,0,2021,20,78,Qatar Grand Prix,2021-11-21,14:00:00,giovinazzi,99,GIO,Antonio,Giovinazzi,1993-12-14,Italian,alfa,Alfa Romeo,Swiss,Antonio Giovinazzi,2021,3.0
25361,1051,854,210,47,19.0,16.0,16,16,0.0,56,11,0,2021,20,78,Qatar Grand Prix,2021-11-21,14:00:00,mick_schumacher,47,MSC,Mick,Schumacher,1999-03-22,German,haas,Haas F1 Team,American,Mick Schumacher,2021,3.0
25362,1051,847,3,63,15.0,17.0,17,17,0.0,55,12,0,2021,20,78,Qatar Grand Prix,2021-11-21,14:00:00,russell,63,RUS,George,Russell,1998-02-15,British,williams,Williams,British,George Russell,2021,-2.0
25363,1051,853,210,9,20.0,18.0,18,18,0.0,55,12,0,2021,20,78,Qatar Grand Prix,2021-11-21,14:00:00,mazepin,9,MAZ,Nikita,Mazepin,1999-03-02,Russian,haas,Haas F1 Team,American,Nikita Mazepin,2021,2.0
25364,1051,849,3,6,17.0,0.0,R,19,0.0,50,29,1,2021,20,78,Qatar Grand Prix,2021-11-21,14:00:00,latifi,6,LAT,Nicholas,Latifi,1995-06-29,Canadian,williams,Williams,British,Nicholas Latifi,2021,17.0
25365,1051,822,131,77,6.0,0.0,R,20,0.0,48,137,1,2021,20,78,Qatar Grand Prix,2021-11-21,14:00:00,bottas,77,BOT,Valtteri,Bottas,1989-08-28,Finnish,mercedes,Mercedes,German,Valtteri Bottas,2021,6.0
25366,1072,1,131,44,1.0,1.0,1,1,26.0,50,1,0,2021,21,77,Saudi Arabian Grand Prix,2021-12-05,17:30:00,hamilton,44,HAM,Lewis,Hamilton,1985-01-07,British,mercedes,Mercedes,German,Lewis Hamilton,2021,0.0
25367,1072,830,9,33,3.0,2.0,2,2,18.0,50,1,0,2021,21,77,Saudi Arabian Grand Prix,2021-12-05,17:30:00,max_verstappen,33,VER,Max,Verstappen,1997-09-30,Dutch,red_bull,Red Bull,Austrian,Max Verstappen,2021,1.0
25368,1072,822,131,77,2.0,3.0,3,3,15.0,50,1,0,2021,21,77,Saudi Arabian Grand Prix,2021-12-05,17:30:00,bottas,77,BOT,Valtteri,Bottas,1989-08-28,Finnish,mercedes,Mercedes,German,Valtteri Bottas,2021,-1.0
25369,1072,839,214,31,9.0,4.0,4,4,12.0,50,1,0,2021,21,77,Saudi Arabian Grand Prix,2021-12-05,17:30:00,ocon,31,OCO,Esteban,Ocon,1996-09-17,French,alpine,Alpine F1 Team,French,Esteban Ocon,2021,5.0
25370,1072,817,1,3,11.0,5.0,5,5,10.0,50,1,0,2021,21,77,Saudi Arabian Grand Prix,2021-12-05,17:30:00,ricciardo,3,RIC,Daniel,Ricciardo,1989-07-01,Australian,mclaren,McLaren,British,Daniel Ricciardo,2021,6.0
25371,1072,842,213,10,6.0,6.0,6,6,8.0,50,1,0,2021,21,77,Saudi Arabian Grand Prix,2021-12-05,17:30:00,gasly,10,GAS,Pierre,Gasly,1996-02-07,French,alphatauri,AlphaTauri,Italian,Pierre Gasly,2021,0.0
25372,1072,844,6,16,4.0,7.0,7,7,6.0,50,1,0,2021,21,77,Saudi Arabian Grand Prix,2021-12-05,17:30:00,leclerc,16,LEC,Charles,Leclerc,1997-10-16,Monegasque,ferrari,Ferrari,Italian,Charles Leclerc,2021,-3.0
25373,1072,832,6,55,15.0,8.0,8,8,4.0,50,1,0,2021,21,77,Saudi Arabian Grand Prix,2021-12-05,17:30:00,sainz,55,SAI,Carlos,Sainz,1994-09-01,Spanish,ferrari,Ferrari,Italian,Carlos Sainz,2021,7.0
25374,1072,841,51,99,10.0,9.0,9,9,2.0,50,1,0,2021,21,77,Saudi Arabian Grand Prix,2021-12-05,17:30:00,giovinazzi,99,GIO,Antonio,Giovinazzi,1993-12-14,Italian,alfa,Alfa Romeo,Swiss,Antonio Giovinazzi,2021,1.0
25375,1072,846,1,4,7.0,10.0,10,10,1.0,50,1,0,2021,21,77,Saudi Arabian Grand Prix,2021-12-05,17:30:00,norris,4,NOR,Lando,Norris,1999-11-13,British,mclaren,McLaren,British,Lando Norris,2021,-3.0
25376,1072,840,117,18,18.0,11.0,11,11,0.0,50,1,0,2021,21,77,Saudi Arabian Grand Prix,2021-12-05,17:30:00,stroll,18,STR,Lance,Stroll,1998-10-29,Canadian,aston_martin,Aston Martin,British,Lance Stroll,2021,7.0
25377,1072,849,3,6,16.0,12.0,12,12,0.0,50,1,0,2021,21,77,Saudi Arabian Grand Prix,2021-12-05,17:30:00,latifi,6,LAT,Nicholas,Latifi,1995-06-29,Canadian,williams,Williams,British,Nicholas Latifi,2021,4.0
25378,1072,4,214,14,13.0,13.0,13,13,0.0,49,11,0,2021,21,77,Saudi Arabian Grand Prix,2021-12-05,17:30:00,alonso,14,ALO,Fernando,Alonso,1981-07-29,Spanish,alpine,Alpine F1 Team,French,Fernando Alonso,2021,0.0
25379,1072,852,213,22,8.0,14.0,14,14,0.0,49,11,0,2021,21,77,Saudi Arabian Grand Prix,2021-12-05,17:30:00,tsunoda,22,TSU,Yuki,Tsunoda,2000-05-11,Japanese,alphatauri,AlphaTauri,Italian,Yuki Tsunoda,2021,-6.0
25380,1072,8,51,7,12.0,15.0,15,15,0.0,49,11,0,2021,21,77,Saudi Arabian Grand Prix,2021-12-05,17:30:00,raikkonen,7,RAI,Kimi,Räikkönen,1979-10-17,Finnish,alfa,Alfa Romeo,Swiss,Kimi Räikkönen,2021,-3.0
25381,1072,20,117,5,17.0,0.0,R,16,0.0,44,130,1,2021,21,77,Saudi Arabian Grand Prix,2021-12-05,17:30:00,vettel,5,VET,Sebastian,Vettel,1987-07-03,German,aston_martin,Aston Martin,British,Sebastian Vettel,2021,17.0
25382,1072,815,9,11,5.0,0.0,R,17,0.0,14,4,1,2021,21,77,Saudi Arabian Grand Prix,2021-12-05,17:30:00,perez,11,PER,Sergio,Pérez,1990-01-26,Mexican,red_bull,Red Bull,Austrian,Sergio Pérez,2021,5.0
25383,1072,853,210,9,20.0,0.0,R,18,0.0,14,4,1,2021,21,77,Saudi Arabian Grand Prix,2021-12-05,17:30:00,mazepin,9,MAZ,Nikita,Mazepin,1999-03-02,Russian,haas,Haas F1 Team,American,Nikita Mazepin,2021,20.0
25384,1072,847,3,63,14.0,0.0,R,19,0.0,14,4,1,2021,21,77,Saudi Arabian Grand Prix,2021-12-05,17:30:00,russell,63,RUS,George,Russell,1998-02-15,British,williams,Williams,British,George Russell,2021,14.0
25385,1072,854,210,47,19.0,0.0,R,20,0.0,8,3,1,2021,21,77,Saudi Arabian Grand Prix,2021-12-05,17:30:00,mick_schumacher,47,MSC,Mick,Schumacher,1999-03-22,German,haas,Haas F1 Team,American,Mick Schumacher,2021,19.0
25386,1073,830,9,33,1.0,1.0,1,1,26.0,58,1,0,2021,22,24,Abu Dhabi Grand Prix,2021-12-12,13:00:00,max_verstappen,33,VER,Max,Verstappen,1997-09-30,Dutch,red_bull,Red Bull,Austrian,Max Verstappen,2021,0.0
25387,1073,1,131,44,2.0,2.0,2,2,18.0,58,1,0,2021,22,24,Abu Dhabi Grand Prix,2021-12-12,13:00:00,hamilton,44,HAM,Lewis,Hamilton,1985-01-07,British,mercedes,Mercedes,German,Lewis Hamilton,2021,0.0
25388,1073,832,6,55,5.0,3.0,3,3,15.0,58,1,0,2021,22,24,Abu Dhabi Grand Prix,2021-12-12,13:00:00,sainz,55,SAI,Carlos,Sainz,1994-09-01,Spanish,ferrari,Ferrari,Italian,Carlos Sainz,2021,2.0
25389,1073,852,213,22,8.0,4.0,4,4,12.0,58,1,0,2021,22,24,Abu Dhabi Grand Prix,2021-12-12,13:00:00,tsunoda,22,TSU,Yuki,Tsunoda,2000-05-11,Japanese,alphatauri,AlphaTauri,Italian,Yuki Tsunoda,2021,4.0
25390,1073,842,213,10,12.0,5.0,5,5,10.0,58,1,0,2021,22,24,Abu Dhabi Grand Prix,2021-12-12,13:00:00,gasly,10,GAS,Pierre,Gasly,1996-02-07,French,alphatauri,AlphaTauri,Italian,Pierre Gasly,2021,7.0
25391,1073,822,131,77,6.0,6.0,6,6,8.0,58,1,0,2021,22,24,Abu Dhabi Grand Prix,2021-12-12,13:00:00,bottas,77,BOT,Valtteri,Bottas,1989-08-28,Finnish,mercedes,Mercedes,German,Valtteri Bottas,2021,0.0
25392,1073,846,1,4,3.0,7.0,7,7,6.0,58,1,0,2021,22,24,Abu Dhabi Grand Prix,2021-12-12,13:00:00,norris,4,NOR,Lando,Norris,1999-11-13,British,mclaren,McLaren,British,Lando Norris,2021,-4.0
25393,1073,4,214,14,11.0,8.0,8,8,4.0,58,1,0,2021,22,24,Abu Dhabi Grand Prix,2021-12-12,13:00:00,alonso,14,ALO,Fernando,Alonso,1981-07-29,Spanish,alpine,Alpine F1 Team,French,Fernando Alonso,2021,3.0
25394,1073,839,214,31,9.0,9.0,9,9,2.0,58,1,0,2021,22,24,Abu Dhabi Grand Prix,2021-12-12,13:00:00,ocon,31,OCO,Esteban,Ocon,1996-09-17,French,alpine,Alpine F1 Team,French,Esteban Ocon,2021,0.0
25395,1073,844,6,16,7.0,10.0,10,10,1.0,58,1,0,2021,22,24,Abu Dhabi Grand Prix,2021-12-12,13:00:00,leclerc,16,LEC,Charles,Leclerc,1997-10-16,Monegasque,ferrari,Ferrari,Italian,Charles Leclerc,2021,-3.0
25396,1073,20,117,5,15.0,11.0,11,11,0.0,58,1,0,2021,22,24,Abu Dhabi Grand Prix,2021-12-12,13:00:00,vettel,5,VET,Sebastian,Vettel,1987-07-03,German,aston_martin,Aston Martin,British,Sebastian Vettel,2021,4.0
25397,1073,817,1,3,10.0,12.0,12,12,0.0,57,11,0,2021,22,24,Abu Dhabi Grand Prix,2021-12-12,13:00:00,ricciardo,3,RIC,Daniel,Ricciardo,1989-07-01,Australian,mclaren,McLaren,British,Daniel Ricciardo,2021,-2.0
25398,1073,840,117,18,13.0,13.0,13,13,0.0,57,11,0,2021,22,24,Abu Dhabi Grand Prix,2021-12-12,13:00:00,stroll,18,STR,Lance,Stroll,1998-10-29,Canadian,aston_martin,Aston Martin,British,Lance Stroll,2021,0.0
25399,1073,854,210,47,19.0,14.0,14,14,0.0,57,11,0,2021,22,24,Abu Dhabi Grand Prix,2021-12-12,13:00:00,mick_schumacher,47,MSC,Mick,Schumacher,1999-03-22,German,haas,Haas F1 Team,American,Mick Schumacher,2021,5.0
25400,1073,815,9,11,4.0,15.0,15,15,0.0,55,5,0,2021,22,24,Abu Dhabi Grand Prix,2021-12-12,13:00:00,perez,11,PER,Sergio,Pérez,1990-01-26,Mexican,red_bull,Red Bull,Austrian,Sergio Pérez,2021,-11.0
25401,1073,849,3,6,16.0,0.0,R,16,0.0,50,3,1,2021,22,24,Abu Dhabi Grand Prix,2021-12-12,13:00:00,latifi,6,LAT,Nicholas,Latifi,1995-06-29,Canadian,williams,Williams,British,Nicholas Latifi,2021,16.0
25402,1073,841,51,99,14.0,0.0,R,17,0.0,33,6,1,2021,22,24,Abu Dhabi Grand Prix,2021-12-12,13:00:00,giovinazzi,99,GIO,Antonio,Giovinazzi,1993-12-14,Italian,alfa,Alfa Romeo,Swiss,Antonio Giovinazzi,2021,14.0
25403,1073,847,3,63,17.0,0.0,R,18,0.0,26,6,1,2021,22,24,Abu Dhabi Grand Prix,2021-12-12,13:00:00,russell,63,RUS,George,Russell,1998-02-15,British,williams,Williams,British,George Russell,2021,17.0
25404,1073,8,51,7,18.0,0.0,R,19,0.0,25,23,1,2021,22,24,Abu Dhabi Grand Prix,2021-12-12,13:00:00,raikkonen,7,RAI,Kimi,Räikkönen,1979-10-17,Finnish,alfa,Alfa Romeo,Swiss,Kimi Räikkönen,2021,18.0
25405,1073,853,210,9,20.0,0.0,W,20,0.0,0,139,1,2021,22,24,Abu Dhabi Grand Prix,2021-12-12,13:00:00,mazepin,9,MAZ,Nikita,Mazepin,1999-03-02,Russian,haas,Haas F1 Team,American,Nikita Mazepin,2021,20.0
25406,1074,844,6,16,1.0,1.0,1,1,26.0,57,1,0,2022,1,3,Bahrain Grand Prix,2022-03-20,15:00:00,leclerc,16,LEC,Charles,Leclerc,1997-10-16,Monegasque,ferrari,Ferrari,Italian,Charles Leclerc,2022,0.0
25407,1074,832,6,55,3.0,2.0,2,2,18.0,57,1,0,2022,1,3,Bahrain Grand Prix,2022-03-20,15:00:00,sainz,55,SAI,Carlos,Sainz,1994-09-01,Spanish,ferrari,Ferrari,Italian,Carlos Sainz,2022,1.0
25408,1074,1,131,44,5.0,3.0,3,3,15.0,57,1,0,2022,1,3,Bahrain Grand Prix,2022-03-20,15:00:00,hamilton,44,HAM,Lewis,Hamilton,1985-01-07,British,mercedes,Mercedes,German,Lewis Hamilton,2022,2.0
25409,1074,847,131,63,9.0,4.0,4,4,12.0,57,1,0,2022,1,3,Bahrain Grand Prix,2022-03-20,15:00:00,russell,63,RUS,George,Russell,1998-02-15,British,mercedes,Mercedes,German,George Russell,2022,5.0
25410,1074,825,210,20,7.0,5.0,5,5,10.0,57,1,0,2022,1,3,Bahrain Grand Prix,2022-03-20,15:00:00,kevin_magnussen,20,MAG,Kevin,Magnussen,1992-10-05,Danish,haas,Haas F1 Team,American,Kevin Magnussen,2022,2.0
25411,1074,822,51,77,6.0,6.0,6,6,8.0,57,1,0,2022,1,3,Bahrain Grand Prix,2022-03-20,15:00:00,bottas,77,BOT,Valtteri,Bottas,1989-08-28,Finnish,alfa,Alfa Romeo,Swiss,Valtteri Bottas,2022,0.0
25412,1074,839,214,31,11.0,7.0,7,7,6.0,57,1,0,2022,1,3,Bahrain Grand Prix,2022-03-20,15:00:00,ocon,31,OCO,Esteban,Ocon,1996-09-17,French,alpine,Alpine F1 Team,French,Esteban Ocon,2022,4.0
25413,1074,852,213,22,16.0,8.0,8,8,4.0,57,1,0,2022,1,3,Bahrain Grand Prix,2022-03-20,15:00:00,tsunoda,22,TSU,Yuki,Tsunoda,2000-05-11,Japanese,alphatauri,AlphaTauri,Italian,Yuki Tsunoda,2022,8.0
25414,1074,4,214,14,8.0,9.0,9,9,2.0,57,1,0,2022,1,3,Bahrain Grand Prix,2022-03-20,15:00:00,alonso,14,ALO,Fernando,Alonso,1981-07-29,Spanish,alpine,Alpine F1 Team,French,Fernando Alonso,2022,-1.0
25415,1074,855,51,24,15.0,10.0,10,10,1.0,57,1,0,2022,1,3,Bahrain Grand Prix,2022-03-20,15:00:00,zhou,24,ZHO,Guanyu,Zhou,1999-05-30,Chinese,alfa,Alfa Romeo,Swiss,Guanyu Zhou,2022,5.0
25416,1074,854,210,47,12.0,11.0,11,11,0.0,57,1,0,2022,1,3,Bahrain Grand Prix,2022-03-20,15:00:00,mick_schumacher,47,MSC,Mick,Schumacher,1999-03-22,German,haas,Haas F1 Team,American,Mick Schumacher,2022,1.0
25417,1074,840,117,18,19.0,12.0,12,12,0.0,57,1,0,2022,1,3,Bahrain Grand Prix,2022-03-20,15:00:00,stroll,18,STR,Lance,Stroll,1998-10-29,Canadian,aston_martin,Aston Martin,British,Lance Stroll,2022,7.0
25418,1074,848,3,23,14.0,13.0,13,13,0.0,57,1,0,2022,1,3,Bahrain Grand Prix,2022-03-20,15:00:00,albon,23,ALB,Alexander,Albon,1996-03-23,Thai,williams,Williams,British,Alexander Albon,2022,1.0
25419,1074,817,1,3,18.0,14.0,14,14,0.0,57,1,0,2022,1,3,Bahrain Grand Prix,2022-03-20,15:00:00,ricciardo,3,RIC,Daniel,Ricciardo,1989-07-01,Australian,mclaren,McLaren,British,Daniel Ricciardo,2022,4.0
25420,1074,846,1,4,13.0,15.0,15,15,0.0,57,1,0,2022,1,3,Bahrain Grand Prix,2022-03-20,15:00:00,norris,4,NOR,Lando,Norris,1999-11-13,British,mclaren,McLaren,British,Lando Norris,2022,-2.0
25421,1074,849,3,6,20.0,16.0,16,16,0.0,57,1,0,2022,1,3,Bahrain Grand Prix,2022-03-20,15:00:00,latifi,6,LAT,Nicholas,Latifi,1995-06-29,Canadian,williams,Williams,British,Nicholas Latifi,2022,4.0
25422,1074,807,117,27,17.0,17.0,17,17,0.0,57,1,0,2022,1,3,Bahrain Grand Prix,2022-03-20,15:00:00,hulkenberg,27,HUL,Nico,Hülkenberg,1987-08-19,German,aston_martin,Aston Martin,British,Nico Hülkenberg,2022,0.0
25423,1074,815,9,11,4.0,18.0,18,18,0.0,56,32,0,2022,1,3,Bahrain Grand Prix,2022-03-20,15:00:00,perez,11,PER,Sergio,Pérez,1990-01-26,Mexican,red_bull,Red Bull,Austrian,Sergio Pérez,2022,-14.0
25424,1074,830,9,1,2.0,19.0,19,19,0.0,54,32,0,2022,1,3,Bahrain Grand Prix,2022-03-20,15:00:00,max_verstappen,33,VER,Max,Verstappen,1997-09-30,Dutch,red_bull,Red Bull,Austrian,Max Verstappen,2022,-17.0
25425,1074,842,213,10,10.0,0.0,R,20,0.0,44,131,1,2022,1,3,Bahrain Grand Prix,2022-03-20,15:00:00,gasly,10,GAS,Pierre,Gasly,1996-02-07,French,alphatauri,AlphaTauri,Italian,Pierre Gasly,2022,10.0
25426,1075,830,9,1,4.0,1.0,1,1,25.0,50,1,0,2022,2,77,Saudi Arabian Grand Prix,2022-03-27,17:00:00,max_verstappen,33,VER,Max,Verstappen,1997-09-30,Dutch,red_bull,Red Bull,Austrian,Max Verstappen,2022,3.0
25427,1075,844,6,16,2.0,2.0,2,2,19.0,50,1,0,2022,2,77,Saudi Arabian Grand Prix,2022-03-27,17:00:00,leclerc,16,LEC,Charles,Leclerc,1997-10-16,Monegasque,ferrari,Ferrari,Italian,Charles Leclerc,2022,0.0
25428,1075,832,6,55,3.0,3.0,3,3,15.0,50,1,0,2022,2,77,Saudi Arabian Grand Prix,2022-03-27,17:00:00,sainz,55,SAI,Carlos,Sainz,1994-09-01,Spanish,ferrari,Ferrari,Italian,Carlos Sainz,2022,0.0
25429,1075,815,9,11,1.0,4.0,4,4,12.0,50,1,0,2022,2,77,Saudi Arabian Grand Prix,2022-03-27,17:00:00,perez,11,PER,Sergio,Pérez,1990-01-26,Mexican,red_bull,Red Bull,Austrian,Sergio Pérez,2022,-3.0
25430,1075,847,131,63,6.0,5.0,5,5,10.0,50,1,0,2022,2,77,Saudi Arabian Grand Prix,2022-03-27,17:00:00,russell,63,RUS,George,Russell,1998-02-15,British,mercedes,Mercedes,German,George Russell,2022,1.0
25431,1075,839,214,31,5.0,6.0,6,6,8.0,50,1,0,2022,2,77,Saudi Arabian Grand Prix,2022-03-27,17:00:00,ocon,31,OCO,Esteban,Ocon,1996-09-17,French,alpine,Alpine F1 Team,French,Esteban Ocon,2022,-1.0
25432,1075,846,1,4,11.0,7.0,7,7,6.0,50,1,0,2022,2,77,Saudi Arabian Grand Prix,2022-03-27,17:00:00,norris,4,NOR,Lando,Norris,1999-11-13,British,mclaren,McLaren,British,Lando Norris,2022,4.0
25433,1075,842,213,10,9.0,8.0,8,8,4.0,50,1,0,2022,2,77,Saudi Arabian Grand Prix,2022-03-27,17:00:00,gasly,10,GAS,Pierre,Gasly,1996-02-07,French,alphatauri,AlphaTauri,Italian,Pierre Gasly,2022,1.0
25434,1075,825,210,20,10.0,9.0,9,9,2.0,50,1,0,2022,2,77,Saudi Arabian Grand Prix,2022-03-27,17:00:00,kevin_magnussen,20,MAG,Kevin,Magnussen,1992-10-05,Danish,haas,Haas F1 Team,American,Kevin Magnussen,2022,1.0
25435,1075,1,131,44,15.0,10.0,10,10,1.0,50,1,0,2022,2,77,Saudi Arabian Grand Prix,2022-03-27,17:00:00,hamilton,44,HAM,Lewis,Hamilton,1985-01-07,British,mercedes,Mercedes,German,Lewis Hamilton,2022,5.0
25436,1075,855,51,24,12.0,11.0,11,11,0.0,50,1,0,2022,2,77,Saudi Arabian Grand Prix,2022-03-27,17:00:00,zhou,24,ZHO,Guanyu,Zhou,1999-05-30,Chinese,alfa,Alfa Romeo,Swiss,Guanyu Zhou,2022,1.0
25437,1075,807,117,27,17.0,12.0,12,12,0.0,50,1,0,2022,2,77,Saudi Arabian Grand Prix,2022-03-27,17:00:00,hulkenberg,27,HUL,Nico,Hülkenberg,1987-08-19,German,aston_martin,Aston Martin,British,Nico Hülkenberg,2022,5.0
25438,1075,840,117,18,13.0,13.0,13,13,0.0,49,11,0,2022,2,77,Saudi Arabian Grand Prix,2022-03-27,17:00:00,stroll,18,STR,Lance,Stroll,1998-10-29,Canadian,aston_martin,Aston Martin,British,Lance Stroll,2022,0.0
25439,1075,848,3,23,16.0,14.0,14,14,0.0,47,130,0,2022,2,77,Saudi Arabian Grand Prix,2022-03-27,17:00:00,albon,23,ALB,Alexander,Albon,1996-03-23,Thai,williams,Williams,British,Alexander Albon,2022,2.0
25440,1075,822,51,77,8.0,0.0,R,15,0.0,36,141,1,2022,2,77,Saudi Arabian Grand Prix,2022-03-27,17:00:00,bottas,77,BOT,Valtteri,Bottas,1989-08-28,Finnish,alfa,Alfa Romeo,Swiss,Valtteri Bottas,2022,8.0
25441,1075,4,214,14,7.0,0.0,R,16,0.0,35,103,1,2022,2,77,Saudi Arabian Grand Prix,2022-03-27,17:00:00,alonso,14,ALO,Fernando,Alonso,1981-07-29,Spanish,alpine,Alpine F1 Team,French,Fernando Alonso,2022,7.0
25442,1075,817,1,3,14.0,0.0,R,17,0.0,35,6,1,2022,2,77,Saudi Arabian Grand Prix,2022-03-27,17:00:00,ricciardo,3,RIC,Daniel,Ricciardo,1989-07-01,Australian,mclaren,McLaren,British,Daniel Ricciardo,2022,14.0
25443,1075,849,3,6,18.0,0.0,R,18,0.0,14,3,1,2022,2,77,Saudi Arabian Grand Prix,2022-03-27,17:00:00,latifi,6,LAT,Nicholas,Latifi,1995-06-29,Canadian,williams,Williams,British,Nicholas Latifi,2022,18.0
25444,1075,852,213,22,19.0,0.0,R,19,0.0,0,131,1,2022,2,77,Saudi Arabian Grand Prix,2022-03-27,17:00:00,tsunoda,22,TSU,Yuki,Tsunoda,2000-05-11,Japanese,alphatauri,AlphaTauri,Italian,Yuki Tsunoda,2022,19.0
25445,1075,854,210,47,0.0,0.0,W,20,0.0,0,54,1,2022,2,77,Saudi Arabian Grand Prix,2022-03-27,17:00:00,mick_schumacher,47,MSC,Mick,Schumacher,1999-03-22,German,haas,Haas F1 Team,American,Mick Schumacher,2022,0.0
25446,1076,844,6,16,1.0,1.0,1,1,26.0,58,1,0,2022,3,1,Australian Grand Prix,2022-04-10,05:00:00,leclerc,16,LEC,Charles,Leclerc,1997-10-16,Monegasque,ferrari,Ferrari,Italian,Charles Leclerc,2022,0.0
25447,1076,815,9,11,3.0,2.0,2,2,18.0,58,1,0,2022,3,1,Australian Grand Prix,2022-04-10,05:00:00,perez,11,PER,Sergio,Pérez,1990-01-26,Mexican,red_bull,Red Bull,Austrian,Sergio Pérez,2022,1.0
25448,1076,847,131,63,6.0,3.0,3,3,15.0,58,1,0,2022,3,1,Australian Grand Prix,2022-04-10,05:00:00,russell,63,RUS,George,Russell,1998-02-15,British,mercedes,Mercedes,German,George Russell,2022,3.0
25449,1076,1,131,44,5.0,4.0,4,4,12.0,58,1,0,2022,3,1,Australian Grand Prix,2022-04-10,05:00:00,hamilton,44,HAM,Lewis,Hamilton,1985-01-07,British,mercedes,Mercedes,German,Lewis Hamilton,2022,1.0
25450,1076,846,1,4,4.0,5.0,5,5,10.0,58,1,0,2022,3,1,Australian Grand Prix,2022-04-10,05:00:00,norris,4,NOR,Lando,Norris,1999-11-13,British,mclaren,McLaren,British,Lando Norris,2022,-1.0
25451,1076,817,1,3,7.0,6.0,6,6,8.0,58,1,0,2022,3,1,Australian Grand Prix,2022-04-10,05:00:00,ricciardo,3,RIC,Daniel,Ricciardo,1989-07-01,Australian,mclaren,McLaren,British,Daniel Ricciardo,2022,1.0
25452,1076,839,214,31,8.0,7.0,7,7,6.0,58,1,0,2022,3,1,Australian Grand Prix,2022-04-10,05:00:00,ocon,31,OCO,Esteban,Ocon,1996-09-17,French,alpine,Alpine F1 Team,French,Esteban Ocon,2022,1.0
25453,1076,822,51,77,12.0,8.0,8,8,4.0,58,1,0,2022,3,1,Australian Grand Prix,2022-04-10,05:00:00,bottas,77,BOT,Valtteri,Bottas,1989-08-28,Finnish,alfa,Alfa Romeo,Swiss,Valtteri Bottas,2022,4.0
25454,1076,842,213,10,11.0,9.0,9,9,2.0,58,1,0,2022,3,1,Australian Grand Prix,2022-04-10,05:00:00,gasly,10,GAS,Pierre,Gasly,1996-02-07,French,alphatauri,AlphaTauri,Italian,Pierre Gasly,2022,2.0
25455,1076,848,3,23,20.0,10.0,10,10,1.0,58,1,0,2022,3,1,Australian Grand Prix,2022-04-10,05:00:00,albon,23,ALB,Alexander,Albon,1996-03-23,Thai,williams,Williams,British,Alexander Albon,2022,10.0
25456,1076,855,51,24,14.0,11.0,11,11,0.0,58,1,0,2022,3,1,Australian Grand Prix,2022-04-10,05:00:00,zhou,24,ZHO,Guanyu,Zhou,1999-05-30,Chinese,alfa,Alfa Romeo,Swiss,Guanyu Zhou,2022,3.0
25457,1076,840,117,18,19.0,12.0,12,12,0.0,58,1,0,2022,3,1,Australian Grand Prix,2022-04-10,05:00:00,stroll,18,STR,Lance,Stroll,1998-10-29,Canadian,aston_martin,Aston Martin,British,Lance Stroll,2022,7.0
25458,1076,854,210,47,15.0,13.0,13,13,0.0,57,11,0,2022,3,1,Australian Grand Prix,2022-04-10,05:00:00,mick_schumacher,47,MSC,Mick,Schumacher,1999-03-22,German,haas,Haas F1 Team,American,Mick Schumacher,2022,2.0
25459,1076,825,210,20,16.0,14.0,14,14,0.0,57,11,0,2022,3,1,Australian Grand Prix,2022-04-10,05:00:00,kevin_magnussen,20,MAG,Kevin,Magnussen,1992-10-05,Danish,haas,Haas F1 Team,American,Kevin Magnussen,2022,2.0
25460,1076,852,213,22,13.0,15.0,15,15,0.0,57,11,0,2022,3,1,Australian Grand Prix,2022-04-10,05:00:00,tsunoda,22,TSU,Yuki,Tsunoda,2000-05-11,Japanese,alphatauri,AlphaTauri,Italian,Yuki Tsunoda,2022,-2.0
25461,1076,849,3,6,18.0,16.0,16,16,0.0,57,11,0,2022,3,1,Australian Grand Prix,2022-04-10,05:00:00,latifi,6,LAT,Nicholas,Latifi,1995-06-29,Canadian,williams,Williams,British,Nicholas Latifi,2022,2.0
25462,1076,4,214,14,10.0,17.0,17,17,0.0,57,11,0,2022,3,1,Australian Grand Prix,2022-04-10,05:00:00,alonso,14,ALO,Fernando,Alonso,1981-07-29,Spanish,alpine,Alpine F1 Team,French,Fernando Alonso,2022,-7.0
25463,1076,830,9,1,2.0,0.0,R,18,0.0,38,95,1,2022,3,1,Australian Grand Prix,2022-04-10,05:00:00,max_verstappen,33,VER,Max,Verstappen,1997-09-30,Dutch,red_bull,Red Bull,Austrian,Max Verstappen,2022,2.0
25464,1076,20,117,5,17.0,0.0,R,19,0.0,22,3,1,2022,3,1,Australian Grand Prix,2022-04-10,05:00:00,vettel,5,VET,Sebastian,Vettel,1987-07-03,German,aston_martin,Aston Martin,British,Sebastian Vettel,2022,17.0
25465,1076,832,6,55,9.0,0.0,R,20,0.0,1,20,1,2022,3,1,Australian Grand Prix,2022-04-10,05:00:00,sainz,55,SAI,Carlos,Sainz,1994-09-01,Spanish,ferrari,Ferrari,Italian,Carlos Sainz,2022,9.0
25466,1077,830,9,1,1.0,1.0,1,1,26.0,63,1,0,2022,4,21,Emilia Romagna Grand Prix,2022-04-24,13:00:00,max_verstappen,33,VER,Max,Verstappen,1997-09-30,Dutch,red_bull,Red Bull,Austrian,Max Verstappen,2022,0.0
25467,1077,815,9,11,3.0,2.0,2,2,18.0,63,1,0,2022,4,21,Emilia Romagna Grand Prix,2022-04-24,13:00:00,perez,11,PER,Sergio,Pérez,1990-01-26,Mexican,red_bull,Red Bull,Austrian,Sergio Pérez,2022,1.0
25468,1077,846,1,4,5.0,3.0,3,3,15.0,63,1,0,2022,4,21,Emilia Romagna Grand Prix,2022-04-24,13:00:00,norris,4,NOR,Lando,Norris,1999-11-13,British,mclaren,McLaren,British,Lando Norris,2022,2.0
25469,1077,847,131,63,11.0,4.0,4,4,12.0,63,1,0,2022,4,21,Emilia Romagna Grand Prix,2022-04-24,13:00:00,russell,63,RUS,George,Russell,1998-02-15,British,mercedes,Mercedes,German,George Russell,2022,7.0
25470,1077,822,51,77,7.0,5.0,5,5,10.0,63,1,0,2022,4,21,Emilia Romagna Grand Prix,2022-04-24,13:00:00,bottas,77,BOT,Valtteri,Bottas,1989-08-28,Finnish,alfa,Alfa Romeo,Swiss,Valtteri Bottas,2022,2.0
25471,1077,844,6,16,2.0,6.0,6,6,8.0,63,1,0,2022,4,21,Emilia Romagna Grand Prix,2022-04-24,13:00:00,leclerc,16,LEC,Charles,Leclerc,1997-10-16,Monegasque,ferrari,Ferrari,Italian,Charles Leclerc,2022,-4.0
25472,1077,852,213,22,12.0,7.0,7,7,6.0,63,1,0,2022,4,21,Emilia Romagna Grand Prix,2022-04-24,13:00:00,tsunoda,22,TSU,Yuki,Tsunoda,2000-05-11,Japanese,alphatauri,AlphaTauri,Italian,Yuki Tsunoda,2022,5.0
25473,1077,20,117,5,13.0,8.0,8,8,4.0,63,1,0,2022,4,21,Emilia Romagna Grand Prix,2022-04-24,13:00:00,vettel,5,VET,Sebastian,Vettel,1987-07-03,German,aston_martin,Aston Martin,British,Sebastian Vettel,2022,5.0
25474,1077,825,210,20,8.0,9.0,9,9,2.0,63,1,0,2022,4,21,Emilia Romagna Grand Prix,2022-04-24,13:00:00,kevin_magnussen,20,MAG,Kevin,Magnussen,1992-10-05,Danish,haas,Haas F1 Team,American,Kevin Magnussen,2022,-1.0
25475,1077,840,117,18,15.0,10.0,10,10,1.0,62,11,0,2022,4,21,Emilia Romagna Grand Prix,2022-04-24,13:00:00,stroll,18,STR,Lance,Stroll,1998-10-29,Canadian,aston_martin,Aston Martin,British,Lance Stroll,2022,5.0
25476,1077,848,3,23,18.0,11.0,11,11,0.0,62,11,0,2022,4,21,Emilia Romagna Grand Prix,2022-04-24,13:00:00,albon,23,ALB,Alexander,Albon,1996-03-23,Thai,williams,Williams,British,Alexander Albon,2022,7.0
25477,1077,842,213,10,17.0,12.0,12,12,0.0,62,11,0,2022,4,21,Emilia Romagna Grand Prix,2022-04-24,13:00:00,gasly,10,GAS,Pierre,Gasly,1996-02-07,French,alphatauri,AlphaTauri,Italian,Pierre Gasly,2022,5.0
25478,1077,1,131,44,14.0,13.0,13,13,0.0,62,11,0,2022,4,21,Emilia Romagna Grand Prix,2022-04-24,13:00:00,hamilton,44,HAM,Lewis,Hamilton,1985-01-07,British,mercedes,Mercedes,German,Lewis Hamilton,2022,1.0
25479,1077,839,214,31,16.0,14.0,14,14,0.0,62,11,0,2022,4,21,Emilia Romagna Grand Prix,2022-04-24,13:00:00,ocon,31,OCO,Esteban,Ocon,1996-09-17,French,alpine,Alpine F1 Team,French,Esteban Ocon,2022,2.0
25480,1077,855,51,24,0.0,15.0,15,15,0.0,62,11,0,2022,4,21,Emilia Romagna Grand Prix,2022-04-24,13:00:00,zhou,24,ZHO,Guanyu,Zhou,1999-05-30,Chinese,alfa,Alfa Romeo,Swiss,Guanyu Zhou,2022,-15.0
25481,1077,849,3,6,19.0,16.0,16,16,0.0,62,11,0,2022,4,21,Emilia Romagna Grand Prix,2022-04-24,13:00:00,latifi,6,LAT,Nicholas,Latifi,1995-06-29,Canadian,williams,Williams,British,Nicholas Latifi,2022,3.0
25482,1077,854,210,47,10.0,17.0,17,17,0.0,62,11,0,2022,4,21,Emilia Romagna Grand Prix,2022-04-24,13:00:00,mick_schumacher,47,MSC,Mick,Schumacher,1999-03-22,German,haas,Haas F1 Team,American,Mick Schumacher,2022,-7.0
25483,1077,817,1,3,6.0,18.0,18,18,0.0,62,11,0,2022,4,21,Emilia Romagna Grand Prix,2022-04-24,13:00:00,ricciardo,3,RIC,Daniel,Ricciardo,1989-07-01,Australian,mclaren,McLaren,British,Daniel Ricciardo,2022,-12.0
25484,1077,4,214,14,9.0,0.0,R,19,0.0,6,130,1,2022,4,21,Emilia Romagna Grand Prix,2022-04-24,13:00:00,alonso,14,ALO,Fernando,Alonso,1981-07-29,Spanish,alpine,Alpine F1 Team,French,Fernando Alonso,2022,9.0
25485,1077,832,6,55,4.0,0.0,R,20,0.0,0,4,1,2022,4,21,Emilia Romagna Grand Prix,2022-04-24,13:00:00,sainz,55,SAI,Carlos,Sainz,1994-09-01,Spanish,ferrari,Ferrari,Italian,Carlos Sainz,2022,4.0
25486,1078,830,9,1,3.0,1.0,1,1,26.0,57,1,0,2022,5,79,Miami Grand Prix,2022-05-08,19:30:00,max_verstappen,33,VER,Max,Verstappen,1997-09-30,Dutch,red_bull,Red Bull,Austrian,Max Verstappen,2022,2.0
25487,1078,844,6,16,1.0,2.0,2,2,18.0,57,1,0,2022,5,79,Miami Grand Prix,2022-05-08,19:30:00,leclerc,16,LEC,Charles,Leclerc,1997-10-16,Monegasque,ferrari,Ferrari,Italian,Charles Leclerc,2022,-1.0
25488,1078,832,6,55,2.0,3.0,3,3,15.0,57,1,0,2022,5,79,Miami Grand Prix,2022-05-08,19:30:00,sainz,55,SAI,Carlos,Sainz,1994-09-01,Spanish,ferrari,Ferrari,Italian,Carlos Sainz,2022,-1.0
25489,1078,815,9,11,4.0,4.0,4,4,12.0,57,1,0,2022,5,79,Miami Grand Prix,2022-05-08,19:30:00,perez,11,PER,Sergio,Pérez,1990-01-26,Mexican,red_bull,Red Bull,Austrian,Sergio Pérez,2022,0.0
25490,1078,847,131,63,12.0,5.0,5,5,10.0,57,1,0,2022,5,79,Miami Grand Prix,2022-05-08,19:30:00,russell,63,RUS,George,Russell,1998-02-15,British,mercedes,Mercedes,German,George Russell,2022,7.0
25491,1078,1,131,44,6.0,6.0,6,6,8.0,57,1,0,2022,5,79,Miami Grand Prix,2022-05-08,19:30:00,hamilton,44,HAM,Lewis,Hamilton,1985-01-07,British,mercedes,Mercedes,German,Lewis Hamilton,2022,0.0
25492,1078,822,51,77,5.0,7.0,7,7,6.0,57,1,0,2022,5,79,Miami Grand Prix,2022-05-08,19:30:00,bottas,77,BOT,Valtteri,Bottas,1989-08-28,Finnish,alfa,Alfa Romeo,Swiss,Valtteri Bottas,2022,-2.0
25493,1078,839,214,31,20.0,8.0,8,8,4.0,57,1,0,2022,5,79,Miami Grand Prix,2022-05-08,19:30:00,ocon,31,OCO,Esteban,Ocon,1996-09-17,French,alpine,Alpine F1 Team,French,Esteban Ocon,2022,12.0
25494,1078,848,3,23,18.0,9.0,9,9,2.0,57,1,0,2022,5,79,Miami Grand Prix,2022-05-08,19:30:00,albon,23,ALB,Alexander,Albon,1996-03-23,Thai,williams,Williams,British,Alexander Albon,2022,9.0
25495,1078,840,117,18,0.0,10.0,10,10,1.0,57,1,0,2022,5,79,Miami Grand Prix,2022-05-08,19:30:00,stroll,18,STR,Lance,Stroll,1998-10-29,Canadian,aston_martin,Aston Martin,British,Lance Stroll,2022,-10.0
25496,1078,4,214,14,11.0,11.0,11,11,0.0,57,1,0,2022,5,79,Miami Grand Prix,2022-05-08,19:30:00,alonso,14,ALO,Fernando,Alonso,1981-07-29,Spanish,alpine,Alpine F1 Team,French,Fernando Alonso,2022,0.0
25497,1078,852,213,22,9.0,12.0,12,12,0.0,57,1,0,2022,5,79,Miami Grand Prix,2022-05-08,19:30:00,tsunoda,22,TSU,Yuki,Tsunoda,2000-05-11,Japanese,alphatauri,AlphaTauri,Italian,Yuki Tsunoda,2022,-3.0
25498,1078,817,1,3,14.0,13.0,13,13,0.0,57,1,0,2022,5,79,Miami Grand Prix,2022-05-08,19:30:00,ricciardo,3,RIC,Daniel,Ricciardo,1989-07-01,Australian,mclaren,McLaren,British,Daniel Ricciardo,2022,1.0
25499,1078,849,3,6,19.0,14.0,14,14,0.0,57,1,0,2022,5,79,Miami Grand Prix,2022-05-08,19:30:00,latifi,6,LAT,Nicholas,Latifi,1995-06-29,Canadian,williams,Williams,British,Nicholas Latifi,2022,5.0
25500,1078,854,210,47,15.0,15.0,15,15,0.0,57,1,0,2022,5,79,Miami Grand Prix,2022-05-08,19:30:00,mick_schumacher,47,MSC,Mick,Schumacher,1999-03-22,German,haas,Haas F1 Team,American,Mick Schumacher,2022,0.0
25501,1078,825,210,20,16.0,16.0,16,16,0.0,56,33,0,2022,5,79,Miami Grand Prix,2022-05-08,19:30:00,kevin_magnussen,20,MAG,Kevin,Magnussen,1992-10-05,Danish,haas,Haas F1 Team,American,Kevin Magnussen,2022,0.0
25502,1078,20,117,5,0.0,17.0,17,17,0.0,54,4,0,2022,5,79,Miami Grand Prix,2022-05-08,19:30:00,vettel,5,VET,Sebastian,Vettel,1987-07-03,German,aston_martin,Aston Martin,British,Sebastian Vettel,2022,-17.0
25503,1078,842,213,10,7.0,0.0,R,18,0.0,45,22,1,2022,5,79,Miami Grand Prix,2022-05-08,19:30:00,gasly,10,GAS,Pierre,Gasly,1996-02-07,French,alphatauri,AlphaTauri,Italian,Pierre Gasly,2022,7.0
25504,1078,846,1,4,8.0,0.0,R,19,0.0,39,4,1,2022,5,79,Miami Grand Prix,2022-05-08,19:30:00,norris,4,NOR,Lando,Norris,1999-11-13,British,mclaren,McLaren,British,Lando Norris,2022,8.0
25505,1078,855,51,24,17.0,0.0,R,20,0.0,6,47,1,2022,5,79,Miami Grand Prix,2022-05-08,19:30:00,zhou,24,ZHO,Guanyu,Zhou,1999-05-30,Chinese,alfa,Alfa Romeo,Swiss,Guanyu Zhou,2022,17.0
25506,1079,830,9,1,2.0,1.0,1,1,25.0,66,1,0,2022,6,4,Spanish Grand Prix,2022-05-22,13:00:00,max_verstappen,33,VER,Max,Verstappen,1997-09-30,Dutch,red_bull,Red Bull,Austrian,Max Verstappen,2022,1.0
25507,1079,815,9,11,5.0,2.0,2,2,19.0,66,1,0,2022,6,4,Spanish Grand Prix,2022-05-22,13:00:00,perez,11,PER,Sergio,Pérez,1990-01-26,Mexican,red_bull,Red Bull,Austrian,Sergio Pérez,2022,3.0
25508,1079,847,131,63,4.0,3.0,3,3,15.0,66,1,0,2022,6,4,Spanish Grand Prix,2022-05-22,13:00:00,russell,63,RUS,George,Russell,1998-02-15,British,mercedes,Mercedes,German,George Russell,2022,1.0
25509,1079,832,6,55,3.0,4.0,4,4,12.0,66,1,0,2022,6,4,Spanish Grand Prix,2022-05-22,13:00:00,sainz,55,SAI,Carlos,Sainz,1994-09-01,Spanish,ferrari,Ferrari,Italian,Carlos Sainz,2022,-1.0
25510,1079,1,131,44,6.0,5.0,5,5,10.0,66,1,0,2022,6,4,Spanish Grand Prix,2022-05-22,13:00:00,hamilton,44,HAM,Lewis,Hamilton,1985-01-07,British,mercedes,Mercedes,German,Lewis Hamilton,2022,1.0
25511,1079,822,51,77,7.0,6.0,6,6,8.0,66,1,0,2022,6,4,Spanish Grand Prix,2022-05-22,13:00:00,bottas,77,BOT,Valtteri,Bottas,1989-08-28,Finnish,alfa,Alfa Romeo,Swiss,Valtteri Bottas,2022,1.0
25512,1079,839,214,31,12.0,7.0,7,7,6.0,66,1,0,2022,6,4,Spanish Grand Prix,2022-05-22,13:00:00,ocon,31,OCO,Esteban,Ocon,1996-09-17,French,alpine,Alpine F1 Team,French,Esteban Ocon,2022,5.0
25513,1079,846,1,4,11.0,8.0,8,8,4.0,66,1,0,2022,6,4,Spanish Grand Prix,2022-05-22,13:00:00,norris,4,NOR,Lando,Norris,1999-11-13,British,mclaren,McLaren,British,Lando Norris,2022,3.0
25514,1079,4,214,14,20.0,9.0,9,9,2.0,65,11,0,2022,6,4,Spanish Grand Prix,2022-05-22,13:00:00,alonso,14,ALO,Fernando,Alonso,1981-07-29,Spanish,alpine,Alpine F1 Team,French,Fernando Alonso,2022,11.0
25515,1079,852,213,22,13.0,10.0,10,10,1.0,65,11,0,2022,6,4,Spanish Grand Prix,2022-05-22,13:00:00,tsunoda,22,TSU,Yuki,Tsunoda,2000-05-11,Japanese,alphatauri,AlphaTauri,Italian,Yuki Tsunoda,2022,3.0
25516,1079,20,117,5,16.0,11.0,11,11,0.0,65,11,0,2022,6,4,Spanish Grand Prix,2022-05-22,13:00:00,vettel,5,VET,Sebastian,Vettel,1987-07-03,German,aston_martin,Aston Martin,British,Sebastian Vettel,2022,5.0
25517,1079,817,1,3,9.0,12.0,12,12,0.0,65,11,0,2022,6,4,Spanish Grand Prix,2022-05-22,13:00:00,ricciardo,3,RIC,Daniel,Ricciardo,1989-07-01,Australian,mclaren,McLaren,British,Daniel Ricciardo,2022,-3.0
25518,1079,842,213,10,14.0,13.0,13,13,0.0,65,11,0,2022,6,4,Spanish Grand Prix,2022-05-22,13:00:00,gasly,10,GAS,Pierre,Gasly,1996-02-07,French,alphatauri,AlphaTauri,Italian,Pierre Gasly,2022,1.0
25519,1079,854,210,47,10.0,14.0,14,14,0.0,65,11,0,2022,6,4,Spanish Grand Prix,2022-05-22,13:00:00,mick_schumacher,47,MSC,Mick,Schumacher,1999-03-22,German,haas,Haas F1 Team,American,Mick Schumacher,2022,-4.0
25520,1079,840,117,18,17.0,15.0,15,15,0.0,65,11,0,2022,6,4,Spanish Grand Prix,2022-05-22,13:00:00,stroll,18,STR,Lance,Stroll,1998-10-29,Canadian,aston_martin,Aston Martin,British,Lance Stroll,2022,2.0
25521,1079,849,3,6,19.0,16.0,16,16,0.0,64,12,0,2022,6,4,Spanish Grand Prix,2022-05-22,13:00:00,latifi,6,LAT,Nicholas,Latifi,1995-06-29,Canadian,williams,Williams,British,Nicholas Latifi,2022,3.0
25522,1079,825,210,20,8.0,17.0,17,17,0.0,64,12,0,2022,6,4,Spanish Grand Prix,2022-05-22,13:00:00,kevin_magnussen,20,MAG,Kevin,Magnussen,1992-10-05,Danish,haas,Haas F1 Team,American,Kevin Magnussen,2022,-9.0
25523,1079,848,3,23,18.0,18.0,18,18,0.0,64,12,0,2022,6,4,Spanish Grand Prix,2022-05-22,13:00:00,albon,23,ALB,Alexander,Albon,1996-03-23,Thai,williams,Williams,British,Alexander Albon,2022,0.0
25524,1079,855,51,24,15.0,0.0,R,19,0.0,28,75,1,2022,6,4,Spanish Grand Prix,2022-05-22,13:00:00,zhou,24,ZHO,Guanyu,Zhou,1999-05-30,Chinese,alfa,Alfa Romeo,Swiss,Guanyu Zhou,2022,15.0
25525,1079,844,6,16,1.0,0.0,R,20,0.0,27,101,1,2022,6,4,Spanish Grand Prix,2022-05-22,13:00:00,leclerc,16,LEC,Charles,Leclerc,1997-10-16,Monegasque,ferrari,Ferrari,Italian,Charles Leclerc,2022,1.0
25526,1080,815,9,11,3.0,1.0,1,1,25.0,64,1,0,2022,7,6,Monaco Grand Prix,2022-05-29,13:00:00,perez,11,PER,Sergio,Pérez,1990-01-26,Mexican,red_bull,Red Bull,Austrian,Sergio Pérez,2022,2.0
25527,1080,832,6,55,2.0,2.0,2,2,18.0,64,1,0,2022,7,6,Monaco Grand Prix,2022-05-29,13:00:00,sainz,55,SAI,Carlos,Sainz,1994-09-01,Spanish,ferrari,Ferrari,Italian,Carlos Sainz,2022,0.0
25528,1080,830,9,1,4.0,3.0,3,3,15.0,64,1,0,2022,7,6,Monaco Grand Prix,2022-05-29,13:00:00,max_verstappen,33,VER,Max,Verstappen,1997-09-30,Dutch,red_bull,Red Bull,Austrian,Max Verstappen,2022,1.0
25529,1080,844,6,16,1.0,4.0,4,4,12.0,64,1,0,2022,7,6,Monaco Grand Prix,2022-05-29,13:00:00,leclerc,16,LEC,Charles,Leclerc,1997-10-16,Monegasque,ferrari,Ferrari,Italian,Charles Leclerc,2022,-3.0
25530,1080,847,131,63,6.0,5.0,5,5,10.0,64,1,0,2022,7,6,Monaco Grand Prix,2022-05-29,13:00:00,russell,63,RUS,George,Russell,1998-02-15,British,mercedes,Mercedes,German,George Russell,2022,1.0
25531,1080,846,1,4,5.0,6.0,6,6,9.0,64,1,0,2022,7,6,Monaco Grand Prix,2022-05-29,13:00:00,norris,4,NOR,Lando,Norris,1999-11-13,British,mclaren,McLaren,British,Lando Norris,2022,-1.0
25532,1080,4,214,14,7.0,7.0,7,7,6.0,64,1,0,2022,7,6,Monaco Grand Prix,2022-05-29,13:00:00,alonso,14,ALO,Fernando,Alonso,1981-07-29,Spanish,alpine,Alpine F1 Team,French,Fernando Alonso,2022,0.0
25533,1080,1,131,44,8.0,8.0,8,8,4.0,64,1,0,2022,7,6,Monaco Grand Prix,2022-05-29,13:00:00,hamilton,44,HAM,Lewis,Hamilton,1985-01-07,British,mercedes,Mercedes,German,Lewis Hamilton,2022,0.0
25534,1080,822,51,77,12.0,9.0,9,9,2.0,64,1,0,2022,7,6,Monaco Grand Prix,2022-05-29,13:00:00,bottas,77,BOT,Valtteri,Bottas,1989-08-28,Finnish,alfa,Alfa Romeo,Swiss,Valtteri Bottas,2022,3.0
25535,1080,20,117,5,9.0,10.0,10,10,1.0,64,1,0,2022,7,6,Monaco Grand Prix,2022-05-29,13:00:00,vettel,5,VET,Sebastian,Vettel,1987-07-03,German,aston_martin,Aston Martin,British,Sebastian Vettel,2022,-1.0
25536,1080,842,213,10,17.0,11.0,11,11,0.0,64,1,0,2022,7,6,Monaco Grand Prix,2022-05-29,13:00:00,gasly,10,GAS,Pierre,Gasly,1996-02-07,French,alphatauri,AlphaTauri,Italian,Pierre Gasly,2022,6.0
25537,1080,839,214,31,10.0,12.0,12,12,0.0,64,1,0,2022,7,6,Monaco Grand Prix,2022-05-29,13:00:00,ocon,31,OCO,Esteban,Ocon,1996-09-17,French,alpine,Alpine F1 Team,French,Esteban Ocon,2022,-2.0
25538,1080,817,1,3,14.0,13.0,13,13,0.0,64,1,0,2022,7,6,Monaco Grand Prix,2022-05-29,13:00:00,ricciardo,3,RIC,Daniel,Ricciardo,1989-07-01,Australian,mclaren,McLaren,British,Daniel Ricciardo,2022,1.0
25539,1080,840,117,18,18.0,14.0,14,14,0.0,64,1,0,2022,7,6,Monaco Grand Prix,2022-05-29,13:00:00,stroll,18,STR,Lance,Stroll,1998-10-29,Canadian,aston_martin,Aston Martin,British,Lance Stroll,2022,4.0
25540,1080,849,3,6,19.0,15.0,15,15,0.0,63,11,0,2022,7,6,Monaco Grand Prix,2022-05-29,13:00:00,latifi,6,LAT,Nicholas,Latifi,1995-06-29,Canadian,williams,Williams,British,Nicholas Latifi,2022,4.0
25541,1080,855,51,24,20.0,16.0,16,16,0.0,63,11,0,2022,7,6,Monaco Grand Prix,2022-05-29,13:00:00,zhou,24,ZHO,Guanyu,Zhou,1999-05-30,Chinese,alfa,Alfa Romeo,Swiss,Guanyu Zhou,2022,4.0
25542,1080,852,213,22,11.0,17.0,17,17,0.0,63,11,0,2022,7,6,Monaco Grand Prix,2022-05-29,13:00:00,tsunoda,22,TSU,Yuki,Tsunoda,2000-05-11,Japanese,alphatauri,AlphaTauri,Italian,Yuki Tsunoda,2022,-6.0
25543,1080,848,3,23,16.0,0.0,R,18,0.0,48,26,1,2022,7,6,Monaco Grand Prix,2022-05-29,13:00:00,albon,23,ALB,Alexander,Albon,1996-03-23,Thai,williams,Williams,British,Alexander Albon,2022,16.0
25544,1080,854,210,47,15.0,0.0,R,19,0.0,24,3,1,2022,7,6,Monaco Grand Prix,2022-05-29,13:00:00,mick_schumacher,47,MSC,Mick,Schumacher,1999-03-22,German,haas,Haas F1 Team,American,Mick Schumacher,2022,15.0
25545,1080,825,210,20,13.0,0.0,R,20,0.0,19,34,1,2022,7,6,Monaco Grand Prix,2022-05-29,13:00:00,kevin_magnussen,20,MAG,Kevin,Magnussen,1992-10-05,Danish,haas,Haas F1 Team,American,Kevin Magnussen,2022,13.0
25546,1081,830,9,1,3.0,1.0,1,1,25.0,51,1,0,2022,8,73,Azerbaijan Grand Prix,2022-06-12,11:00:00,max_verstappen,33,VER,Max,Verstappen,1997-09-30,Dutch,red_bull,Red Bull,Austrian,Max Verstappen,2022,2.0
25547,1081,815,9,11,2.0,2.0,2,2,19.0,51,1,0,2022,8,73,Azerbaijan Grand Prix,2022-06-12,11:00:00,perez,11,PER,Sergio,Pérez,1990-01-26,Mexican,red_bull,Red Bull,Austrian,Sergio Pérez,2022,0.0
25548,1081,847,131,63,5.0,3.0,3,3,15.0,51,1,0,2022,8,73,Azerbaijan Grand Prix,2022-06-12,11:00:00,russell,63,RUS,George,Russell,1998-02-15,British,mercedes,Mercedes,German,George Russell,2022,2.0
25549,1081,1,131,44,7.0,4.0,4,4,12.0,51,1,0,2022,8,73,Azerbaijan Grand Prix,2022-06-12,11:00:00,hamilton,44,HAM,Lewis,Hamilton,1985-01-07,British,mercedes,Mercedes,German,Lewis Hamilton,2022,3.0
25550,1081,842,213,10,6.0,5.0,5,5,10.0,51,1,0,2022,8,73,Azerbaijan Grand Prix,2022-06-12,11:00:00,gasly,10,GAS,Pierre,Gasly,1996-02-07,French,alphatauri,AlphaTauri,Italian,Pierre Gasly,2022,1.0
25551,1081,20,117,5,9.0,6.0,6,6,8.0,51,1,0,2022,8,73,Azerbaijan Grand Prix,2022-06-12,11:00:00,vettel,5,VET,Sebastian,Vettel,1987-07-03,German,aston_martin,Aston Martin,British,Sebastian Vettel,2022,3.0
25552,1081,4,214,14,10.0,7.0,7,7,6.0,51,1,0,2022,8,73,Azerbaijan Grand Prix,2022-06-12,11:00:00,alonso,14,ALO,Fernando,Alonso,1981-07-29,Spanish,alpine,Alpine F1 Team,French,Fernando Alonso,2022,3.0
25553,1081,817,1,3,12.0,8.0,8,8,4.0,51,1,0,2022,8,73,Azerbaijan Grand Prix,2022-06-12,11:00:00,ricciardo,3,RIC,Daniel,Ricciardo,1989-07-01,Australian,mclaren,McLaren,British,Daniel Ricciardo,2022,4.0
25554,1081,846,1,4,11.0,9.0,9,9,2.0,51,1,0,2022,8,73,Azerbaijan Grand Prix,2022-06-12,11:00:00,norris,4,NOR,Lando,Norris,1999-11-13,British,mclaren,McLaren,British,Lando Norris,2022,2.0
25555,1081,839,214,31,13.0,10.0,10,10,1.0,51,1,0,2022,8,73,Azerbaijan Grand Prix,2022-06-12,11:00:00,ocon,31,OCO,Esteban,Ocon,1996-09-17,French,alpine,Alpine F1 Team,French,Esteban Ocon,2022,3.0
25556,1081,822,51,77,15.0,11.0,11,11,0.0,50,11,0,2022,8,73,Azerbaijan Grand Prix,2022-06-12,11:00:00,bottas,77,BOT,Valtteri,Bottas,1989-08-28,Finnish,alfa,Alfa Romeo,Swiss,Valtteri Bottas,2022,4.0
25557,1081,848,3,23,17.0,12.0,12,12,0.0,50,11,0,2022,8,73,Azerbaijan Grand Prix,2022-06-12,11:00:00,albon,23,ALB,Alexander,Albon,1996-03-23,Thai,williams,Williams,British,Alexander Albon,2022,5.0
25558,1081,852,213,22,8.0,13.0,13,13,0.0,50,11,0,2022,8,73,Azerbaijan Grand Prix,2022-06-12,11:00:00,tsunoda,22,TSU,Yuki,Tsunoda,2000-05-11,Japanese,alphatauri,AlphaTauri,Italian,Yuki Tsunoda,2022,-5.0
25559,1081,854,210,47,20.0,14.0,14,14,0.0,50,11,0,2022,8,73,Azerbaijan Grand Prix,2022-06-12,11:00:00,mick_schumacher,47,MSC,Mick,Schumacher,1999-03-22,German,haas,Haas F1 Team,American,Mick Schumacher,2022,6.0
25560,1081,849,3,6,18.0,15.0,15,15,0.0,50,11,0,2022,8,73,Azerbaijan Grand Prix,2022-06-12,11:00:00,latifi,6,LAT,Nicholas,Latifi,1995-06-29,Canadian,williams,Williams,British,Nicholas Latifi,2022,3.0
25561,1081,840,117,18,19.0,16.0,16,16,0.0,46,76,0,2022,8,73,Azerbaijan Grand Prix,2022-06-12,11:00:00,stroll,18,STR,Lance,Stroll,1998-10-29,Canadian,aston_martin,Aston Martin,British,Lance Stroll,2022,3.0
25562,1081,825,210,20,16.0,0.0,R,17,0.0,31,131,1,2022,8,73,Azerbaijan Grand Prix,2022-06-12,11:00:00,kevin_magnussen,20,MAG,Kevin,Magnussen,1992-10-05,Danish,haas,Haas F1 Team,American,Kevin Magnussen,2022,16.0
25563,1081,855,51,24,14.0,0.0,R,18,0.0,23,9,1,2022,8,73,Azerbaijan Grand Prix,2022-06-12,11:00:00,zhou,24,ZHO,Guanyu,Zhou,1999-05-30,Chinese,alfa,Alfa Romeo,Swiss,Guanyu Zhou,2022,14.0
25564,1081,844,6,16,1.0,0.0,R,19,0.0,21,131,1,2022,8,73,Azerbaijan Grand Prix,2022-06-12,11:00:00,leclerc,16,LEC,Charles,Leclerc,1997-10-16,Monegasque,ferrari,Ferrari,Italian,Charles Leclerc,2022,1.0
25565,1081,832,6,55,4.0,0.0,R,20,0.0,8,9,1,2022,8,73,Azerbaijan Grand Prix,2022-06-12,11:00:00,sainz,55,SAI,Carlos,Sainz,1994-09-01,Spanish,ferrari,Ferrari,Italian,Carlos Sainz,2022,4.0
25566,1082,830,9,1,1.0,1.0,1,1,25.0,70,1,0,2022,9,7,Canadian Grand Prix,2022-06-19,18:00:00,max_verstappen,33,VER,Max,Verstappen,1997-09-30,Dutch,red_bull,Red Bull,Austrian,Max Verstappen,2022,0.0
25567,1082,832,6,55,3.0,2.0,2,2,19.0,70,1,0,2022,9,7,Canadian Grand Prix,2022-06-19,18:00:00,sainz,55,SAI,Carlos,Sainz,1994-09-01,Spanish,ferrari,Ferrari,Italian,Carlos Sainz,2022,1.0
25568,1082,1,131,44,4.0,3.0,3,3,15.0,70,1,0,2022,9,7,Canadian Grand Prix,2022-06-19,18:00:00,hamilton,44,HAM,Lewis,Hamilton,1985-01-07,British,mercedes,Mercedes,German,Lewis Hamilton,2022,1.0
25569,1082,847,131,63,8.0,4.0,4,4,12.0,70,1,0,2022,9,7,Canadian Grand Prix,2022-06-19,18:00:00,russell,63,RUS,George,Russell,1998-02-15,British,mercedes,Mercedes,German,George Russell,2022,4.0
25570,1082,844,6,16,19.0,5.0,5,5,10.0,70,1,0,2022,9,7,Canadian Grand Prix,2022-06-19,18:00:00,leclerc,16,LEC,Charles,Leclerc,1997-10-16,Monegasque,ferrari,Ferrari,Italian,Charles Leclerc,2022,14.0
25571,1082,839,214,31,7.0,6.0,6,6,8.0,70,1,0,2022,9,7,Canadian Grand Prix,2022-06-19,18:00:00,ocon,31,OCO,Esteban,Ocon,1996-09-17,French,alpine,Alpine F1 Team,French,Esteban Ocon,2022,1.0
25572,1082,822,51,77,11.0,7.0,7,7,6.0,70,1,0,2022,9,7,Canadian Grand Prix,2022-06-19,18:00:00,bottas,77,BOT,Valtteri,Bottas,1989-08-28,Finnish,alfa,Alfa Romeo,Swiss,Valtteri Bottas,2022,4.0
25573,1082,855,51,24,10.0,8.0,8,8,4.0,70,1,0,2022,9,7,Canadian Grand Prix,2022-06-19,18:00:00,zhou,24,ZHO,Guanyu,Zhou,1999-05-30,Chinese,alfa,Alfa Romeo,Swiss,Guanyu Zhou,2022,2.0
25574,1082,4,214,14,2.0,9.0,9,9,2.0,70,1,0,2022,9,7,Canadian Grand Prix,2022-06-19,18:00:00,alonso,14,ALO,Fernando,Alonso,1981-07-29,Spanish,alpine,Alpine F1 Team,French,Fernando Alonso,2022,-7.0
25575,1082,840,117,18,17.0,10.0,10,10,1.0,70,1,0,2022,9,7,Canadian Grand Prix,2022-06-19,18:00:00,stroll,18,STR,Lance,Stroll,1998-10-29,Canadian,aston_martin,Aston Martin,British,Lance Stroll,2022,7.0
25576,1082,817,1,3,9.0,11.0,11,11,0.0,70,1,0,2022,9,7,Canadian Grand Prix,2022-06-19,18:00:00,ricciardo,3,RIC,Daniel,Ricciardo,1989-07-01,Australian,mclaren,McLaren,British,Daniel Ricciardo,2022,-2.0
25577,1082,20,117,5,16.0,12.0,12,12,0.0,70,1,0,2022,9,7,Canadian Grand Prix,2022-06-19,18:00:00,vettel,5,VET,Sebastian,Vettel,1987-07-03,German,aston_martin,Aston Martin,British,Sebastian Vettel,2022,4.0
25578,1082,848,3,23,12.0,13.0,13,13,0.0,70,1,0,2022,9,7,Canadian Grand Prix,2022-06-19,18:00:00,albon,23,ALB,Alexander,Albon,1996-03-23,Thai,williams,Williams,British,Alexander Albon,2022,-1.0
25579,1082,842,213,10,15.0,14.0,14,14,0.0,70,1,0,2022,9,7,Canadian Grand Prix,2022-06-19,18:00:00,gasly,10,GAS,Pierre,Gasly,1996-02-07,French,alphatauri,AlphaTauri,Italian,Pierre Gasly,2022,1.0
25580,1082,846,1,4,14.0,15.0,15,15,0.0,70,1,0,2022,9,7,Canadian Grand Prix,2022-06-19,18:00:00,norris,4,NOR,Lando,Norris,1999-11-13,British,mclaren,McLaren,British,Lando Norris,2022,-1.0
25581,1082,849,3,6,18.0,16.0,16,16,0.0,70,1,0,2022,9,7,Canadian Grand Prix,2022-06-19,18:00:00,latifi,6,LAT,Nicholas,Latifi,1995-06-29,Canadian,williams,Williams,British,Nicholas Latifi,2022,2.0
25582,1082,825,210,20,5.0,17.0,17,17,0.0,70,1,0,2022,9,7,Canadian Grand Prix,2022-06-19,18:00:00,kevin_magnussen,20,MAG,Kevin,Magnussen,1992-10-05,Danish,haas,Haas F1 Team,American,Kevin Magnussen,2022,-12.0
25583,1082,852,213,22,20.0,0.0,R,18,0.0,47,3,1,2022,9,7,Canadian Grand Prix,2022-06-19,18:00:00,tsunoda,22,TSU,Yuki,Tsunoda,2000-05-11,Japanese,alphatauri,AlphaTauri,Italian,Yuki Tsunoda,2022,20.0
25584,1082,854,210,47,6.0,0.0,R,19,0.0,18,5,1,2022,9,7,Canadian Grand Prix,2022-06-19,18:00:00,mick_schumacher,47,MSC,Mick,Schumacher,1999-03-22,German,haas,Haas F1 Team,American,Mick Schumacher,2022,6.0
25585,1082,815,9,11,13.0,0.0,R,20,0.0,7,6,1,2022,9,7,Canadian Grand Prix,2022-06-19,18:00:00,perez,11,PER,Sergio,Pérez,1990-01-26,Mexican,red_bull,Red Bull,Austrian,Sergio Pérez,2022,13.0
25586,1083,832,6,55,1.0,1.0,1,1,25.0,52,1,0,2022,10,9,British Grand Prix,2022-07-03,14:00:00,sainz,55,SAI,Carlos,Sainz,1994-09-01,Spanish,ferrari,Ferrari,Italian,Carlos Sainz,2022,0.0
25587,1083,815,9,11,4.0,2.0,2,2,18.0,52,1,0,2022,10,9,British Grand Prix,2022-07-03,14:00:00,perez,11,PER,Sergio,Pérez,1990-01-26,Mexican,red_bull,Red Bull,Austrian,Sergio Pérez,2022,2.0
25588,1083,1,131,44,5.0,3.0,3,3,16.0,52,1,0,2022,10,9,British Grand Prix,2022-07-03,14:00:00,hamilton,44,HAM,Lewis,Hamilton,1985-01-07,British,mercedes,Mercedes,German,Lewis Hamilton,2022,2.0
25589,1083,844,6,16,3.0,4.0,4,4,12.0,52,1,0,2022,10,9,British Grand Prix,2022-07-03,14:00:00,leclerc,16,LEC,Charles,Leclerc,1997-10-16,Monegasque,ferrari,Ferrari,Italian,Charles Leclerc,2022,-1.0
25590,1083,4,214,14,7.0,5.0,5,5,10.0,52,1,0,2022,10,9,British Grand Prix,2022-07-03,14:00:00,alonso,14,ALO,Fernando,Alonso,1981-07-29,Spanish,alpine,Alpine F1 Team,French,Fernando Alonso,2022,2.0
25591,1083,846,1,4,6.0,6.0,6,6,8.0,52,1,0,2022,10,9,British Grand Prix,2022-07-03,14:00:00,norris,4,NOR,Lando,Norris,1999-11-13,British,mclaren,McLaren,British,Lando Norris,2022,0.0
25592,1083,830,9,1,2.0,7.0,7,7,6.0,52,1,0,2022,10,9,British Grand Prix,2022-07-03,14:00:00,max_verstappen,33,VER,Max,Verstappen,1997-09-30,Dutch,red_bull,Red Bull,Austrian,Max Verstappen,2022,-5.0
25593,1083,854,210,47,19.0,8.0,8,8,4.0,52,1,0,2022,10,9,British Grand Prix,2022-07-03,14:00:00,mick_schumacher,47,MSC,Mick,Schumacher,1999-03-22,German,haas,Haas F1 Team,American,Mick Schumacher,2022,11.0
25594,1083,20,117,5,18.0,9.0,9,9,2.0,52,1,0,2022,10,9,British Grand Prix,2022-07-03,14:00:00,vettel,5,VET,Sebastian,Vettel,1987-07-03,German,aston_martin,Aston Martin,British,Sebastian Vettel,2022,9.0
25595,1083,825,210,20,17.0,10.0,10,10,1.0,52,1,0,2022,10,9,British Grand Prix,2022-07-03,14:00:00,kevin_magnussen,20,MAG,Kevin,Magnussen,1992-10-05,Danish,haas,Haas F1 Team,American,Kevin Magnussen,2022,7.0
25596,1083,840,117,18,20.0,11.0,11,11,0.0,52,1,0,2022,10,9,British Grand Prix,2022-07-03,14:00:00,stroll,18,STR,Lance,Stroll,1998-10-29,Canadian,aston_martin,Aston Martin,British,Lance Stroll,2022,9.0
25597,1083,849,3,6,10.0,12.0,12,12,0.0,52,1,0,2022,10,9,British Grand Prix,2022-07-03,14:00:00,latifi,6,LAT,Nicholas,Latifi,1995-06-29,Canadian,williams,Williams,British,Nicholas Latifi,2022,-2.0
25598,1083,817,1,3,14.0,13.0,13,13,0.0,52,1,0,2022,10,9,British Grand Prix,2022-07-03,14:00:00,ricciardo,3,RIC,Daniel,Ricciardo,1989-07-01,Australian,mclaren,McLaren,British,Daniel Ricciardo,2022,1.0
25599,1083,852,213,22,13.0,14.0,14,14,0.0,52,1,0,2022,10,9,British Grand Prix,2022-07-03,14:00:00,tsunoda,22,TSU,Yuki,Tsunoda,2000-05-11,Japanese,alphatauri,AlphaTauri,Italian,Yuki Tsunoda,2022,-1.0
25600,1083,839,214,31,15.0,0.0,R,15,0.0,37,48,1,2022,10,9,British Grand Prix,2022-07-03,14:00:00,ocon,31,OCO,Esteban,Ocon,1996-09-17,French,alpine,Alpine F1 Team,French,Esteban Ocon,2022,15.0
25601,1083,842,213,10,11.0,0.0,R,16,0.0,26,130,1,2022,10,9,British Grand Prix,2022-07-03,14:00:00,gasly,10,GAS,Pierre,Gasly,1996-02-07,French,alphatauri,AlphaTauri,Italian,Pierre Gasly,2022,11.0
25602,1083,822,51,77,12.0,0.0,R,17,0.0,20,6,1,2022,10,9,British Grand Prix,2022-07-03,14:00:00,bottas,77,BOT,Valtteri,Bottas,1989-08-28,Finnish,alfa,Alfa Romeo,Swiss,Valtteri Bottas,2022,12.0
25603,1083,847,131,63,8.0,0.0,R,18,0.0,0,4,1,2022,10,9,British Grand Prix,2022-07-03,14:00:00,russell,63,RUS,George,Russell,1998-02-15,British,mercedes,Mercedes,German,George Russell,2022,8.0
25604,1083,855,51,24,9.0,0.0,R,19,0.0,0,4,1,2022,10,9,British Grand Prix,2022-07-03,14:00:00,zhou,24,ZHO,Guanyu,Zhou,1999-05-30,Chinese,alfa,Alfa Romeo,Swiss,Guanyu Zhou,2022,9.0
25605,1083,848,3,23,16.0,0.0,R,20,0.0,0,4,1,2022,10,9,British Grand Prix,2022-07-03,14:00:00,albon,23,ALB,Alexander,Albon,1996-03-23,Thai,williams,Williams,British,Alexander Albon,2022,16.0
25606,1084,844,6,16,2.0,1.0,1,1,25.0,71,1,0,2022,11,70,Austrian Grand Prix,2022-07-10,13:00:00,leclerc,16,LEC,Charles,Leclerc,1997-10-16,Monegasque,ferrari,Ferrari,Italian,Charles Leclerc,2022,1.0
25607,1084,830,9,1,1.0,2.0,2,2,19.0,71,1,0,2022,11,70,Austrian Grand Prix,2022-07-10,13:00:00,max_verstappen,33,VER,Max,Verstappen,1997-09-30,Dutch,red_bull,Red Bull,Austrian,Max Verstappen,2022,-1.0
25608,1084,1,131,44,8.0,3.0,3,3,15.0,71,1,0,2022,11,70,Austrian Grand Prix,2022-07-10,13:00:00,hamilton,44,HAM,Lewis,Hamilton,1985-01-07,British,mercedes,Mercedes,German,Lewis Hamilton,2022,5.0
25609,1084,847,131,63,4.0,4.0,4,4,12.0,71,1,0,2022,11,70,Austrian Grand Prix,2022-07-10,13:00:00,russell,63,RUS,George,Russell,1998-02-15,British,mercedes,Mercedes,German,George Russell,2022,0.0
25610,1084,839,214,31,6.0,5.0,5,5,10.0,71,1,0,2022,11,70,Austrian Grand Prix,2022-07-10,13:00:00,ocon,31,OCO,Esteban,Ocon,1996-09-17,French,alpine,Alpine F1 Team,French,Esteban Ocon,2022,1.0
25611,1084,854,210,47,9.0,6.0,6,6,8.0,70,11,0,2022,11,70,Austrian Grand Prix,2022-07-10,13:00:00,mick_schumacher,47,MSC,Mick,Schumacher,1999-03-22,German,haas,Haas F1 Team,American,Mick Schumacher,2022,3.0
25612,1084,846,1,4,10.0,7.0,7,7,6.0,70,11,0,2022,11,70,Austrian Grand Prix,2022-07-10,13:00:00,norris,4,NOR,Lando,Norris,1999-11-13,British,mclaren,McLaren,British,Lando Norris,2022,3.0
25613,1084,825,210,20,7.0,8.0,8,8,4.0,70,11,0,2022,11,70,Austrian Grand Prix,2022-07-10,13:00:00,kevin_magnussen,20,MAG,Kevin,Magnussen,1992-10-05,Danish,haas,Haas F1 Team,American,Kevin Magnussen,2022,-1.0
25614,1084,817,1,3,11.0,9.0,9,9,2.0,70,11,0,2022,11,70,Austrian Grand Prix,2022-07-10,13:00:00,ricciardo,3,RIC,Daniel,Ricciardo,1989-07-01,Australian,mclaren,McLaren,British,Daniel Ricciardo,2022,2.0
25615,1084,4,214,14,19.0,10.0,10,10,1.0,70,11,0,2022,11,70,Austrian Grand Prix,2022-07-10,13:00:00,alonso,14,ALO,Fernando,Alonso,1981-07-29,Spanish,alpine,Alpine F1 Team,French,Fernando Alonso,2022,9.0
25616,1084,822,51,77,0.0,11.0,11,11,0.0,70,11,0,2022,11,70,Austrian Grand Prix,2022-07-10,13:00:00,bottas,77,BOT,Valtteri,Bottas,1989-08-28,Finnish,alfa,Alfa Romeo,Swiss,Valtteri Bottas,2022,-11.0
25617,1084,848,3,23,15.0,12.0,12,12,0.0,70,11,0,2022,11,70,Austrian Grand Prix,2022-07-10,13:00:00,albon,23,ALB,Alexander,Albon,1996-03-23,Thai,williams,Williams,British,Alexander Albon,2022,3.0
25618,1084,840,117,18,12.0,13.0,13,13,0.0,70,11,0,2022,11,70,Austrian Grand Prix,2022-07-10,13:00:00,stroll,18,STR,Lance,Stroll,1998-10-29,Canadian,aston_martin,Aston Martin,British,Lance Stroll,2022,-1.0
25619,1084,855,51,24,13.0,14.0,14,14,0.0,70,11,0,2022,11,70,Austrian Grand Prix,2022-07-10,13:00:00,zhou,24,ZHO,Guanyu,Zhou,1999-05-30,Chinese,alfa,Alfa Romeo,Swiss,Guanyu Zhou,2022,-1.0
25620,1084,842,213,10,14.0,15.0,15,15,0.0,70,11,0,2022,11,70,Austrian Grand Prix,2022-07-10,13:00:00,gasly,10,GAS,Pierre,Gasly,1996-02-07,French,alphatauri,AlphaTauri,Italian,Pierre Gasly,2022,-1.0
25621,1084,852,213,22,16.0,16.0,16,16,0.0,70,11,0,2022,11,70,Austrian Grand Prix,2022-07-10,13:00:00,tsunoda,22,TSU,Yuki,Tsunoda,2000-05-11,Japanese,alphatauri,AlphaTauri,Italian,Yuki Tsunoda,2022,0.0
25622,1084,20,117,5,18.0,17.0,17,17,0.0,70,11,0,2022,11,70,Austrian Grand Prix,2022-07-10,13:00:00,vettel,5,VET,Sebastian,Vettel,1987-07-03,German,aston_martin,Aston Martin,British,Sebastian Vettel,2022,1.0
25623,1084,832,6,55,3.0,0.0,R,18,0.0,56,131,1,2022,11,70,Austrian Grand Prix,2022-07-10,13:00:00,sainz,55,SAI,Carlos,Sainz,1994-09-01,Spanish,ferrari,Ferrari,Italian,Carlos Sainz,2022,3.0
25624,1084,849,3,6,17.0,0.0,R,19,0.0,48,140,1,2022,11,70,Austrian Grand Prix,2022-07-10,13:00:00,latifi,6,LAT,Nicholas,Latifi,1995-06-29,Canadian,williams,Williams,British,Nicholas Latifi,2022,17.0
25625,1084,815,9,11,5.0,0.0,R,20,0.0,24,130,1,2022,11,70,Austrian Grand Prix,2022-07-10,13:00:00,perez,11,PER,Sergio,Pérez,1990-01-26,Mexican,red_bull,Red Bull,Austrian,Sergio Pérez,2022,5.0
25626,1085,830,9,1,2.0,1.0,1,1,25.0,53,1,0,2022,12,34,French Grand Prix,2022-07-24,13:00:00,max_verstappen,33,VER,Max,Verstappen,1997-09-30,Dutch,red_bull,Red Bull,Austrian,Max Verstappen,2022,1.0
25627,1085,1,131,44,4.0,2.0,2,2,18.0,53,1,0,2022,12,34,French Grand Prix,2022-07-24,13:00:00,hamilton,44,HAM,Lewis,Hamilton,1985-01-07,British,mercedes,Mercedes,German,Lewis Hamilton,2022,2.0
25628,1085,847,131,63,6.0,3.0,3,3,15.0,53,1,0,2022,12,34,French Grand Prix,2022-07-24,13:00:00,russell,63,RUS,George,Russell,1998-02-15,British,mercedes,Mercedes,German,George Russell,2022,3.0
25629,1085,815,9,11,3.0,4.0,4,4,12.0,53,1,0,2022,12,34,French Grand Prix,2022-07-24,13:00:00,perez,11,PER,Sergio,Pérez,1990-01-26,Mexican,red_bull,Red Bull,Austrian,Sergio Pérez,2022,-1.0
25630,1085,832,6,55,19.0,5.0,5,5,11.0,53,1,0,2022,12,34,French Grand Prix,2022-07-24,13:00:00,sainz,55,SAI,Carlos,Sainz,1994-09-01,Spanish,ferrari,Ferrari,Italian,Carlos Sainz,2022,14.0
25631,1085,4,214,14,7.0,6.0,6,6,8.0,53,1,0,2022,12,34,French Grand Prix,2022-07-24,13:00:00,alonso,14,ALO,Fernando,Alonso,1981-07-29,Spanish,alpine,Alpine F1 Team,French,Fernando Alonso,2022,1.0
25632,1085,846,1,4,5.0,7.0,7,7,6.0,53,1,0,2022,12,34,French Grand Prix,2022-07-24,13:00:00,norris,4,NOR,Lando,Norris,1999-11-13,British,mclaren,McLaren,British,Lando Norris,2022,-2.0
25633,1085,839,214,31,10.0,8.0,8,8,4.0,53,1,0,2022,12,34,French Grand Prix,2022-07-24,13:00:00,ocon,31,OCO,Esteban,Ocon,1996-09-17,French,alpine,Alpine F1 Team,French,Esteban Ocon,2022,2.0
25634,1085,817,1,3,9.0,9.0,9,9,2.0,53,1,0,2022,12,34,French Grand Prix,2022-07-24,13:00:00,ricciardo,3,RIC,Daniel,Ricciardo,1989-07-01,Australian,mclaren,McLaren,British,Daniel Ricciardo,2022,0.0
25635,1085,840,117,18,15.0,10.0,10,10,1.0,53,1,0,2022,12,34,French Grand Prix,2022-07-24,13:00:00,stroll,18,STR,Lance,Stroll,1998-10-29,Canadian,aston_martin,Aston Martin,British,Lance Stroll,2022,5.0
25636,1085,20,117,5,12.0,11.0,11,11,0.0,53,1,0,2022,12,34,French Grand Prix,2022-07-24,13:00:00,vettel,5,VET,Sebastian,Vettel,1987-07-03,German,aston_martin,Aston Martin,British,Sebastian Vettel,2022,1.0
25637,1085,842,213,10,14.0,12.0,12,12,0.0,53,1,0,2022,12,34,French Grand Prix,2022-07-24,13:00:00,gasly,10,GAS,Pierre,Gasly,1996-02-07,French,alphatauri,AlphaTauri,Italian,Pierre Gasly,2022,2.0
25638,1085,848,3,23,13.0,13.0,13,13,0.0,53,1,0,2022,12,34,French Grand Prix,2022-07-24,13:00:00,albon,23,ALB,Alexander,Albon,1996-03-23,Thai,williams,Williams,British,Alexander Albon,2022,0.0
25639,1085,822,51,77,11.0,14.0,14,14,0.0,53,1,0,2022,12,34,French Grand Prix,2022-07-24,13:00:00,bottas,77,BOT,Valtteri,Bottas,1989-08-28,Finnish,alfa,Alfa Romeo,Swiss,Valtteri Bottas,2022,-3.0
25640,1085,854,210,47,17.0,15.0,15,15,0.0,53,1,0,2022,12,34,French Grand Prix,2022-07-24,13:00:00,mick_schumacher,47,MSC,Mick,Schumacher,1999-03-22,German,haas,Haas F1 Team,American,Mick Schumacher,2022,2.0
25641,1085,855,51,24,16.0,16.0,16,16,0.0,47,16,0,2022,12,34,French Grand Prix,2022-07-24,13:00:00,zhou,24,ZHO,Guanyu,Zhou,1999-05-30,Chinese,alfa,Alfa Romeo,Swiss,Guanyu Zhou,2022,0.0
25642,1085,849,3,6,18.0,0.0,R,17,0.0,40,130,1,2022,12,34,French Grand Prix,2022-07-24,13:00:00,latifi,6,LAT,Nicholas,Latifi,1995-06-29,Canadian,williams,Williams,British,Nicholas Latifi,2022,18.0
25643,1085,825,210,20,20.0,0.0,R,18,0.0,37,130,1,2022,12,34,French Grand Prix,2022-07-24,13:00:00,kevin_magnussen,20,MAG,Kevin,Magnussen,1992-10-05,Danish,haas,Haas F1 Team,American,Kevin Magnussen,2022,20.0
25644,1085,844,6,16,1.0,0.0,R,19,0.0,17,3,1,2022,12,34,French Grand Prix,2022-07-24,13:00:00,leclerc,16,LEC,Charles,Leclerc,1997-10-16,Monegasque,ferrari,Ferrari,Italian,Charles Leclerc,2022,1.0
25645,1085,852,213,22,8.0,0.0,R,20,0.0,17,140,1,2022,12,34,French Grand Prix,2022-07-24,13:00:00,tsunoda,22,TSU,Yuki,Tsunoda,2000-05-11,Japanese,alphatauri,AlphaTauri,Italian,Yuki Tsunoda,2022,8.0
25646,1086,830,9,1,10.0,1.0,1,1,25.0,70,1,0,2022,13,11,Hungarian Grand Prix,2022-07-31,13:00:00,max_verstappen,33,VER,Max,Verstappen,1997-09-30,Dutch,red_bull,Red Bull,Austrian,Max Verstappen,2022,9.0
25647,1086,1,131,44,7.0,2.0,2,2,19.0,70,1,0,2022,13,11,Hungarian Grand Prix,2022-07-31,13:00:00,hamilton,44,HAM,Lewis,Hamilton,1985-01-07,British,mercedes,Mercedes,German,Lewis Hamilton,2022,5.0
25648,1086,847,131,63,1.0,3.0,3,3,15.0,70,1,0,2022,13,11,Hungarian Grand Prix,2022-07-31,13:00:00,russell,63,RUS,George,Russell,1998-02-15,British,mercedes,Mercedes,German,George Russell,2022,-2.0
25649,1086,832,6,55,2.0,4.0,4,4,12.0,70,1,0,2022,13,11,Hungarian Grand Prix,2022-07-31,13:00:00,sainz,55,SAI,Carlos,Sainz,1994-09-01,Spanish,ferrari,Ferrari,Italian,Carlos Sainz,2022,-2.0
25650,1086,815,9,11,11.0,5.0,5,5,10.0,70,1,0,2022,13,11,Hungarian Grand Prix,2022-07-31,13:00:00,perez,11,PER,Sergio,Pérez,1990-01-26,Mexican,red_bull,Red Bull,Austrian,Sergio Pérez,2022,6.0
25651,1086,844,6,16,3.0,6.0,6,6,8.0,70,1,0,2022,13,11,Hungarian Grand Prix,2022-07-31,13:00:00,leclerc,16,LEC,Charles,Leclerc,1997-10-16,Monegasque,ferrari,Ferrari,Italian,Charles Leclerc,2022,-3.0
25652,1086,846,1,4,4.0,7.0,7,7,6.0,70,1,0,2022,13,11,Hungarian Grand Prix,2022-07-31,13:00:00,norris,4,NOR,Lando,Norris,1999-11-13,British,mclaren,McLaren,British,Lando Norris,2022,-3.0
25653,1086,4,214,14,6.0,8.0,8,8,4.0,69,11,0,2022,13,11,Hungarian Grand Prix,2022-07-31,13:00:00,alonso,14,ALO,Fernando,Alonso,1981-07-29,Spanish,alpine,Alpine F1 Team,French,Fernando Alonso,2022,-2.0
25654,1086,839,214,31,5.0,9.0,9,9,2.0,69,11,0,2022,13,11,Hungarian Grand Prix,2022-07-31,13:00:00,ocon,31,OCO,Esteban,Ocon,1996-09-17,French,alpine,Alpine F1 Team,French,Esteban Ocon,2022,-4.0
25655,1086,20,117,5,18.0,10.0,10,10,1.0,69,11,0,2022,13,11,Hungarian Grand Prix,2022-07-31,13:00:00,vettel,5,VET,Sebastian,Vettel,1987-07-03,German,aston_martin,Aston Martin,British,Sebastian Vettel,2022,8.0
25656,1086,840,117,18,14.0,11.0,11,11,0.0,69,11,0,2022,13,11,Hungarian Grand Prix,2022-07-31,13:00:00,stroll,18,STR,Lance,Stroll,1998-10-29,Canadian,aston_martin,Aston Martin,British,Lance Stroll,2022,3.0
25657,1086,842,213,10,0.0,12.0,12,12,0.0,69,11,0,2022,13,11,Hungarian Grand Prix,2022-07-31,13:00:00,gasly,10,GAS,Pierre,Gasly,1996-02-07,French,alphatauri,AlphaTauri,Italian,Pierre Gasly,2022,-12.0
25658,1086,855,51,24,12.0,13.0,13,13,0.0,69,11,0,2022,13,11,Hungarian Grand Prix,2022-07-31,13:00:00,zhou,24,ZHO,Guanyu,Zhou,1999-05-30,Chinese,alfa,Alfa Romeo,Swiss,Guanyu Zhou,2022,-1.0
25659,1086,854,210,47,15.0,14.0,14,14,0.0,69,11,0,2022,13,11,Hungarian Grand Prix,2022-07-31,13:00:00,mick_schumacher,47,MSC,Mick,Schumacher,1999-03-22,German,haas,Haas F1 Team,American,Mick Schumacher,2022,1.0
25660,1086,817,1,3,9.0,15.0,15,15,0.0,69,11,0,2022,13,11,Hungarian Grand Prix,2022-07-31,13:00:00,ricciardo,3,RIC,Daniel,Ricciardo,1989-07-01,Australian,mclaren,McLaren,British,Daniel Ricciardo,2022,-6.0
25661,1086,825,210,20,13.0,16.0,16,16,0.0,69,11,0,2022,13,11,Hungarian Grand Prix,2022-07-31,13:00:00,kevin_magnussen,20,MAG,Kevin,Magnussen,1992-10-05,Danish,haas,Haas F1 Team,American,Kevin Magnussen,2022,-3.0
25662,1086,848,3,23,17.0,17.0,17,17,0.0,69,11,0,2022,13,11,Hungarian Grand Prix,2022-07-31,13:00:00,albon,23,ALB,Alexander,Albon,1996-03-23,Thai,williams,Williams,British,Alexander Albon,2022,0.0
25663,1086,849,3,6,19.0,18.0,18,18,0.0,69,11,0,2022,13,11,Hungarian Grand Prix,2022-07-31,13:00:00,latifi,6,LAT,Nicholas,Latifi,1995-06-29,Canadian,williams,Williams,British,Nicholas Latifi,2022,1.0
25664,1086,852,213,22,16.0,19.0,19,19,0.0,68,12,0,2022,13,11,Hungarian Grand Prix,2022-07-31,13:00:00,tsunoda,22,TSU,Yuki,Tsunoda,2000-05-11,Japanese,alphatauri,AlphaTauri,Italian,Yuki Tsunoda,2022,-3.0
25665,1086,822,51,77,8.0,20.0,20,20,0.0,65,131,0,2022,13,11,Hungarian Grand Prix,2022-07-31,13:00:00,bottas,77,BOT,Valtteri,Bottas,1989-08-28,Finnish,alfa,Alfa Romeo,Swiss,Valtteri Bottas,2022,-12.0
25666,1087,830,9,1,14.0,1.0,1,1,26.0,44,1,0,2022,14,13,Belgian Grand Prix,2022-08-28,13:00:00,max_verstappen,33,VER,Max,Verstappen,1997-09-30,Dutch,red_bull,Red Bull,Austrian,Max Verstappen,2022,13.0
25667,1087,815,9,11,2.0,2.0,2,2,18.0,44,1,0,2022,14,13,Belgian Grand Prix,2022-08-28,13:00:00,perez,11,PER,Sergio,Pérez,1990-01-26,Mexican,red_bull,Red Bull,Austrian,Sergio Pérez,2022,0.0
25668,1087,832,6,55,1.0,3.0,3,3,15.0,44,1,0,2022,14,13,Belgian Grand Prix,2022-08-28,13:00:00,sainz,55,SAI,Carlos,Sainz,1994-09-01,Spanish,ferrari,Ferrari,Italian,Carlos Sainz,2022,-2.0
25669,1087,847,131,63,5.0,4.0,4,4,12.0,44,1,0,2022,14,13,Belgian Grand Prix,2022-08-28,13:00:00,russell,63,RUS,George,Russell,1998-02-15,British,mercedes,Mercedes,German,George Russell,2022,1.0
25670,1087,4,214,14,3.0,5.0,5,5,10.0,44,1,0,2022,14,13,Belgian Grand Prix,2022-08-28,13:00:00,alonso,14,ALO,Fernando,Alonso,1981-07-29,Spanish,alpine,Alpine F1 Team,French,Fernando Alonso,2022,-2.0
25671,1087,844,6,16,15.0,6.0,6,6,8.0,44,1,0,2022,14,13,Belgian Grand Prix,2022-08-28,13:00:00,leclerc,16,LEC,Charles,Leclerc,1997-10-16,Monegasque,ferrari,Ferrari,Italian,Charles Leclerc,2022,9.0
25672,1087,839,214,31,16.0,7.0,7,7,6.0,44,1,0,2022,14,13,Belgian Grand Prix,2022-08-28,13:00:00,ocon,31,OCO,Esteban,Ocon,1996-09-17,French,alpine,Alpine F1 Team,French,Esteban Ocon,2022,9.0
25673,1087,20,117,5,10.0,8.0,8,8,4.0,44,1,0,2022,14,13,Belgian Grand Prix,2022-08-28,13:00:00,vettel,5,VET,Sebastian,Vettel,1987-07-03,German,aston_martin,Aston Martin,British,Sebastian Vettel,2022,2.0
25674,1087,842,213,10,0.0,9.0,9,9,2.0,44,1,0,2022,14,13,Belgian Grand Prix,2022-08-28,13:00:00,gasly,10,GAS,Pierre,Gasly,1996-02-07,French,alphatauri,AlphaTauri,Italian,Pierre Gasly,2022,-9.0
25675,1087,848,3,23,6.0,10.0,10,10,1.0,44,1,0,2022,14,13,Belgian Grand Prix,2022-08-28,13:00:00,albon,23,ALB,Alexander,Albon,1996-03-23,Thai,williams,Williams,British,Alexander Albon,2022,-4.0
25676,1087,840,117,18,9.0,11.0,11,11,0.0,44,1,0,2022,14,13,Belgian Grand Prix,2022-08-28,13:00:00,stroll,18,STR,Lance,Stroll,1998-10-29,Canadian,aston_martin,Aston Martin,British,Lance Stroll,2022,-2.0
25677,1087,846,1,4,17.0,12.0,12,12,0.0,44,1,0,2022,14,13,Belgian Grand Prix,2022-08-28,13:00:00,norris,4,NOR,Lando,Norris,1999-11-13,British,mclaren,McLaren,British,Lando Norris,2022,5.0
25678,1087,852,213,22,0.0,13.0,13,13,0.0,44,1,0,2022,14,13,Belgian Grand Prix,2022-08-28,13:00:00,tsunoda,22,TSU,Yuki,Tsunoda,2000-05-11,Japanese,alphatauri,AlphaTauri,Italian,Yuki Tsunoda,2022,-13.0
25679,1087,855,51,24,18.0,14.0,14,14,0.0,44,1,0,2022,14,13,Belgian Grand Prix,2022-08-28,13:00:00,zhou,24,ZHO,Guanyu,Zhou,1999-05-30,Chinese,alfa,Alfa Romeo,Swiss,Guanyu Zhou,2022,4.0
25680,1087,817,1,3,7.0,15.0,15,15,0.0,44,1,0,2022,14,13,Belgian Grand Prix,2022-08-28,13:00:00,ricciardo,3,RIC,Daniel,Ricciardo,1989-07-01,Australian,mclaren,McLaren,British,Daniel Ricciardo,2022,-8.0
25681,1087,825,210,20,12.0,16.0,16,16,0.0,43,11,0,2022,14,13,Belgian Grand Prix,2022-08-28,13:00:00,kevin_magnussen,20,MAG,Kevin,Magnussen,1992-10-05,Danish,haas,Haas F1 Team,American,Kevin Magnussen,2022,-4.0
25682,1087,854,210,47,19.0,17.0,17,17,0.0,43,11,0,2022,14,13,Belgian Grand Prix,2022-08-28,13:00:00,mick_schumacher,47,MSC,Mick,Schumacher,1999-03-22,German,haas,Haas F1 Team,American,Mick Schumacher,2022,2.0
25683,1087,849,3,6,11.0,18.0,18,18,0.0,43,11,0,2022,14,13,Belgian Grand Prix,2022-08-28,13:00:00,latifi,6,LAT,Nicholas,Latifi,1995-06-29,Canadian,williams,Williams,British,Nicholas Latifi,2022,-7.0
25684,1087,822,51,77,13.0,0.0,R,19,0.0,1,3,1,2022,14,13,Belgian Grand Prix,2022-08-28,13:00:00,bottas,77,BOT,Valtteri,Bottas,1989-08-28,Finnish,alfa,Alfa Romeo,Swiss,Valtteri Bottas,2022,13.0
25685,1087,1,131,44,4.0,0.0,R,20,0.0,0,130,1,2022,14,13,Belgian Grand Prix,2022-08-28,13:00:00,hamilton,44,HAM,Lewis,Hamilton,1985-01-07,British,mercedes,Mercedes,German,Lewis Hamilton,2022,4.0
25686,1088,830,9,1,1.0,1.0,1,1,26.0,72,1,0,2022,15,39,Dutch Grand Prix,2022-09-04,13:00:00,max_verstappen,33,VER,Max,Verstappen,1997-09-30,Dutch,red_bull,Red Bull,Austrian,Max Verstappen,2022,0.0
25687,1088,847,131,63,6.0,2.0,2,2,18.0,72,1,0,2022,15,39,Dutch Grand Prix,2022-09-04,13:00:00,russell,63,RUS,George,Russell,1998-02-15,British,mercedes,Mercedes,German,George Russell,2022,4.0
25688,1088,844,6,16,2.0,3.0,3,3,15.0,72,1,0,2022,15,39,Dutch Grand Prix,2022-09-04,13:00:00,leclerc,16,LEC,Charles,Leclerc,1997-10-16,Monegasque,ferrari,Ferrari,Italian,Charles Leclerc,2022,-1.0
25689,1088,1,131,44,4.0,4.0,4,4,12.0,72,1,0,2022,15,39,Dutch Grand Prix,2022-09-04,13:00:00,hamilton,44,HAM,Lewis,Hamilton,1985-01-07,British,mercedes,Mercedes,German,Lewis Hamilton,2022,0.0
25690,1088,815,9,11,5.0,5.0,5,5,10.0,72,1,0,2022,15,39,Dutch Grand Prix,2022-09-04,13:00:00,perez,11,PER,Sergio,Pérez,1990-01-26,Mexican,red_bull,Red Bull,Austrian,Sergio Pérez,2022,0.0
25691,1088,4,214,14,13.0,6.0,6,6,8.0,72,1,0,2022,15,39,Dutch Grand Prix,2022-09-04,13:00:00,alonso,14,ALO,Fernando,Alonso,1981-07-29,Spanish,alpine,Alpine F1 Team,French,Fernando Alonso,2022,7.0
25692,1088,846,1,4,7.0,7.0,7,7,6.0,72,1,0,2022,15,39,Dutch Grand Prix,2022-09-04,13:00:00,norris,4,NOR,Lando,Norris,1999-11-13,British,mclaren,McLaren,British,Lando Norris,2022,0.0
25693,1088,832,6,55,3.0,8.0,8,8,4.0,72,1,0,2022,15,39,Dutch Grand Prix,2022-09-04,13:00:00,sainz,55,SAI,Carlos,Sainz,1994-09-01,Spanish,ferrari,Ferrari,Italian,Carlos Sainz,2022,-5.0
25694,1088,839,214,31,12.0,9.0,9,9,2.0,72,1,0,2022,15,39,Dutch Grand Prix,2022-09-04,13:00:00,ocon,31,OCO,Esteban,Ocon,1996-09-17,French,alpine,Alpine F1 Team,French,Esteban Ocon,2022,3.0
25695,1088,840,117,18,10.0,10.0,10,10,1.0,72,1,0,2022,15,39,Dutch Grand Prix,2022-09-04,13:00:00,stroll,18,STR,Lance,Stroll,1998-10-29,Canadian,aston_martin,Aston Martin,British,Lance Stroll,2022,0.0
25696,1088,842,213,10,11.0,11.0,11,11,0.0,72,1,0,2022,15,39,Dutch Grand Prix,2022-09-04,13:00:00,gasly,10,GAS,Pierre,Gasly,1996-02-07,French,alphatauri,AlphaTauri,Italian,Pierre Gasly,2022,0.0
25697,1088,848,3,23,15.0,12.0,12,12,0.0,72,1,0,2022,15,39,Dutch Grand Prix,2022-09-04,13:00:00,albon,23,ALB,Alexander,Albon,1996-03-23,Thai,williams,Williams,British,Alexander Albon,2022,3.0
25698,1088,854,210,47,8.0,13.0,13,13,0.0,72,1,0,2022,15,39,Dutch Grand Prix,2022-09-04,13:00:00,mick_schumacher,47,MSC,Mick,Schumacher,1999-03-22,German,haas,Haas F1 Team,American,Mick Schumacher,2022,-5.0
25699,1088,20,117,5,19.0,14.0,14,14,0.0,72,1,0,2022,15,39,Dutch Grand Prix,2022-09-04,13:00:00,vettel,5,VET,Sebastian,Vettel,1987-07-03,German,aston_martin,Aston Martin,British,Sebastian Vettel,2022,5.0
25700,1088,825,210,20,18.0,15.0,15,15,0.0,72,1,0,2022,15,39,Dutch Grand Prix,2022-09-04,13:00:00,kevin_magnussen,20,MAG,Kevin,Magnussen,1992-10-05,Danish,haas,Haas F1 Team,American,Kevin Magnussen,2022,3.0
25701,1088,855,51,24,14.0,16.0,16,16,0.0,72,1,0,2022,15,39,Dutch Grand Prix,2022-09-04,13:00:00,zhou,24,ZHO,Guanyu,Zhou,1999-05-30,Chinese,alfa,Alfa Romeo,Swiss,Guanyu Zhou,2022,-2.0
25702,1088,817,1,3,17.0,17.0,17,17,0.0,72,1,0,2022,15,39,Dutch Grand Prix,2022-09-04,13:00:00,ricciardo,3,RIC,Daniel,Ricciardo,1989-07-01,Australian,mclaren,McLaren,British,Daniel Ricciardo,2022,0.0
25703,1088,849,3,6,20.0,18.0,18,18,0.0,71,11,0,2022,15,39,Dutch Grand Prix,2022-09-04,13:00:00,latifi,6,LAT,Nicholas,Latifi,1995-06-29,Canadian,williams,Williams,British,Nicholas Latifi,2022,2.0
25704,1088,822,51,77,16.0,0.0,R,19,0.0,53,5,1,2022,15,39,Dutch Grand Prix,2022-09-04,13:00:00,bottas,77,BOT,Valtteri,Bottas,1989-08-28,Finnish,alfa,Alfa Romeo,Swiss,Valtteri Bottas,2022,16.0
25705,1088,852,213,22,9.0,0.0,R,20,0.0,43,24,1,2022,15,39,Dutch Grand Prix,2022-09-04,13:00:00,tsunoda,22,TSU,Yuki,Tsunoda,2000-05-11,Japanese,alphatauri,AlphaTauri,Italian,Yuki Tsunoda,2022,9.0
25706,1089,830,9,1,7.0,1.0,1,1,25.0,53,1,0,2022,16,14,Italian Grand Prix,2022-09-11,13:00:00,max_verstappen,33,VER,Max,Verstappen,1997-09-30,Dutch,red_bull,Red Bull,Austrian,Max Verstappen,2022,6.0
25707,1089,844,6,16,1.0,2.0,2,2,18.0,53,1,0,2022,16,14,Italian Grand Prix,2022-09-11,13:00:00,leclerc,16,LEC,Charles,Leclerc,1997-10-16,Monegasque,ferrari,Ferrari,Italian,Charles Leclerc,2022,-1.0
25708,1089,847,131,63,2.0,3.0,3,3,15.0,53,1,0,2022,16,14,Italian Grand Prix,2022-09-11,13:00:00,russell,63,RUS,George,Russell,1998-02-15,British,mercedes,Mercedes,German,George Russell,2022,-1.0
25709,1089,832,6,55,18.0,4.0,4,4,12.0,53,1,0,2022,16,14,Italian Grand Prix,2022-09-11,13:00:00,sainz,55,SAI,Carlos,Sainz,1994-09-01,Spanish,ferrari,Ferrari,Italian,Carlos Sainz,2022,14.0
25710,1089,1,131,44,19.0,5.0,5,5,10.0,53,1,0,2022,16,14,Italian Grand Prix,2022-09-11,13:00:00,hamilton,44,HAM,Lewis,Hamilton,1985-01-07,British,mercedes,Mercedes,German,Lewis Hamilton,2022,14.0
25711,1089,815,9,11,13.0,6.0,6,6,9.0,53,1,0,2022,16,14,Italian Grand Prix,2022-09-11,13:00:00,perez,11,PER,Sergio,Pérez,1990-01-26,Mexican,red_bull,Red Bull,Austrian,Sergio Pérez,2022,7.0
25712,1089,846,1,4,3.0,7.0,7,7,6.0,53,1,0,2022,16,14,Italian Grand Prix,2022-09-11,13:00:00,norris,4,NOR,Lando,Norris,1999-11-13,British,mclaren,McLaren,British,Lando Norris,2022,-4.0
25713,1089,842,213,10,5.0,8.0,8,8,4.0,53,1,0,2022,16,14,Italian Grand Prix,2022-09-11,13:00:00,gasly,10,GAS,Pierre,Gasly,1996-02-07,French,alphatauri,AlphaTauri,Italian,Pierre Gasly,2022,-3.0
25714,1089,856,3,45,8.0,9.0,9,9,2.0,53,1,0,2022,16,14,Italian Grand Prix,2022-09-11,13:00:00,de_vries,21,DEV,Nyck,de Vries,1995-02-06,Dutch,williams,Williams,British,Nyck de Vries,2022,-1.0
25715,1089,855,51,24,9.0,10.0,10,10,1.0,53,1,0,2022,16,14,Italian Grand Prix,2022-09-11,13:00:00,zhou,24,ZHO,Guanyu,Zhou,1999-05-30,Chinese,alfa,Alfa Romeo,Swiss,Guanyu Zhou,2022,-1.0
25716,1089,839,214,31,14.0,11.0,11,11,0.0,53,1,0,2022,16,14,Italian Grand Prix,2022-09-11,13:00:00,ocon,31,OCO,Esteban,Ocon,1996-09-17,French,alpine,Alpine F1 Team,French,Esteban Ocon,2022,3.0
25717,1089,854,210,47,17.0,12.0,12,12,0.0,53,1,0,2022,16,14,Italian Grand Prix,2022-09-11,13:00:00,mick_schumacher,47,MSC,Mick,Schumacher,1999-03-22,German,haas,Haas F1 Team,American,Mick Schumacher,2022,5.0
25718,1089,822,51,77,15.0,13.0,13,13,0.0,52,11,0,2022,16,14,Italian Grand Prix,2022-09-11,13:00:00,bottas,77,BOT,Valtteri,Bottas,1989-08-28,Finnish,alfa,Alfa Romeo,Swiss,Valtteri Bottas,2022,2.0
25719,1089,852,213,22,20.0,14.0,14,14,0.0,52,11,0,2022,16,14,Italian Grand Prix,2022-09-11,13:00:00,tsunoda,22,TSU,Yuki,Tsunoda,2000-05-11,Japanese,alphatauri,AlphaTauri,Italian,Yuki Tsunoda,2022,6.0
25720,1089,849,3,6,10.0,15.0,15,15,0.0,52,11,0,2022,16,14,Italian Grand Prix,2022-09-11,13:00:00,latifi,6,LAT,Nicholas,Latifi,1995-06-29,Canadian,williams,Williams,British,Nicholas Latifi,2022,-5.0
25721,1089,825,210,20,16.0,16.0,16,16,0.0,52,11,0,2022,16,14,Italian Grand Prix,2022-09-11,13:00:00,kevin_magnussen,20,MAG,Kevin,Magnussen,1992-10-05,Danish,haas,Haas F1 Team,American,Kevin Magnussen,2022,0.0
25722,1089,817,1,3,4.0,0.0,R,17,0.0,45,44,1,2022,16,14,Italian Grand Prix,2022-09-11,13:00:00,ricciardo,3,RIC,Daniel,Ricciardo,1989-07-01,Australian,mclaren,McLaren,British,Daniel Ricciardo,2022,4.0
25723,1089,840,117,18,12.0,0.0,R,18,0.0,39,5,1,2022,16,14,Italian Grand Prix,2022-09-11,13:00:00,stroll,18,STR,Lance,Stroll,1998-10-29,Canadian,aston_martin,Aston Martin,British,Lance Stroll,2022,12.0
25724,1089,4,214,14,6.0,0.0,R,19,0.0,31,34,1,2022,16,14,Italian Grand Prix,2022-09-11,13:00:00,alonso,14,ALO,Fernando,Alonso,1981-07-29,Spanish,alpine,Alpine F1 Team,French,Fernando Alonso,2022,6.0
25725,1089,20,117,5,11.0,0.0,R,20,0.0,10,5,1,2022,16,14,Italian Grand Prix,2022-09-11,13:00:00,vettel,5,VET,Sebastian,Vettel,1987-07-03,German,aston_martin,Aston Martin,British,Sebastian Vettel,2022,11.0
25726,1091,815,9,11,2.0,1.0,1,1,25.0,59,1,0,2022,17,15,Singapore Grand Prix,2022-10-02,12:00:00,perez,11,PER,Sergio,Pérez,1990-01-26,Mexican,red_bull,Red Bull,Austrian,Sergio Pérez,2022,1.0
25727,1091,844,6,16,1.0,2.0,2,2,18.0,59,1,0,2022,17,15,Singapore Grand Prix,2022-10-02,12:00:00,leclerc,16,LEC,Charles,Leclerc,1997-10-16,Monegasque,ferrari,Ferrari,Italian,Charles Leclerc,2022,-1.0
25728,1091,832,6,55,4.0,3.0,3,3,15.0,59,1,0,2022,17,15,Singapore Grand Prix,2022-10-02,12:00:00,sainz,55,SAI,Carlos,Sainz,1994-09-01,Spanish,ferrari,Ferrari,Italian,Carlos Sainz,2022,1.0
25729,1091,846,1,4,6.0,4.0,4,4,12.0,59,1,0,2022,17,15,Singapore Grand Prix,2022-10-02,12:00:00,norris,4,NOR,Lando,Norris,1999-11-13,British,mclaren,McLaren,British,Lando Norris,2022,2.0
25730,1091,817,1,3,16.0,5.0,5,5,10.0,59,1,0,2022,17,15,Singapore Grand Prix,2022-10-02,12:00:00,ricciardo,3,RIC,Daniel,Ricciardo,1989-07-01,Australian,mclaren,McLaren,British,Daniel Ricciardo,2022,11.0
25731,1091,840,117,18,11.0,6.0,6,6,8.0,59,1,0,2022,17,15,Singapore Grand Prix,2022-10-02,12:00:00,stroll,18,STR,Lance,Stroll,1998-10-29,Canadian,aston_martin,Aston Martin,British,Lance Stroll,2022,5.0
25732,1091,830,9,1,8.0,7.0,7,7,6.0,59,1,0,2022,17,15,Singapore Grand Prix,2022-10-02,12:00:00,max_verstappen,33,VER,Max,Verstappen,1997-09-30,Dutch,red_bull,Red Bull,Austrian,Max Verstappen,2022,1.0
25733,1091,20,117,5,13.0,8.0,8,8,4.0,59,1,0,2022,17,15,Singapore Grand Prix,2022-10-02,12:00:00,vettel,5,VET,Sebastian,Vettel,1987-07-03,German,aston_martin,Aston Martin,British,Sebastian Vettel,2022,5.0
25734,1091,1,131,44,3.0,9.0,9,9,2.0,59,1,0,2022,17,15,Singapore Grand Prix,2022-10-02,12:00:00,hamilton,44,HAM,Lewis,Hamilton,1985-01-07,British,mercedes,Mercedes,German,Lewis Hamilton,2022,-6.0
25735,1091,842,213,10,7.0,10.0,10,10,1.0,59,1,0,2022,17,15,Singapore Grand Prix,2022-10-02,12:00:00,gasly,10,GAS,Pierre,Gasly,1996-02-07,French,alphatauri,AlphaTauri,Italian,Pierre Gasly,2022,-3.0
25736,1091,822,51,77,15.0,11.0,11,11,0.0,59,1,0,2022,17,15,Singapore Grand Prix,2022-10-02,12:00:00,bottas,77,BOT,Valtteri,Bottas,1989-08-28,Finnish,alfa,Alfa Romeo,Swiss,Valtteri Bottas,2022,4.0
25737,1091,825,210,20,9.0,12.0,12,12,0.0,59,1,0,2022,17,15,Singapore Grand Prix,2022-10-02,12:00:00,kevin_magnussen,20,MAG,Kevin,Magnussen,1992-10-05,Danish,haas,Haas F1 Team,American,Kevin Magnussen,2022,-3.0
25738,1091,854,210,47,12.0,13.0,13,13,0.0,58,11,0,2022,17,15,Singapore Grand Prix,2022-10-02,12:00:00,mick_schumacher,47,MSC,Mick,Schumacher,1999-03-22,German,haas,Haas F1 Team,American,Mick Schumacher,2022,-1.0
25739,1091,847,131,63,0.0,14.0,14,14,0.0,57,12,0,2022,17,15,Singapore Grand Prix,2022-10-02,12:00:00,russell,63,RUS,George,Russell,1998-02-15,British,mercedes,Mercedes,German,George Russell,2022,-14.0
25740,1091,852,213,22,10.0,0.0,R,15,0.0,34,3,1,2022,17,15,Singapore Grand Prix,2022-10-02,12:00:00,tsunoda,22,TSU,Yuki,Tsunoda,2000-05-11,Japanese,alphatauri,AlphaTauri,Italian,Yuki Tsunoda,2022,10.0
25741,1091,839,214,31,17.0,0.0,R,16,0.0,26,5,1,2022,17,15,Singapore Grand Prix,2022-10-02,12:00:00,ocon,31,OCO,Esteban,Ocon,1996-09-17,French,alpine,Alpine F1 Team,French,Esteban Ocon,2022,17.0
25742,1091,848,3,23,18.0,0.0,R,17,0.0,25,130,1,2022,17,15,Singapore Grand Prix,2022-10-02,12:00:00,albon,23,ALB,Alexander,Albon,1996-03-23,Thai,williams,Williams,British,Alexander Albon,2022,18.0
25743,1091,4,214,14,5.0,0.0,R,18,0.0,20,5,1,2022,17,15,Singapore Grand Prix,2022-10-02,12:00:00,alonso,14,ALO,Fernando,Alonso,1981-07-29,Spanish,alpine,Alpine F1 Team,French,Fernando Alonso,2022,5.0
25744,1091,849,3,6,19.0,0.0,R,19,0.0,7,130,1,2022,17,15,Singapore Grand Prix,2022-10-02,12:00:00,latifi,6,LAT,Nicholas,Latifi,1995-06-29,Canadian,williams,Williams,British,Nicholas Latifi,2022,19.0
25745,1091,855,51,24,14.0,0.0,R,20,0.0,6,4,1,2022,17,15,Singapore Grand Prix,2022-10-02,12:00:00,zhou,24,ZHO,Guanyu,Zhou,1999-05-30,Chinese,alfa,Alfa Romeo,Swiss,Guanyu Zhou,2022,14.0
25746,1092,830,9,1,1.0,1.0,1,1,25.0,28,1,0,2022,18,22,Japanese Grand Prix,2022-10-09,05:00:00,max_verstappen,33,VER,Max,Verstappen,1997-09-30,Dutch,red_bull,Red Bull,Austrian,Max Verstappen,2022,0.0
25747,1092,815,9,11,4.0,2.0,2,2,18.0,28,1,0,2022,18,22,Japanese Grand Prix,2022-10-09,05:00:00,perez,11,PER,Sergio,Pérez,1990-01-26,Mexican,red_bull,Red Bull,Austrian,Sergio Pérez,2022,2.0
25748,1092,844,6,16,2.0,3.0,3,3,15.0,28,1,0,2022,18,22,Japanese Grand Prix,2022-10-09,05:00:00,leclerc,16,LEC,Charles,Leclerc,1997-10-16,Monegasque,ferrari,Ferrari,Italian,Charles Leclerc,2022,-1.0
25749,1092,839,214,31,5.0,4.0,4,4,12.0,28,1,0,2022,18,22,Japanese Grand Prix,2022-10-09,05:00:00,ocon,31,OCO,Esteban,Ocon,1996-09-17,French,alpine,Alpine F1 Team,French,Esteban Ocon,2022,1.0
25750,1092,1,131,44,6.0,5.0,5,5,10.0,28,1,0,2022,18,22,Japanese Grand Prix,2022-10-09,05:00:00,hamilton,44,HAM,Lewis,Hamilton,1985-01-07,British,mercedes,Mercedes,German,Lewis Hamilton,2022,1.0
25751,1092,20,117,5,9.0,6.0,6,6,8.0,28,1,0,2022,18,22,Japanese Grand Prix,2022-10-09,05:00:00,vettel,5,VET,Sebastian,Vettel,1987-07-03,German,aston_martin,Aston Martin,British,Sebastian Vettel,2022,3.0
25752,1092,4,214,14,7.0,7.0,7,7,6.0,28,1,0,2022,18,22,Japanese Grand Prix,2022-10-09,05:00:00,alonso,14,ALO,Fernando,Alonso,1981-07-29,Spanish,alpine,Alpine F1 Team,French,Fernando Alonso,2022,0.0
25753,1092,847,131,63,8.0,8.0,8,8,4.0,28,1,0,2022,18,22,Japanese Grand Prix,2022-10-09,05:00:00,russell,63,RUS,George,Russell,1998-02-15,British,mercedes,Mercedes,German,George Russell,2022,0.0
25754,1092,849,3,6,20.0,9.0,9,9,2.0,28,1,0,2022,18,22,Japanese Grand Prix,2022-10-09,05:00:00,latifi,6,LAT,Nicholas,Latifi,1995-06-29,Canadian,williams,Williams,British,Nicholas Latifi,2022,11.0
25755,1092,846,1,4,10.0,10.0,10,10,1.0,28,1,0,2022,18,22,Japanese Grand Prix,2022-10-09,05:00:00,norris,4,NOR,Lando,Norris,1999-11-13,British,mclaren,McLaren,British,Lando Norris,2022,0.0
25756,1092,817,1,3,11.0,11.0,11,11,0.0,28,1,0,2022,18,22,Japanese Grand Prix,2022-10-09,05:00:00,ricciardo,3,RIC,Daniel,Ricciardo,1989-07-01,Australian,mclaren,McLaren,British,Daniel Ricciardo,2022,0.0
25757,1092,840,117,18,19.0,12.0,12,12,0.0,28,1,0,2022,18,22,Japanese Grand Prix,2022-10-09,05:00:00,stroll,18,STR,Lance,Stroll,1998-10-29,Canadian,aston_martin,Aston Martin,British,Lance Stroll,2022,7.0
25758,1092,852,213,22,13.0,13.0,13,13,0.0,28,1,0,2022,18,22,Japanese Grand Prix,2022-10-09,05:00:00,tsunoda,22,TSU,Yuki,Tsunoda,2000-05-11,Japanese,alphatauri,AlphaTauri,Italian,Yuki Tsunoda,2022,0.0
25759,1092,825,210,20,18.0,14.0,14,14,0.0,28,1,0,2022,18,22,Japanese Grand Prix,2022-10-09,05:00:00,kevin_magnussen,20,MAG,Kevin,Magnussen,1992-10-05,Danish,haas,Haas F1 Team,American,Kevin Magnussen,2022,4.0
25760,1092,822,51,77,12.0,15.0,15,15,0.0,28,1,0,2022,18,22,Japanese Grand Prix,2022-10-09,05:00:00,bottas,77,BOT,Valtteri,Bottas,1989-08-28,Finnish,alfa,Alfa Romeo,Swiss,Valtteri Bottas,2022,-3.0
25761,1092,855,51,24,14.0,16.0,16,16,0.0,28,1,0,2022,18,22,Japanese Grand Prix,2022-10-09,05:00:00,zhou,24,ZHO,Guanyu,Zhou,1999-05-30,Chinese,alfa,Alfa Romeo,Swiss,Guanyu Zhou,2022,-2.0
25762,1092,854,210,47,15.0,17.0,17,17,0.0,28,1,0,2022,18,22,Japanese Grand Prix,2022-10-09,05:00:00,mick_schumacher,47,MSC,Mick,Schumacher,1999-03-22,German,haas,Haas F1 Team,American,Mick Schumacher,2022,-2.0
25763,1092,842,213,10,17.0,18.0,18,18,0.0,28,1,0,2022,18,22,Japanese Grand Prix,2022-10-09,05:00:00,gasly,10,GAS,Pierre,Gasly,1996-02-07,French,alphatauri,AlphaTauri,Italian,Pierre Gasly,2022,-1.0
25764,1092,832,6,55,3.0,0.0,R,19,0.0,0,3,1,2022,18,22,Japanese Grand Prix,2022-10-09,05:00:00,sainz,55,SAI,Carlos,Sainz,1994-09-01,Spanish,ferrari,Ferrari,Italian,Carlos Sainz,2022,3.0
25765,1092,848,3,23,16.0,0.0,R,20,0.0,0,9,1,2022,18,22,Japanese Grand Prix,2022-10-09,05:00:00,albon,23,ALB,Alexander,Albon,1996-03-23,Thai,williams,Williams,British,Alexander Albon,2022,16.0
25766,1093,830,9,1,2.0,1.0,1,1,25.0,56,1,0,2022,19,69,United States Grand Prix,2022-10-23,19:00:00,max_verstappen,33,VER,Max,Verstappen,1997-09-30,Dutch,red_bull,Red Bull,Austrian,Max Verstappen,2022,1.0
25767,1093,1,131,44,3.0,2.0,2,2,18.0,56,1,0,2022,19,69,United States Grand Prix,2022-10-23,19:00:00,hamilton,44,HAM,Lewis,Hamilton,1985-01-07,British,mercedes,Mercedes,German,Lewis Hamilton,2022,1.0
25768,1093,844,6,16,12.0,3.0,3,3,15.0,56,1,0,2022,19,69,United States Grand Prix,2022-10-23,19:00:00,leclerc,16,LEC,Charles,Leclerc,1997-10-16,Monegasque,ferrari,Ferrari,Italian,Charles Leclerc,2022,9.0
25769,1093,815,9,11,9.0,4.0,4,4,12.0,56,1,0,2022,19,69,United States Grand Prix,2022-10-23,19:00:00,perez,11,PER,Sergio,Pérez,1990-01-26,Mexican,red_bull,Red Bull,Austrian,Sergio Pérez,2022,5.0
25770,1093,847,131,63,4.0,5.0,5,5,11.0,56,1,0,2022,19,69,United States Grand Prix,2022-10-23,19:00:00,russell,63,RUS,George,Russell,1998-02-15,British,mercedes,Mercedes,German,George Russell,2022,-1.0
25771,1093,846,1,4,6.0,6.0,6,6,8.0,56,1,0,2022,19,69,United States Grand Prix,2022-10-23,19:00:00,norris,4,NOR,Lando,Norris,1999-11-13,British,mclaren,McLaren,British,Lando Norris,2022,0.0
25772,1093,4,214,14,14.0,7.0,7,7,6.0,56,1,0,2022,19,69,United States Grand Prix,2022-10-23,19:00:00,alonso,14,ALO,Fernando,Alonso,1981-07-29,Spanish,alpine,Alpine F1 Team,French,Fernando Alonso,2022,7.0
25773,1093,20,117,5,10.0,8.0,8,8,4.0,56,1,0,2022,19,69,United States Grand Prix,2022-10-23,19:00:00,vettel,5,VET,Sebastian,Vettel,1987-07-03,German,aston_martin,Aston Martin,British,Sebastian Vettel,2022,2.0
25774,1093,825,210,20,13.0,9.0,9,9,2.0,56,1,0,2022,19,69,United States Grand Prix,2022-10-23,19:00:00,kevin_magnussen,20,MAG,Kevin,Magnussen,1992-10-05,Danish,haas,Haas F1 Team,American,Kevin Magnussen,2022,4.0
25775,1093,852,213,22,19.0,10.0,10,10,1.0,56,1,0,2022,19,69,United States Grand Prix,2022-10-23,19:00:00,tsunoda,22,TSU,Yuki,Tsunoda,2000-05-11,Japanese,alphatauri,AlphaTauri,Italian,Yuki Tsunoda,2022,9.0
25776,1093,839,214,31,0.0,11.0,11,11,0.0,56,1,0,2022,19,69,United States Grand Prix,2022-10-23,19:00:00,ocon,31,OCO,Esteban,Ocon,1996-09-17,French,alpine,Alpine F1 Team,French,Esteban Ocon,2022,-11.0
25777,1093,855,51,24,18.0,12.0,12,12,0.0,56,1,0,2022,19,69,United States Grand Prix,2022-10-23,19:00:00,zhou,24,ZHO,Guanyu,Zhou,1999-05-30,Chinese,alfa,Alfa Romeo,Swiss,Guanyu Zhou,2022,6.0
25778,1093,848,3,23,8.0,13.0,13,13,0.0,56,1,0,2022,19,69,United States Grand Prix,2022-10-23,19:00:00,albon,23,ALB,Alexander,Albon,1996-03-23,Thai,williams,Williams,British,Alexander Albon,2022,-5.0
25779,1093,842,213,10,11.0,14.0,14,14,0.0,56,1,0,2022,19,69,United States Grand Prix,2022-10-23,19:00:00,gasly,10,GAS,Pierre,Gasly,1996-02-07,French,alphatauri,AlphaTauri,Italian,Pierre Gasly,2022,-3.0
25780,1093,854,210,47,16.0,15.0,15,15,0.0,56,1,0,2022,19,69,United States Grand Prix,2022-10-23,19:00:00,mick_schumacher,47,MSC,Mick,Schumacher,1999-03-22,German,haas,Haas F1 Team,American,Mick Schumacher,2022,1.0
25781,1093,817,1,3,15.0,16.0,16,16,0.0,56,1,0,2022,19,69,United States Grand Prix,2022-10-23,19:00:00,ricciardo,3,RIC,Daniel,Ricciardo,1989-07-01,Australian,mclaren,McLaren,British,Daniel Ricciardo,2022,-1.0
25782,1093,849,3,6,17.0,17.0,17,17,0.0,56,1,0,2022,19,69,United States Grand Prix,2022-10-23,19:00:00,latifi,6,LAT,Nicholas,Latifi,1995-06-29,Canadian,williams,Williams,British,Nicholas Latifi,2022,0.0
25783,1093,840,117,18,5.0,0.0,R,18,0.0,21,4,1,2022,19,69,United States Grand Prix,2022-10-23,19:00:00,stroll,18,STR,Lance,Stroll,1998-10-29,Canadian,aston_martin,Aston Martin,British,Lance Stroll,2022,5.0
25784,1093,822,51,77,7.0,0.0,R,19,0.0,16,20,1,2022,19,69,United States Grand Prix,2022-10-23,19:00:00,bottas,77,BOT,Valtteri,Bottas,1989-08-28,Finnish,alfa,Alfa Romeo,Swiss,Valtteri Bottas,2022,7.0
25785,1093,832,6,55,1.0,0.0,R,20,0.0,1,130,1,2022,19,69,United States Grand Prix,2022-10-23,19:00:00,sainz,55,SAI,Carlos,Sainz,1994-09-01,Spanish,ferrari,Ferrari,Italian,Carlos Sainz,2022,1.0
25786,1094,830,9,1,1.0,1.0,1,1,25.0,71,1,0,2022,20,32,Mexico City Grand Prix,2022-10-30,20:00:00,max_verstappen,33,VER,Max,Verstappen,1997-09-30,Dutch,red_bull,Red Bull,Austrian,Max Verstappen,2022,0.0
25787,1094,1,131,44,3.0,2.0,2,2,18.0,71,1,0,2022,20,32,Mexico City Grand Prix,2022-10-30,20:00:00,hamilton,44,HAM,Lewis,Hamilton,1985-01-07,British,mercedes,Mercedes,German,Lewis Hamilton,2022,1.0
25788,1094,815,9,11,4.0,3.0,3,3,15.0,71,1,0,2022,20,32,Mexico City Grand Prix,2022-10-30,20:00:00,perez,11,PER,Sergio,Pérez,1990-01-26,Mexican,red_bull,Red Bull,Austrian,Sergio Pérez,2022,1.0
25789,1094,847,131,63,2.0,4.0,4,4,13.0,71,1,0,2022,20,32,Mexico City Grand Prix,2022-10-30,20:00:00,russell,63,RUS,George,Russell,1998-02-15,British,mercedes,Mercedes,German,George Russell,2022,-2.0
25790,1094,832,6,55,5.0,5.0,5,5,10.0,71,1,0,2022,20,32,Mexico City Grand Prix,2022-10-30,20:00:00,sainz,55,SAI,Carlos,Sainz,1994-09-01,Spanish,ferrari,Ferrari,Italian,Carlos Sainz,2022,0.0
25791,1094,844,6,16,7.0,6.0,6,6,8.0,71,1,0,2022,20,32,Mexico City Grand Prix,2022-10-30,20:00:00,leclerc,16,LEC,Charles,Leclerc,1997-10-16,Monegasque,ferrari,Ferrari,Italian,Charles Leclerc,2022,1.0
25792,1094,817,1,3,11.0,7.0,7,7,6.0,70,11,0,2022,20,32,Mexico City Grand Prix,2022-10-30,20:00:00,ricciardo,3,RIC,Daniel,Ricciardo,1989-07-01,Australian,mclaren,McLaren,British,Daniel Ricciardo,2022,4.0
25793,1094,839,214,31,10.0,8.0,8,8,4.0,70,11,0,2022,20,32,Mexico City Grand Prix,2022-10-30,20:00:00,ocon,31,OCO,Esteban,Ocon,1996-09-17,French,alpine,Alpine F1 Team,French,Esteban Ocon,2022,2.0
25794,1094,846,1,4,8.0,9.0,9,9,2.0,70,11,0,2022,20,32,Mexico City Grand Prix,2022-10-30,20:00:00,norris,4,NOR,Lando,Norris,1999-11-13,British,mclaren,McLaren,British,Lando Norris,2022,-1.0
25795,1094,822,51,77,6.0,10.0,10,10,1.0,70,11,0,2022,20,32,Mexico City Grand Prix,2022-10-30,20:00:00,bottas,77,BOT,Valtteri,Bottas,1989-08-28,Finnish,alfa,Alfa Romeo,Swiss,Valtteri Bottas,2022,-4.0
25796,1094,842,213,10,14.0,11.0,11,11,0.0,70,11,0,2022,20,32,Mexico City Grand Prix,2022-10-30,20:00:00,gasly,10,GAS,Pierre,Gasly,1996-02-07,French,alphatauri,AlphaTauri,Italian,Pierre Gasly,2022,3.0
25797,1094,848,3,23,17.0,12.0,12,12,0.0,70,11,0,2022,20,32,Mexico City Grand Prix,2022-10-30,20:00:00,albon,23,ALB,Alexander,Albon,1996-03-23,Thai,williams,Williams,British,Alexander Albon,2022,5.0
25798,1094,855,51,24,12.0,13.0,13,13,0.0,70,11,0,2022,20,32,Mexico City Grand Prix,2022-10-30,20:00:00,zhou,24,ZHO,Guanyu,Zhou,1999-05-30,Chinese,alfa,Alfa Romeo,Swiss,Guanyu Zhou,2022,-1.0
25799,1094,20,117,5,16.0,14.0,14,14,0.0,70,11,0,2022,20,32,Mexico City Grand Prix,2022-10-30,20:00:00,vettel,5,VET,Sebastian,Vettel,1987-07-03,German,aston_martin,Aston Martin,British,Sebastian Vettel,2022,2.0
25800,1094,840,117,18,20.0,15.0,15,15,0.0,70,11,0,2022,20,32,Mexico City Grand Prix,2022-10-30,20:00:00,stroll,18,STR,Lance,Stroll,1998-10-29,Canadian,aston_martin,Aston Martin,British,Lance Stroll,2022,5.0
25801,1094,854,210,47,15.0,16.0,16,16,0.0,70,11,0,2022,20,32,Mexico City Grand Prix,2022-10-30,20:00:00,mick_schumacher,47,MSC,Mick,Schumacher,1999-03-22,German,haas,Haas F1 Team,American,Mick Schumacher,2022,-1.0
25802,1094,825,210,20,19.0,17.0,17,17,0.0,70,11,0,2022,20,32,Mexico City Grand Prix,2022-10-30,20:00:00,kevin_magnussen,20,MAG,Kevin,Magnussen,1992-10-05,Danish,haas,Haas F1 Team,American,Kevin Magnussen,2022,2.0
25803,1094,849,3,6,18.0,18.0,18,18,0.0,69,12,0,2022,20,32,Mexico City Grand Prix,2022-10-30,20:00:00,latifi,6,LAT,Nicholas,Latifi,1995-06-29,Canadian,williams,Williams,British,Nicholas Latifi,2022,0.0
25804,1094,4,214,14,9.0,19.0,19,19,0.0,63,5,0,2022,20,32,Mexico City Grand Prix,2022-10-30,20:00:00,alonso,14,ALO,Fernando,Alonso,1981-07-29,Spanish,alpine,Alpine F1 Team,French,Fernando Alonso,2022,-10.0
25805,1094,852,213,22,13.0,0.0,R,20,0.0,50,130,1,2022,20,32,Mexico City Grand Prix,2022-10-30,20:00:00,tsunoda,22,TSU,Yuki,Tsunoda,2000-05-11,Japanese,alphatauri,AlphaTauri,Italian,Yuki Tsunoda,2022,13.0
25806,1095,847,131,63,1.0,1.0,1,1,26.0,71,1,0,2022,21,18,São Paulo Grand Prix,2022-11-13,18:00:00,russell,63,RUS,George,Russell,1998-02-15,British,mercedes,Mercedes,German,George Russell,2022,0.0
25807,1095,1,131,44,2.0,2.0,2,2,18.0,71,1,0,2022,21,18,São Paulo Grand Prix,2022-11-13,18:00:00,hamilton,44,HAM,Lewis,Hamilton,1985-01-07,British,mercedes,Mercedes,German,Lewis Hamilton,2022,0.0
25808,1095,832,6,55,7.0,3.0,3,3,15.0,71,1,0,2022,21,18,São Paulo Grand Prix,2022-11-13,18:00:00,sainz,55,SAI,Carlos,Sainz,1994-09-01,Spanish,ferrari,Ferrari,Italian,Carlos Sainz,2022,4.0
25809,1095,844,6,16,5.0,4.0,4,4,12.0,71,1,0,2022,21,18,São Paulo Grand Prix,2022-11-13,18:00:00,leclerc,16,LEC,Charles,Leclerc,1997-10-16,Monegasque,ferrari,Ferrari,Italian,Charles Leclerc,2022,1.0
25810,1095,4,214,14,17.0,5.0,5,5,10.0,71,1,0,2022,21,18,São Paulo Grand Prix,2022-11-13,18:00:00,alonso,14,ALO,Fernando,Alonso,1981-07-29,Spanish,alpine,Alpine F1 Team,French,Fernando Alonso,2022,12.0
25811,1095,830,9,1,3.0,6.0,6,6,8.0,71,1,0,2022,21,18,São Paulo Grand Prix,2022-11-13,18:00:00,max_verstappen,33,VER,Max,Verstappen,1997-09-30,Dutch,red_bull,Red Bull,Austrian,Max Verstappen,2022,-3.0
25812,1095,815,9,11,4.0,7.0,7,7,6.0,71,1,0,2022,21,18,São Paulo Grand Prix,2022-11-13,18:00:00,perez,11,PER,Sergio,Pérez,1990-01-26,Mexican,red_bull,Red Bull,Austrian,Sergio Pérez,2022,-3.0
25813,1095,839,214,31,16.0,8.0,8,8,4.0,71,1,0,2022,21,18,São Paulo Grand Prix,2022-11-13,18:00:00,ocon,31,OCO,Esteban,Ocon,1996-09-17,French,alpine,Alpine F1 Team,French,Esteban Ocon,2022,8.0
25814,1095,822,51,77,14.0,9.0,9,9,2.0,71,1,0,2022,21,18,São Paulo Grand Prix,2022-11-13,18:00:00,bottas,77,BOT,Valtteri,Bottas,1989-08-28,Finnish,alfa,Alfa Romeo,Swiss,Valtteri Bottas,2022,5.0
25815,1095,840,117,18,15.0,10.0,10,10,1.0,71,1,0,2022,21,18,São Paulo Grand Prix,2022-11-13,18:00:00,stroll,18,STR,Lance,Stroll,1998-10-29,Canadian,aston_martin,Aston Martin,British,Lance Stroll,2022,5.0
25816,1095,20,117,5,9.0,11.0,11,11,0.0,71,1,0,2022,21,18,São Paulo Grand Prix,2022-11-13,18:00:00,vettel,5,VET,Sebastian,Vettel,1987-07-03,German,aston_martin,Aston Martin,British,Sebastian Vettel,2022,-2.0
25817,1095,855,51,24,13.0,12.0,12,12,0.0,71,1,0,2022,21,18,São Paulo Grand Prix,2022-11-13,18:00:00,zhou,24,ZHO,Guanyu,Zhou,1999-05-30,Chinese,alfa,Alfa Romeo,Swiss,Guanyu Zhou,2022,1.0
25818,1095,854,210,47,12.0,13.0,13,13,0.0,71,1,0,2022,21,18,São Paulo Grand Prix,2022-11-13,18:00:00,mick_schumacher,47,MSC,Mick,Schumacher,1999-03-22,German,haas,Haas F1 Team,American,Mick Schumacher,2022,-1.0
25819,1095,842,213,10,10.0,14.0,14,14,0.0,71,1,0,2022,21,18,São Paulo Grand Prix,2022-11-13,18:00:00,gasly,10,GAS,Pierre,Gasly,1996-02-07,French,alphatauri,AlphaTauri,Italian,Pierre Gasly,2022,-4.0
25820,1095,848,3,23,19.0,15.0,15,15,0.0,71,1,0,2022,21,18,São Paulo Grand Prix,2022-11-13,18:00:00,albon,23,ALB,Alexander,Albon,1996-03-23,Thai,williams,Williams,British,Alexander Albon,2022,4.0
25821,1095,849,3,6,18.0,16.0,16,16,0.0,71,1,0,2022,21,18,São Paulo Grand Prix,2022-11-13,18:00:00,latifi,6,LAT,Nicholas,Latifi,1995-06-29,Canadian,williams,Williams,British,Nicholas Latifi,2022,2.0
25822,1095,852,213,22,0.0,17.0,17,17,0.0,70,11,0,2022,21,18,São Paulo Grand Prix,2022-11-13,18:00:00,tsunoda,22,TSU,Yuki,Tsunoda,2000-05-11,Japanese,alphatauri,AlphaTauri,Italian,Yuki Tsunoda,2022,-17.0
25823,1095,846,1,4,6.0,0.0,R,18,0.0,50,6,1,2022,21,18,São Paulo Grand Prix,2022-11-13,18:00:00,norris,4,NOR,Lando,Norris,1999-11-13,British,mclaren,McLaren,British,Lando Norris,2022,6.0
25824,1095,825,210,20,8.0,0.0,R,19,0.0,0,4,1,2022,21,18,São Paulo Grand Prix,2022-11-13,18:00:00,kevin_magnussen,20,MAG,Kevin,Magnussen,1992-10-05,Danish,haas,Haas F1 Team,American,Kevin Magnussen,2022,8.0
25825,1095,817,1,3,11.0,0.0,R,20,0.0,0,4,1,2022,21,18,São Paulo Grand Prix,2022-11-13,18:00:00,ricciardo,3,RIC,Daniel,Ricciardo,1989-07-01,Australian,mclaren,McLaren,British,Daniel Ricciardo,2022,11.0
25826,1096,830,9,1,1.0,1.0,1,1,25.0,58,1,0,2022,22,24,Abu Dhabi Grand Prix,2022-11-20,13:00:00,max_verstappen,33,VER,Max,Verstappen,1997-09-30,Dutch,red_bull,Red Bull,Austrian,Max Verstappen,2022,0.0
25827,1096,844,6,16,3.0,2.0,2,2,18.0,58,1,0,2022,22,24,Abu Dhabi Grand Prix,2022-11-20,13:00:00,leclerc,16,LEC,Charles,Leclerc,1997-10-16,Monegasque,ferrari,Ferrari,Italian,Charles Leclerc,2022,1.0
25828,1096,815,9,11,2.0,3.0,3,3,15.0,58,1,0,2022,22,24,Abu Dhabi Grand Prix,2022-11-20,13:00:00,perez,11,PER,Sergio,Pérez,1990-01-26,Mexican,red_bull,Red Bull,Austrian,Sergio Pérez,2022,-1.0
25829,1096,832,6,55,4.0,4.0,4,4,12.0,58,1,0,2022,22,24,Abu Dhabi Grand Prix,2022-11-20,13:00:00,sainz,55,SAI,Carlos,Sainz,1994-09-01,Spanish,ferrari,Ferrari,Italian,Carlos Sainz,2022,0.0
25830,1096,847,131,63,6.0,5.0,5,5,10.0,58,1,0,2022,22,24,Abu Dhabi Grand Prix,2022-11-20,13:00:00,russell,63,RUS,George,Russell,1998-02-15,British,mercedes,Mercedes,German,George Russell,2022,1.0
25831,1096,846,1,4,7.0,6.0,6,6,9.0,58,1,0,2022,22,24,Abu Dhabi Grand Prix,2022-11-20,13:00:00,norris,4,NOR,Lando,Norris,1999-11-13,British,mclaren,McLaren,British,Lando Norris,2022,1.0
25832,1096,839,214,31,8.0,7.0,7,7,6.0,58,1,0,2022,22,24,Abu Dhabi Grand Prix,2022-11-20,13:00:00,ocon,31,OCO,Esteban,Ocon,1996-09-17,French,alpine,Alpine F1 Team,French,Esteban Ocon,2022,1.0
25833,1096,840,117,18,14.0,8.0,8,8,4.0,58,1,0,2022,22,24,Abu Dhabi Grand Prix,2022-11-20,13:00:00,stroll,18,STR,Lance,Stroll,1998-10-29,Canadian,aston_martin,Aston Martin,British,Lance Stroll,2022,6.0
25834,1096,817,1,3,13.0,9.0,9,9,2.0,58,1,0,2022,22,24,Abu Dhabi Grand Prix,2022-11-20,13:00:00,ricciardo,3,RIC,Daniel,Ricciardo,1989-07-01,Australian,mclaren,McLaren,British,Daniel Ricciardo,2022,4.0
25835,1096,20,117,5,9.0,10.0,10,10,1.0,58,1,0,2022,22,24,Abu Dhabi Grand Prix,2022-11-20,13:00:00,vettel,5,VET,Sebastian,Vettel,1987-07-03,German,aston_martin,Aston Martin,British,Sebastian Vettel,2022,-1.0
25836,1096,852,213,22,11.0,11.0,11,11,0.0,58,1,0,2022,22,24,Abu Dhabi Grand Prix,2022-11-20,13:00:00,tsunoda,22,TSU,Yuki,Tsunoda,2000-05-11,Japanese,alphatauri,AlphaTauri,Italian,Yuki Tsunoda,2022,0.0
25837,1096,855,51,24,15.0,12.0,12,12,0.0,57,11,0,2022,22,24,Abu Dhabi Grand Prix,2022-11-20,13:00:00,zhou,24,ZHO,Guanyu,Zhou,1999-05-30,Chinese,alfa,Alfa Romeo,Swiss,Guanyu Zhou,2022,3.0
25838,1096,848,3,23,19.0,13.0,13,13,0.0,57,11,0,2022,22,24,Abu Dhabi Grand Prix,2022-11-20,13:00:00,albon,23,ALB,Alexander,Albon,1996-03-23,Thai,williams,Williams,British,Alexander Albon,2022,6.0
25839,1096,842,213,10,17.0,14.0,14,14,0.0,57,11,0,2022,22,24,Abu Dhabi Grand Prix,2022-11-20,13:00:00,gasly,10,GAS,Pierre,Gasly,1996-02-07,French,alphatauri,AlphaTauri,Italian,Pierre Gasly,2022,3.0
25840,1096,822,51,77,18.0,15.0,15,15,0.0,57,11,0,2022,22,24,Abu Dhabi Grand Prix,2022-11-20,13:00:00,bottas,77,BOT,Valtteri,Bottas,1989-08-28,Finnish,alfa,Alfa Romeo,Swiss,Valtteri Bottas,2022,3.0
25841,1096,854,210,47,12.0,16.0,16,16,0.0,57,11,0,2022,22,24,Abu Dhabi Grand Prix,2022-11-20,13:00:00,mick_schumacher,47,MSC,Mick,Schumacher,1999-03-22,German,haas,Haas F1 Team,American,Mick Schumacher,2022,-4.0
25842,1096,825,210,20,16.0,17.0,17,17,0.0,57,11,0,2022,22,24,Abu Dhabi Grand Prix,2022-11-20,13:00:00,kevin_magnussen,20,MAG,Kevin,Magnussen,1992-10-05,Danish,haas,Haas F1 Team,American,Kevin Magnussen,2022,-1.0
25843,1096,1,131,44,5.0,18.0,18,18,0.0,55,9,0,2022,22,24,Abu Dhabi Grand Prix,2022-11-20,13:00:00,hamilton,44,HAM,Lewis,Hamilton,1985-01-07,British,mercedes,Mercedes,German,Lewis Hamilton,2022,-13.0
25844,1096,849,3,6,20.0,19.0,19,19,0.0,55,130,0,2022,22,24,Abu Dhabi Grand Prix,2022-11-20,13:00:00,latifi,6,LAT,Nicholas,Latifi,1995-06-29,Canadian,williams,Williams,British,Nicholas Latifi,2022,1.0
25845,1096,4,214,14,10.0,0.0,R,20,0.0,27,47,1,2022,22,24,Abu Dhabi Grand Prix,2022-11-20,13:00:00,alonso,14,ALO,Fernando,Alonso,1981-07-29,Spanish,alpine,Alpine F1 Team,French,Fernando Alonso,2022,10.0
25846,1098,830,9,1,1.0,1.0,1,1,25.0,57,1,0,2023,1,3,Bahrain Grand Prix,2023-03-05,15:00:00,max_verstappen,33,VER,Max,Verstappen,1997-09-30,Dutch,red_bull,Red Bull,Austrian,Max Verstappen,2023,0.0
25847,1098,815,9,11,2.0,2.0,2,2,18.0,57,1,0,2023,1,3,Bahrain Grand Prix,2023-03-05,15:00:00,perez,11,PER,Sergio,Pérez,1990-01-26,Mexican,red_bull,Red Bull,Austrian,Sergio Pérez,2023,0.0
25848,1098,4,117,14,5.0,3.0,3,3,15.0,57,1,0,2023,1,3,Bahrain Grand Prix,2023-03-05,15:00:00,alonso,14,ALO,Fernando,Alonso,1981-07-29,Spanish,aston_martin,Aston Martin,British,Fernando Alonso,2023,2.0
25849,1098,832,6,55,4.0,4.0,4,4,12.0,57,1,0,2023,1,3,Bahrain Grand Prix,2023-03-05,15:00:00,sainz,55,SAI,Carlos,Sainz,1994-09-01,Spanish,ferrari,Ferrari,Italian,Carlos Sainz,2023,0.0
25850,1098,1,131,44,7.0,5.0,5,5,10.0,57,1,0,2023,1,3,Bahrain Grand Prix,2023-03-05,15:00:00,hamilton,44,HAM,Lewis,Hamilton,1985-01-07,British,mercedes,Mercedes,German,Lewis Hamilton,2023,2.0
25851,1098,840,117,18,8.0,6.0,6,6,8.0,57,1,0,2023,1,3,Bahrain Grand Prix,2023-03-05,15:00:00,stroll,18,STR,Lance,Stroll,1998-10-29,Canadian,aston_martin,Aston Martin,British,Lance Stroll,2023,2.0
25852,1098,847,131,63,6.0,7.0,7,7,6.0,57,1,0,2023,1,3,Bahrain Grand Prix,2023-03-05,15:00:00,russell,63,RUS,George,Russell,1998-02-15,British,mercedes,Mercedes,German,George Russell,2023,-1.0
25853,1098,822,51,77,12.0,8.0,8,8,4.0,57,1,0,2023,1,3,Bahrain Grand Prix,2023-03-05,15:00:00,bottas,77,BOT,Valtteri,Bottas,1989-08-28,Finnish,alfa,Alfa Romeo,Swiss,Valtteri Bottas,2023,4.0
25854,1098,842,214,10,20.0,9.0,9,9,2.0,57,1,0,2023,1,3,Bahrain Grand Prix,2023-03-05,15:00:00,gasly,10,GAS,Pierre,Gasly,1996-02-07,French,alpine,Alpine F1 Team,French,Pierre Gasly,2023,11.0
25855,1098,848,3,23,15.0,10.0,10,10,1.0,57,1,0,2023,1,3,Bahrain Grand Prix,2023-03-05,15:00:00,albon,23,ALB,Alexander,Albon,1996-03-23,Thai,williams,Williams,British,Alexander Albon,2023,5.0
25856,1098,852,213,22,14.0,11.0,11,11,0.0,57,1,0,2023,1,3,Bahrain Grand Prix,2023-03-05,15:00:00,tsunoda,22,TSU,Yuki,Tsunoda,2000-05-11,Japanese,alphatauri,AlphaTauri,Italian,Yuki Tsunoda,2023,3.0
25857,1098,858,3,2,16.0,12.0,12,12,0.0,56,11,0,2023,1,3,Bahrain Grand Prix,2023-03-05,15:00:00,sargeant,2,SAR,Logan,Sargeant,2000-12-31,American,williams,Williams,British,Logan Sargeant,2023,4.0
25858,1098,825,210,20,17.0,13.0,13,13,0.0,56,11,0,2023,1,3,Bahrain Grand Prix,2023-03-05,15:00:00,kevin_magnussen,20,MAG,Kevin,Magnussen,1992-10-05,Danish,haas,Haas F1 Team,American,Kevin Magnussen,2023,4.0
25859,1098,856,213,21,19.0,14.0,14,14,0.0,56,11,0,2023,1,3,Bahrain Grand Prix,2023-03-05,15:00:00,de_vries,21,DEV,Nyck,de Vries,1995-02-06,Dutch,alphatauri,AlphaTauri,Italian,Nyck de Vries,2023,5.0
25860,1098,807,210,27,10.0,15.0,15,15,0.0,56,11,0,2023,1,3,Bahrain Grand Prix,2023-03-05,15:00:00,hulkenberg,27,HUL,Nico,Hülkenberg,1987-08-19,German,haas,Haas F1 Team,American,Nico Hülkenberg,2023,-5.0
25861,1098,855,51,24,13.0,16.0,16,16,0.0,56,11,0,2023,1,3,Bahrain Grand Prix,2023-03-05,15:00:00,zhou,24,ZHO,Guanyu,Zhou,1999-05-30,Chinese,alfa,Alfa Romeo,Swiss,Guanyu Zhou,2023,-3.0
25862,1098,846,1,4,11.0,17.0,17,17,0.0,55,12,0,2023,1,3,Bahrain Grand Prix,2023-03-05,15:00:00,norris,4,NOR,Lando,Norris,1999-11-13,British,mclaren,McLaren,British,Lando Norris,2023,-6.0
25863,1098,839,214,31,9.0,0.0,R,18,0.0,41,26,1,2023,1,3,Bahrain Grand Prix,2023-03-05,15:00:00,ocon,31,OCO,Esteban,Ocon,1996-09-17,French,alpine,Alpine F1 Team,French,Esteban Ocon,2023,9.0
25864,1098,844,6,16,3.0,0.0,R,19,0.0,39,5,1,2023,1,3,Bahrain Grand Prix,2023-03-05,15:00:00,leclerc,16,LEC,Charles,Leclerc,1997-10-16,Monegasque,ferrari,Ferrari,Italian,Charles Leclerc,2023,3.0
25865,1098,857,1,81,18.0,0.0,R,20,0.0,13,10,1,2023,1,3,Bahrain Grand Prix,2023-03-05,15:00:00,piastri,81,PIA,Oscar,Piastri,2001-04-06,Australian,mclaren,McLaren,British,Oscar Piastri,2023,18.0
25866,1099,815,9,11,1.0,1.0,1,1,25.0,50,1,0,2023,2,77,Saudi Arabian Grand Prix,2023-03-19,17:00:00,perez,11,PER,Sergio,Pérez,1990-01-26,Mexican,red_bull,Red Bull,Austrian,Sergio Pérez,2023,0.0
25867,1099,830,9,1,15.0,2.0,2,2,19.0,50,1,0,2023,2,77,Saudi Arabian Grand Prix,2023-03-19,17:00:00,max_verstappen,33,VER,Max,Verstappen,1997-09-30,Dutch,red_bull,Red Bull,Austrian,Max Verstappen,2023,13.0
25868,1099,4,117,14,2.0,3.0,3,3,15.0,50,1,0,2023,2,77,Saudi Arabian Grand Prix,2023-03-19,17:00:00,alonso,14,ALO,Fernando,Alonso,1981-07-29,Spanish,aston_martin,Aston Martin,British,Fernando Alonso,2023,-1.0
25869,1099,847,131,63,3.0,4.0,4,4,12.0,50,1,0,2023,2,77,Saudi Arabian Grand Prix,2023-03-19,17:00:00,russell,63,RUS,George,Russell,1998-02-15,British,mercedes,Mercedes,German,George Russell,2023,-1.0
25870,1099,1,131,44,7.0,5.0,5,5,10.0,50,1,0,2023,2,77,Saudi Arabian Grand Prix,2023-03-19,17:00:00,hamilton,44,HAM,Lewis,Hamilton,1985-01-07,British,mercedes,Mercedes,German,Lewis Hamilton,2023,2.0
25871,1099,832,6,55,4.0,6.0,6,6,8.0,50,1,0,2023,2,77,Saudi Arabian Grand Prix,2023-03-19,17:00:00,sainz,55,SAI,Carlos,Sainz,1994-09-01,Spanish,ferrari,Ferrari,Italian,Carlos Sainz,2023,-2.0
25872,1099,844,6,16,12.0,7.0,7,7,6.0,50,1,0,2023,2,77,Saudi Arabian Grand Prix,2023-03-19,17:00:00,leclerc,16,LEC,Charles,Leclerc,1997-10-16,Monegasque,ferrari,Ferrari,Italian,Charles Leclerc,2023,5.0
25873,1099,839,214,31,6.0,8.0,8,8,4.0,50,1,0,2023,2,77,Saudi Arabian Grand Prix,2023-03-19,17:00:00,ocon,31,OCO,Esteban,Ocon,1996-09-17,French,alpine,Alpine F1 Team,French,Esteban Ocon,2023,-2.0
25874,1099,842,214,10,9.0,9.0,9,9,2.0,50,1,0,2023,2,77,Saudi Arabian Grand Prix,2023-03-19,17:00:00,gasly,10,GAS,Pierre,Gasly,1996-02-07,French,alpine,Alpine F1 Team,French,Pierre Gasly,2023,0.0
25875,1099,825,210,20,13.0,10.0,10,10,1.0,50,1,0,2023,2,77,Saudi Arabian Grand Prix,2023-03-19,17:00:00,kevin_magnussen,20,MAG,Kevin,Magnussen,1992-10-05,Danish,haas,Haas F1 Team,American,Kevin Magnussen,2023,3.0
25876,1099,852,213,22,16.0,11.0,11,11,0.0,50,1,0,2023,2,77,Saudi Arabian Grand Prix,2023-03-19,17:00:00,tsunoda,22,TSU,Yuki,Tsunoda,2000-05-11,Japanese,alphatauri,AlphaTauri,Italian,Yuki Tsunoda,2023,5.0
25877,1099,807,210,27,10.0,12.0,12,12,0.0,50,1,0,2023,2,77,Saudi Arabian Grand Prix,2023-03-19,17:00:00,hulkenberg,27,HUL,Nico,Hülkenberg,1987-08-19,German,haas,Haas F1 Team,American,Nico Hülkenberg,2023,-2.0
25878,1099,855,51,24,11.0,13.0,13,13,0.0,50,1,0,2023,2,77,Saudi Arabian Grand Prix,2023-03-19,17:00:00,zhou,24,ZHO,Guanyu,Zhou,1999-05-30,Chinese,alfa,Alfa Romeo,Swiss,Guanyu Zhou,2023,-2.0
25879,1099,856,213,21,18.0,14.0,14,14,0.0,50,1,0,2023,2,77,Saudi Arabian Grand Prix,2023-03-19,17:00:00,de_vries,21,DEV,Nyck,de Vries,1995-02-06,Dutch,alphatauri,AlphaTauri,Italian,Nyck de Vries,2023,4.0
25880,1099,857,1,81,8.0,15.0,15,15,0.0,50,1,0,2023,2,77,Saudi Arabian Grand Prix,2023-03-19,17:00:00,piastri,81,PIA,Oscar,Piastri,2001-04-06,Australian,mclaren,McLaren,British,Oscar Piastri,2023,-7.0
25881,1099,858,3,2,20.0,16.0,16,16,0.0,50,1,0,2023,2,77,Saudi Arabian Grand Prix,2023-03-19,17:00:00,sargeant,2,SAR,Logan,Sargeant,2000-12-31,American,williams,Williams,British,Logan Sargeant,2023,4.0
25882,1099,846,1,4,19.0,17.0,17,17,0.0,50,1,0,2023,2,77,Saudi Arabian Grand Prix,2023-03-19,17:00:00,norris,4,NOR,Lando,Norris,1999-11-13,British,mclaren,McLaren,British,Lando Norris,2023,2.0
25883,1099,822,51,77,14.0,18.0,18,18,0.0,49,11,0,2023,2,77,Saudi Arabian Grand Prix,2023-03-19,17:00:00,bottas,77,BOT,Valtteri,Bottas,1989-08-28,Finnish,alfa,Alfa Romeo,Swiss,Valtteri Bottas,2023,-4.0
25884,1099,848,3,23,17.0,0.0,R,19,0.0,27,23,1,2023,2,77,Saudi Arabian Grand Prix,2023-03-19,17:00:00,albon,23,ALB,Alexander,Albon,1996-03-23,Thai,williams,Williams,British,Alexander Albon,2023,17.0
25885,1099,840,117,18,5.0,0.0,R,20,0.0,16,5,1,2023,2,77,Saudi Arabian Grand Prix,2023-03-19,17:00:00,stroll,18,STR,Lance,Stroll,1998-10-29,Canadian,aston_martin,Aston Martin,British,Lance Stroll,2023,5.0
25886,1100,830,9,1,1.0,1.0,1,1,25.0,58,1,0,2023,3,1,Australian Grand Prix,2023-04-02,05:00:00,max_verstappen,33,VER,Max,Verstappen,1997-09-30,Dutch,red_bull,Red Bull,Austrian,Max Verstappen,2023,0.0
25887,1100,1,131,44,3.0,2.0,2,2,18.0,58,1,0,2023,3,1,Australian Grand Prix,2023-04-02,05:00:00,hamilton,44,HAM,Lewis,Hamilton,1985-01-07,British,mercedes,Mercedes,German,Lewis Hamilton,2023,1.0
25888,1100,4,117,14,4.0,3.0,3,3,15.0,58,1,0,2023,3,1,Australian Grand Prix,2023-04-02,05:00:00,alonso,14,ALO,Fernando,Alonso,1981-07-29,Spanish,aston_martin,Aston Martin,British,Fernando Alonso,2023,1.0
25889,1100,840,117,18,6.0,4.0,4,4,12.0,58,1,0,2023,3,1,Australian Grand Prix,2023-04-02,05:00:00,stroll,18,STR,Lance,Stroll,1998-10-29,Canadian,aston_martin,Aston Martin,British,Lance Stroll,2023,2.0
25890,1100,815,9,11,0.0,5.0,5,5,11.0,58,1,0,2023,3,1,Australian Grand Prix,2023-04-02,05:00:00,perez,11,PER,Sergio,Pérez,1990-01-26,Mexican,red_bull,Red Bull,Austrian,Sergio Pérez,2023,-5.0
25891,1100,846,1,4,13.0,6.0,6,6,8.0,58,1,0,2023,3,1,Australian Grand Prix,2023-04-02,05:00:00,norris,4,NOR,Lando,Norris,1999-11-13,British,mclaren,McLaren,British,Lando Norris,2023,7.0
25892,1100,807,210,27,10.0,7.0,7,7,6.0,58,1,0,2023,3,1,Australian Grand Prix,2023-04-02,05:00:00,hulkenberg,27,HUL,Nico,Hülkenberg,1987-08-19,German,haas,Haas F1 Team,American,Nico Hülkenberg,2023,3.0
25893,1100,857,1,81,16.0,8.0,8,8,4.0,58,1,0,2023,3,1,Australian Grand Prix,2023-04-02,05:00:00,piastri,81,PIA,Oscar,Piastri,2001-04-06,Australian,mclaren,McLaren,British,Oscar Piastri,2023,8.0
25894,1100,855,51,24,17.0,9.0,9,9,2.0,58,1,0,2023,3,1,Australian Grand Prix,2023-04-02,05:00:00,zhou,24,ZHO,Guanyu,Zhou,1999-05-30,Chinese,alfa,Alfa Romeo,Swiss,Guanyu Zhou,2023,8.0
25895,1100,852,213,22,12.0,10.0,10,10,1.0,58,1,0,2023,3,1,Australian Grand Prix,2023-04-02,05:00:00,tsunoda,22,TSU,Yuki,Tsunoda,2000-05-11,Japanese,alphatauri,AlphaTauri,Italian,Yuki Tsunoda,2023,2.0
25896,1100,822,51,77,0.0,11.0,11,11,0.0,58,1,0,2023,3,1,Australian Grand Prix,2023-04-02,05:00:00,bottas,77,BOT,Valtteri,Bottas,1989-08-28,Finnish,alfa,Alfa Romeo,Swiss,Valtteri Bottas,2023,-11.0
25897,1100,832,6,55,5.0,12.0,12,12,0.0,58,1,0,2023,3,1,Australian Grand Prix,2023-04-02,05:00:00,sainz,55,SAI,Carlos,Sainz,1994-09-01,Spanish,ferrari,Ferrari,Italian,Carlos Sainz,2023,-7.0
25898,1100,842,214,10,9.0,13.0,13,13,0.0,56,4,0,2023,3,1,Australian Grand Prix,2023-04-02,05:00:00,gasly,10,GAS,Pierre,Gasly,1996-02-07,French,alpine,Alpine F1 Team,French,Pierre Gasly,2023,-4.0
25899,1100,839,214,31,11.0,14.0,14,14,0.0,56,4,0,2023,3,1,Australian Grand Prix,2023-04-02,05:00:00,ocon,31,OCO,Esteban,Ocon,1996-09-17,French,alpine,Alpine F1 Team,French,Esteban Ocon,2023,-3.0
25900,1100,856,213,21,15.0,15.0,15,15,0.0,56,4,0,2023,3,1,Australian Grand Prix,2023-04-02,05:00:00,de_vries,21,DEV,Nyck,de Vries,1995-02-06,Dutch,alphatauri,AlphaTauri,Italian,Nyck de Vries,2023,0.0
25901,1100,858,3,2,18.0,16.0,16,16,0.0,56,4,0,2023,3,1,Australian Grand Prix,2023-04-02,05:00:00,sargeant,2,SAR,Logan,Sargeant,2000-12-31,American,williams,Williams,British,Logan Sargeant,2023,2.0
25902,1100,825,210,20,14.0,17.0,17,17,0.0,52,3,0,2023,3,1,Australian Grand Prix,2023-04-02,05:00:00,kevin_magnussen,20,MAG,Kevin,Magnussen,1992-10-05,Danish,haas,Haas F1 Team,American,Kevin Magnussen,2023,-3.0
25903,1100,847,131,63,2.0,0.0,R,18,0.0,17,5,1,2023,3,1,Australian Grand Prix,2023-04-02,05:00:00,russell,63,RUS,George,Russell,1998-02-15,British,mercedes,Mercedes,German,George Russell,2023,2.0
25904,1100,848,3,23,8.0,0.0,R,19,0.0,6,3,1,2023,3,1,Australian Grand Prix,2023-04-02,05:00:00,albon,23,ALB,Alexander,Albon,1996-03-23,Thai,williams,Williams,British,Alexander Albon,2023,8.0
25905,1100,844,6,16,7.0,0.0,R,20,0.0,0,4,1,2023,3,1,Australian Grand Prix,2023-04-02,05:00:00,leclerc,16,LEC,Charles,Leclerc,1997-10-16,Monegasque,ferrari,Ferrari,Italian,Charles Leclerc,2023,7.0
25906,1101,815,9,11,3.0,1.0,1,1,25.0,51,1,0,2023,4,73,Azerbaijan Grand Prix,2023-04-30,11:00:00,perez,11,PER,Sergio,Pérez,1990-01-26,Mexican,red_bull,Red Bull,Austrian,Sergio Pérez,2023,2.0
25907,1101,830,9,1,2.0,2.0,2,2,18.0,51,1,0,2023,4,73,Azerbaijan Grand Prix,2023-04-30,11:00:00,max_verstappen,33,VER,Max,Verstappen,1997-09-30,Dutch,red_bull,Red Bull,Austrian,Max Verstappen,2023,0.0
25908,1101,844,6,16,1.0,3.0,3,3,15.0,51,1,0,2023,4,73,Azerbaijan Grand Prix,2023-04-30,11:00:00,leclerc,16,LEC,Charles,Leclerc,1997-10-16,Monegasque,ferrari,Ferrari,Italian,Charles Leclerc,2023,-2.0
25909,1101,4,117,14,6.0,4.0,4,4,12.0,51,1,0,2023,4,73,Azerbaijan Grand Prix,2023-04-30,11:00:00,alonso,14,ALO,Fernando,Alonso,1981-07-29,Spanish,aston_martin,Aston Martin,British,Fernando Alonso,2023,2.0
25910,1101,832,6,55,4.0,5.0,5,5,10.0,51,1,0,2023,4,73,Azerbaijan Grand Prix,2023-04-30,11:00:00,sainz,55,SAI,Carlos,Sainz,1994-09-01,Spanish,ferrari,Ferrari,Italian,Carlos Sainz,2023,-1.0
25911,1101,1,131,44,5.0,6.0,6,6,8.0,51,1,0,2023,4,73,Azerbaijan Grand Prix,2023-04-30,11:00:00,hamilton,44,HAM,Lewis,Hamilton,1985-01-07,British,mercedes,Mercedes,German,Lewis Hamilton,2023,-1.0
25912,1101,840,117,18,9.0,7.0,7,7,6.0,51,1,0,2023,4,73,Azerbaijan Grand Prix,2023-04-30,11:00:00,stroll,18,STR,Lance,Stroll,1998-10-29,Canadian,aston_martin,Aston Martin,British,Lance Stroll,2023,2.0
25913,1101,847,131,63,11.0,8.0,8,8,5.0,51,1,0,2023,4,73,Azerbaijan Grand Prix,2023-04-30,11:00:00,russell,63,RUS,George,Russell,1998-02-15,British,mercedes,Mercedes,German,George Russell,2023,3.0
25914,1101,846,1,4,7.0,9.0,9,9,2.0,51,1,0,2023,4,73,Azerbaijan Grand Prix,2023-04-30,11:00:00,norris,4,NOR,Lando,Norris,1999-11-13,British,mclaren,McLaren,British,Lando Norris,2023,-2.0
25915,1101,852,213,22,8.0,10.0,10,10,1.0,51,1,0,2023,4,73,Azerbaijan Grand Prix,2023-04-30,11:00:00,tsunoda,22,TSU,Yuki,Tsunoda,2000-05-11,Japanese,alphatauri,AlphaTauri,Italian,Yuki Tsunoda,2023,-2.0
25916,1101,857,1,81,10.0,11.0,11,11,0.0,51,1,0,2023,4,73,Azerbaijan Grand Prix,2023-04-30,11:00:00,piastri,81,PIA,Oscar,Piastri,2001-04-06,Australian,mclaren,McLaren,British,Oscar Piastri,2023,-1.0
25917,1101,848,3,23,12.0,12.0,12,12,0.0,51,1,0,2023,4,73,Azerbaijan Grand Prix,2023-04-30,11:00:00,albon,23,ALB,Alexander,Albon,1996-03-23,Thai,williams,Williams,British,Alexander Albon,2023,0.0
25918,1101,825,210,20,16.0,13.0,13,13,0.0,51,1,0,2023,4,73,Azerbaijan Grand Prix,2023-04-30,11:00:00,kevin_magnussen,20,MAG,Kevin,Magnussen,1992-10-05,Danish,haas,Haas F1 Team,American,Kevin Magnussen,2023,3.0
25919,1101,842,214,10,17.0,14.0,14,14,0.0,51,1,0,2023,4,73,Azerbaijan Grand Prix,2023-04-30,11:00:00,gasly,10,GAS,Pierre,Gasly,1996-02-07,French,alpine,Alpine F1 Team,French,Pierre Gasly,2023,3.0
25920,1101,839,214,31,0.0,15.0,15,15,0.0,51,1,0,2023,4,73,Azerbaijan Grand Prix,2023-04-30,11:00:00,ocon,31,OCO,Esteban,Ocon,1996-09-17,French,alpine,Alpine F1 Team,French,Esteban Ocon,2023,-15.0
25921,1101,858,3,2,14.0,16.0,16,16,0.0,51,1,0,2023,4,73,Azerbaijan Grand Prix,2023-04-30,11:00:00,sargeant,2,SAR,Logan,Sargeant,2000-12-31,American,williams,Williams,British,Logan Sargeant,2023,-2.0
25922,1101,807,210,27,0.0,17.0,17,17,0.0,50,11,0,2023,4,73,Azerbaijan Grand Prix,2023-04-30,11:00:00,hulkenberg,27,HUL,Nico,Hülkenberg,1987-08-19,German,haas,Haas F1 Team,American,Nico Hülkenberg,2023,-17.0
25923,1101,822,51,77,13.0,18.0,18,18,0.0,50,11,0,2023,4,73,Azerbaijan Grand Prix,2023-04-30,11:00:00,bottas,77,BOT,Valtteri,Bottas,1989-08-28,Finnish,alfa,Alfa Romeo,Swiss,Valtteri Bottas,2023,-5.0
25924,1101,855,51,24,15.0,0.0,R,19,0.0,36,25,1,2023,4,73,Azerbaijan Grand Prix,2023-04-30,11:00:00,zhou,24,ZHO,Guanyu,Zhou,1999-05-30,Chinese,alfa,Alfa Romeo,Swiss,Guanyu Zhou,2023,15.0
25925,1101,856,213,21,18.0,0.0,R,20,0.0,9,3,1,2023,4,73,Azerbaijan Grand Prix,2023-04-30,11:00:00,de_vries,21,DEV,Nyck,de Vries,1995-02-06,Dutch,alphatauri,AlphaTauri,Italian,Nyck de Vries,2023,18.0
25926,1102,830,9,1,9.0,1.0,1,1,26.0,57,1,0,2023,5,79,Miami Grand Prix,2023-05-07,19:30:00,max_verstappen,33,VER,Max,Verstappen,1997-09-30,Dutch,red_bull,Red Bull,Austrian,Max Verstappen,2023,8.0
25927,1102,815,9,11,1.0,2.0,2,2,18.0,57,1,0,2023,5,79,Miami Grand Prix,2023-05-07,19:30:00,perez,11,PER,Sergio,Pérez,1990-01-26,Mexican,red_bull,Red Bull,Austrian,Sergio Pérez,2023,-1.0
25928,1102,4,117,14,2.0,3.0,3,3,15.0,57,1,0,2023,5,79,Miami Grand Prix,2023-05-07,19:30:00,alonso,14,ALO,Fernando,Alonso,1981-07-29,Spanish,aston_martin,Aston Martin,British,Fernando Alonso,2023,-1.0
25929,1102,847,131,63,6.0,4.0,4,4,12.0,57,1,0,2023,5,79,Miami Grand Prix,2023-05-07,19:30:00,russell,63,RUS,George,Russell,1998-02-15,British,mercedes,Mercedes,German,George Russell,2023,2.0
25930,1102,832,6,55,3.0,5.0,5,5,10.0,57,1,0,2023,5,79,Miami Grand Prix,2023-05-07,19:30:00,sainz,55,SAI,Carlos,Sainz,1994-09-01,Spanish,ferrari,Ferrari,Italian,Carlos Sainz,2023,-2.0
25931,1102,1,131,44,13.0,6.0,6,6,8.0,57,1,0,2023,5,79,Miami Grand Prix,2023-05-07,19:30:00,hamilton,44,HAM,Lewis,Hamilton,1985-01-07,British,mercedes,Mercedes,German,Lewis Hamilton,2023,7.0
25932,1102,844,6,16,7.0,7.0,7,7,6.0,57,1,0,2023,5,79,Miami Grand Prix,2023-05-07,19:30:00,leclerc,16,LEC,Charles,Leclerc,1997-10-16,Monegasque,ferrari,Ferrari,Italian,Charles Leclerc,2023,0.0
25933,1102,842,214,10,5.0,8.0,8,8,4.0,57,1,0,2023,5,79,Miami Grand Prix,2023-05-07,19:30:00,gasly,10,GAS,Pierre,Gasly,1996-02-07,French,alpine,Alpine F1 Team,French,Pierre Gasly,2023,-3.0
25934,1102,839,214,31,8.0,9.0,9,9,2.0,57,1,0,2023,5,79,Miami Grand Prix,2023-05-07,19:30:00,ocon,31,OCO,Esteban,Ocon,1996-09-17,French,alpine,Alpine F1 Team,French,Esteban Ocon,2023,-1.0
25935,1102,825,210,20,4.0,10.0,10,10,1.0,57,1,0,2023,5,79,Miami Grand Prix,2023-05-07,19:30:00,kevin_magnussen,20,MAG,Kevin,Magnussen,1992-10-05,Danish,haas,Haas F1 Team,American,Kevin Magnussen,2023,-6.0
25936,1102,852,213,22,17.0,11.0,11,11,0.0,57,1,0,2023,5,79,Miami Grand Prix,2023-05-07,19:30:00,tsunoda,22,TSU,Yuki,Tsunoda,2000-05-11,Japanese,alphatauri,AlphaTauri,Italian,Yuki Tsunoda,2023,6.0
25937,1102,840,117,18,18.0,12.0,12,12,0.0,57,1,0,2023,5,79,Miami Grand Prix,2023-05-07,19:30:00,stroll,18,STR,Lance,Stroll,1998-10-29,Canadian,aston_martin,Aston Martin,British,Lance Stroll,2023,6.0
25938,1102,822,51,77,10.0,13.0,13,13,0.0,57,1,0,2023,5,79,Miami Grand Prix,2023-05-07,19:30:00,bottas,77,BOT,Valtteri,Bottas,1989-08-28,Finnish,alfa,Alfa Romeo,Swiss,Valtteri Bottas,2023,-3.0
25939,1102,848,3,23,11.0,14.0,14,14,0.0,57,1,0,2023,5,79,Miami Grand Prix,2023-05-07,19:30:00,albon,23,ALB,Alexander,Albon,1996-03-23,Thai,williams,Williams,British,Alexander Albon,2023,-3.0
25940,1102,807,210,27,12.0,15.0,15,15,0.0,57,1,0,2023,5,79,Miami Grand Prix,2023-05-07,19:30:00,hulkenberg,27,HUL,Nico,Hülkenberg,1987-08-19,German,haas,Haas F1 Team,American,Nico Hülkenberg,2023,-3.0
25941,1102,855,51,24,14.0,16.0,16,16,0.0,57,1,0,2023,5,79,Miami Grand Prix,2023-05-07,19:30:00,zhou,24,ZHO,Guanyu,Zhou,1999-05-30,Chinese,alfa,Alfa Romeo,Swiss,Guanyu Zhou,2023,-2.0
25942,1102,846,1,4,16.0,17.0,17,17,0.0,57,1,0,2023,5,79,Miami Grand Prix,2023-05-07,19:30:00,norris,4,NOR,Lando,Norris,1999-11-13,British,mclaren,McLaren,British,Lando Norris,2023,-1.0
25943,1102,856,213,21,15.0,18.0,18,18,0.0,57,1,0,2023,5,79,Miami Grand Prix,2023-05-07,19:30:00,de_vries,21,DEV,Nyck,de Vries,1995-02-06,Dutch,alphatauri,AlphaTauri,Italian,Nyck de Vries,2023,-3.0
25944,1102,857,1,81,19.0,19.0,19,19,0.0,56,11,0,2023,5,79,Miami Grand Prix,2023-05-07,19:30:00,piastri,81,PIA,Oscar,Piastri,2001-04-06,Australian,mclaren,McLaren,British,Oscar Piastri,2023,0.0
25945,1102,858,3,2,20.0,20.0,20,20,0.0,56,11,0,2023,5,79,Miami Grand Prix,2023-05-07,19:30:00,sargeant,2,SAR,Logan,Sargeant,2000-12-31,American,williams,Williams,British,Logan Sargeant,2023,0.0
25946,1104,830,9,1,1.0,1.0,1,1,25.0,78,1,0,2023,6,6,Monaco Grand Prix,2023-05-28,13:00:00,max_verstappen,33,VER,Max,Verstappen,1997-09-30,Dutch,red_bull,Red Bull,Austrian,Max Verstappen,2023,0.0
25947,1104,4,117,14,2.0,2.0,2,2,18.0,78,1,0,2023,6,6,Monaco Grand Prix,2023-05-28,13:00:00,alonso,14,ALO,Fernando,Alonso,1981-07-29,Spanish,aston_martin,Aston Martin,British,Fernando Alonso,2023,0.0
25948,1104,839,214,31,3.0,3.0,3,3,15.0,78,1,0,2023,6,6,Monaco Grand Prix,2023-05-28,13:00:00,ocon,31,OCO,Esteban,Ocon,1996-09-17,French,alpine,Alpine F1 Team,French,Esteban Ocon,2023,0.0
25949,1104,1,131,44,5.0,4.0,4,4,13.0,78,1,0,2023,6,6,Monaco Grand Prix,2023-05-28,13:00:00,hamilton,44,HAM,Lewis,Hamilton,1985-01-07,British,mercedes,Mercedes,German,Lewis Hamilton,2023,1.0
25950,1104,847,131,63,8.0,5.0,5,5,10.0,78,1,0,2023,6,6,Monaco Grand Prix,2023-05-28,13:00:00,russell,63,RUS,George,Russell,1998-02-15,British,mercedes,Mercedes,German,George Russell,2023,3.0
25951,1104,844,6,16,6.0,6.0,6,6,8.0,78,1,0,2023,6,6,Monaco Grand Prix,2023-05-28,13:00:00,leclerc,16,LEC,Charles,Leclerc,1997-10-16,Monegasque,ferrari,Ferrari,Italian,Charles Leclerc,2023,0.0
25952,1104,842,214,10,7.0,7.0,7,7,6.0,78,1,0,2023,6,6,Monaco Grand Prix,2023-05-28,13:00:00,gasly,10,GAS,Pierre,Gasly,1996-02-07,French,alpine,Alpine F1 Team,French,Pierre Gasly,2023,0.0
25953,1104,832,6,55,4.0,8.0,8,8,4.0,78,1,0,2023,6,6,Monaco Grand Prix,2023-05-28,13:00:00,sainz,55,SAI,Carlos,Sainz,1994-09-01,Spanish,ferrari,Ferrari,Italian,Carlos Sainz,2023,-4.0
25954,1104,846,1,4,10.0,9.0,9,9,2.0,77,11,0,2023,6,6,Monaco Grand Prix,2023-05-28,13:00:00,norris,4,NOR,Lando,Norris,1999-11-13,British,mclaren,McLaren,British,Lando Norris,2023,1.0
25955,1104,857,1,81,11.0,10.0,10,10,1.0,77,11,0,2023,6,6,Monaco Grand Prix,2023-05-28,13:00:00,piastri,81,PIA,Oscar,Piastri,2001-04-06,Australian,mclaren,McLaren,British,Oscar Piastri,2023,1.0
25956,1104,822,51,77,15.0,11.0,11,11,0.0,77,11,0,2023,6,6,Monaco Grand Prix,2023-05-28,13:00:00,bottas,77,BOT,Valtteri,Bottas,1989-08-28,Finnish,alfa,Alfa Romeo,Swiss,Valtteri Bottas,2023,4.0
25957,1104,856,213,21,12.0,12.0,12,12,0.0,77,11,0,2023,6,6,Monaco Grand Prix,2023-05-28,13:00:00,de_vries,21,DEV,Nyck,de Vries,1995-02-06,Dutch,alphatauri,AlphaTauri,Italian,Nyck de Vries,2023,0.0
25958,1104,855,51,24,19.0,13.0,13,13,0.0,77,11,0,2023,6,6,Monaco Grand Prix,2023-05-28,13:00:00,zhou,24,ZHO,Guanyu,Zhou,1999-05-30,Chinese,alfa,Alfa Romeo,Swiss,Guanyu Zhou,2023,6.0
25959,1104,848,3,23,13.0,14.0,14,14,0.0,77,11,0,2023,6,6,Monaco Grand Prix,2023-05-28,13:00:00,albon,23,ALB,Alexander,Albon,1996-03-23,Thai,williams,Williams,British,Alexander Albon,2023,-1.0
25960,1104,852,213,22,9.0,15.0,15,15,0.0,76,12,0,2023,6,6,Monaco Grand Prix,2023-05-28,13:00:00,tsunoda,22,TSU,Yuki,Tsunoda,2000-05-11,Japanese,alphatauri,AlphaTauri,Italian,Yuki Tsunoda,2023,-6.0
25961,1104,815,9,11,20.0,16.0,16,16,0.0,76,12,0,2023,6,6,Monaco Grand Prix,2023-05-28,13:00:00,perez,11,PER,Sergio,Pérez,1990-01-26,Mexican,red_bull,Red Bull,Austrian,Sergio Pérez,2023,4.0
25962,1104,807,210,27,18.0,17.0,17,17,0.0,76,12,0,2023,6,6,Monaco Grand Prix,2023-05-28,13:00:00,hulkenberg,27,HUL,Nico,Hülkenberg,1987-08-19,German,haas,Haas F1 Team,American,Nico Hülkenberg,2023,1.0
25963,1104,858,3,2,16.0,18.0,18,18,0.0,76,12,0,2023,6,6,Monaco Grand Prix,2023-05-28,13:00:00,sargeant,2,SAR,Logan,Sargeant,2000-12-31,American,williams,Williams,British,Logan Sargeant,2023,-2.0
25964,1104,825,210,20,17.0,0.0,R,19,0.0,70,130,1,2023,6,6,Monaco Grand Prix,2023-05-28,13:00:00,kevin_magnussen,20,MAG,Kevin,Magnussen,1992-10-05,Danish,haas,Haas F1 Team,American,Kevin Magnussen,2023,17.0
25965,1104,840,117,18,14.0,0.0,R,20,0.0,53,3,1,2023,6,6,Monaco Grand Prix,2023-05-28,13:00:00,stroll,18,STR,Lance,Stroll,1998-10-29,Canadian,aston_martin,Aston Martin,British,Lance Stroll,2023,14.0
25966,1105,830,9,1,1.0,1.0,1,1,26.0,66,1,0,2023,7,4,Spanish Grand Prix,2023-06-04,13:00:00,max_verstappen,33,VER,Max,Verstappen,1997-09-30,Dutch,red_bull,Red Bull,Austrian,Max Verstappen,2023,0.0
25967,1105,1,131,44,4.0,2.0,2,2,18.0,66,1,0,2023,7,4,Spanish Grand Prix,2023-06-04,13:00:00,hamilton,44,HAM,Lewis,Hamilton,1985-01-07,British,mercedes,Mercedes,German,Lewis Hamilton,2023,2.0
25968,1105,847,131,63,12.0,3.0,3,3,15.0,66,1,0,2023,7,4,Spanish Grand Prix,2023-06-04,13:00:00,russell,63,RUS,George,Russell,1998-02-15,British,mercedes,Mercedes,German,George Russell,2023,9.0
25969,1105,815,9,11,11.0,4.0,4,4,12.0,66,1,0,2023,7,4,Spanish Grand Prix,2023-06-04,13:00:00,perez,11,PER,Sergio,Pérez,1990-01-26,Mexican,red_bull,Red Bull,Austrian,Sergio Pérez,2023,7.0
25970,1105,832,6,55,2.0,5.0,5,5,10.0,66,1,0,2023,7,4,Spanish Grand Prix,2023-06-04,13:00:00,sainz,55,SAI,Carlos,Sainz,1994-09-01,Spanish,ferrari,Ferrari,Italian,Carlos Sainz,2023,-3.0
25971,1105,840,117,18,5.0,6.0,6,6,8.0,66,1,0,2023,7,4,Spanish Grand Prix,2023-06-04,13:00:00,stroll,18,STR,Lance,Stroll,1998-10-29,Canadian,aston_martin,Aston Martin,British,Lance Stroll,2023,-1.0
25972,1105,4,117,14,8.0,7.0,7,7,6.0,66,1,0,2023,7,4,Spanish Grand Prix,2023-06-04,13:00:00,alonso,14,ALO,Fernando,Alonso,1981-07-29,Spanish,aston_martin,Aston Martin,British,Fernando Alonso,2023,1.0
25973,1105,839,214,31,6.0,8.0,8,8,4.0,66,1,0,2023,7,4,Spanish Grand Prix,2023-06-04,13:00:00,ocon,31,OCO,Esteban,Ocon,1996-09-17,French,alpine,Alpine F1 Team,French,Esteban Ocon,2023,-2.0
25974,1105,855,51,24,13.0,9.0,9,9,2.0,66,1,0,2023,7,4,Spanish Grand Prix,2023-06-04,13:00:00,zhou,24,ZHO,Guanyu,Zhou,1999-05-30,Chinese,alfa,Alfa Romeo,Swiss,Guanyu Zhou,2023,4.0
25975,1105,842,214,10,10.0,10.0,10,10,1.0,66,1,0,2023,7,4,Spanish Grand Prix,2023-06-04,13:00:00,gasly,10,GAS,Pierre,Gasly,1996-02-07,French,alpine,Alpine F1 Team,French,Pierre Gasly,2023,0.0
25976,1105,844,6,16,19.0,11.0,11,11,0.0,66,1,0,2023,7,4,Spanish Grand Prix,2023-06-04,13:00:00,leclerc,16,LEC,Charles,Leclerc,1997-10-16,Monegasque,ferrari,Ferrari,Italian,Charles Leclerc,2023,8.0
25977,1105,852,213,22,15.0,12.0,12,12,0.0,66,1,0,2023,7,4,Spanish Grand Prix,2023-06-04,13:00:00,tsunoda,22,TSU,Yuki,Tsunoda,2000-05-11,Japanese,alphatauri,AlphaTauri,Italian,Yuki Tsunoda,2023,3.0
25978,1105,857,1,81,9.0,13.0,13,13,0.0,65,11,0,2023,7,4,Spanish Grand Prix,2023-06-04,13:00:00,piastri,81,PIA,Oscar,Piastri,2001-04-06,Australian,mclaren,McLaren,British,Oscar Piastri,2023,-4.0
25979,1105,856,213,21,14.0,14.0,14,14,0.0,65,11,0,2023,7,4,Spanish Grand Prix,2023-06-04,13:00:00,de_vries,21,DEV,Nyck,de Vries,1995-02-06,Dutch,alphatauri,AlphaTauri,Italian,Nyck de Vries,2023,0.0
25980,1105,807,210,27,7.0,15.0,15,15,0.0,65,11,0,2023,7,4,Spanish Grand Prix,2023-06-04,13:00:00,hulkenberg,27,HUL,Nico,Hülkenberg,1987-08-19,German,haas,Haas F1 Team,American,Nico Hülkenberg,2023,-8.0
25981,1105,848,3,23,18.0,16.0,16,16,0.0,65,11,0,2023,7,4,Spanish Grand Prix,2023-06-04,13:00:00,albon,23,ALB,Alexander,Albon,1996-03-23,Thai,williams,Williams,British,Alexander Albon,2023,2.0
25982,1105,846,1,4,3.0,17.0,17,17,0.0,65,11,0,2023,7,4,Spanish Grand Prix,2023-06-04,13:00:00,norris,4,NOR,Lando,Norris,1999-11-13,British,mclaren,McLaren,British,Lando Norris,2023,-14.0
25983,1105,825,210,20,17.0,18.0,18,18,0.0,65,11,0,2023,7,4,Spanish Grand Prix,2023-06-04,13:00:00,kevin_magnussen,20,MAG,Kevin,Magnussen,1992-10-05,Danish,haas,Haas F1 Team,American,Kevin Magnussen,2023,-1.0
25984,1105,822,51,77,16.0,19.0,19,19,0.0,65,11,0,2023,7,4,Spanish Grand Prix,2023-06-04,13:00:00,bottas,77,BOT,Valtteri,Bottas,1989-08-28,Finnish,alfa,Alfa Romeo,Swiss,Valtteri Bottas,2023,-3.0
25985,1105,858,3,2,20.0,20.0,20,20,0.0,65,11,0,2023,7,4,Spanish Grand Prix,2023-06-04,13:00:00,sargeant,2,SAR,Logan,Sargeant,2000-12-31,American,williams,Williams,British,Logan Sargeant,2023,0.0
25986,1106,830,9,1,1.0,1.0,1,1,25.0,70,1,0,2023,8,7,Canadian Grand Prix,2023-06-18,18:00:00,max_verstappen,33,VER,Max,Verstappen,1997-09-30,Dutch,red_bull,Red Bull,Austrian,Max Verstappen,2023,0.0
25987,1106,4,117,14,2.0,2.0,2,2,18.0,70,1,0,2023,8,7,Canadian Grand Prix,2023-06-18,18:00:00,alonso,14,ALO,Fernando,Alonso,1981-07-29,Spanish,aston_martin,Aston Martin,British,Fernando Alonso,2023,0.0
25988,1106,1,131,44,3.0,3.0,3,3,15.0,70,1,0,2023,8,7,Canadian Grand Prix,2023-06-18,18:00:00,hamilton,44,HAM,Lewis,Hamilton,1985-01-07,British,mercedes,Mercedes,German,Lewis Hamilton,2023,0.0
25989,1106,844,6,16,10.0,4.0,4,4,12.0,70,1,0,2023,8,7,Canadian Grand Prix,2023-06-18,18:00:00,leclerc,16,LEC,Charles,Leclerc,1997-10-16,Monegasque,ferrari,Ferrari,Italian,Charles Leclerc,2023,6.0
25990,1106,832,6,55,11.0,5.0,5,5,10.0,70,1,0,2023,8,7,Canadian Grand Prix,2023-06-18,18:00:00,sainz,55,SAI,Carlos,Sainz,1994-09-01,Spanish,ferrari,Ferrari,Italian,Carlos Sainz,2023,6.0
25991,1106,815,9,11,12.0,6.0,6,6,9.0,70,1,0,2023,8,7,Canadian Grand Prix,2023-06-18,18:00:00,perez,11,PER,Sergio,Pérez,1990-01-26,Mexican,red_bull,Red Bull,Austrian,Sergio Pérez,2023,6.0
25992,1106,848,3,23,9.0,7.0,7,7,6.0,70,1,0,2023,8,7,Canadian Grand Prix,2023-06-18,18:00:00,albon,23,ALB,Alexander,Albon,1996-03-23,Thai,williams,Williams,British,Alexander Albon,2023,2.0
25993,1106,839,214,31,6.0,8.0,8,8,4.0,70,1,0,2023,8,7,Canadian Grand Prix,2023-06-18,18:00:00,ocon,31,OCO,Esteban,Ocon,1996-09-17,French,alpine,Alpine F1 Team,French,Esteban Ocon,2023,-2.0
25994,1106,840,117,18,16.0,9.0,9,9,2.0,70,1,0,2023,8,7,Canadian Grand Prix,2023-06-18,18:00:00,stroll,18,STR,Lance,Stroll,1998-10-29,Canadian,aston_martin,Aston Martin,British,Lance Stroll,2023,7.0
25995,1106,822,51,77,14.0,10.0,10,10,1.0,70,1,0,2023,8,7,Canadian Grand Prix,2023-06-18,18:00:00,bottas,77,BOT,Valtteri,Bottas,1989-08-28,Finnish,alfa,Alfa Romeo,Swiss,Valtteri Bottas,2023,4.0
25996,1106,857,1,81,8.0,11.0,11,11,0.0,70,1,0,2023,8,7,Canadian Grand Prix,2023-06-18,18:00:00,piastri,81,PIA,Oscar,Piastri,2001-04-06,Australian,mclaren,McLaren,British,Oscar Piastri,2023,-3.0
25997,1106,842,214,10,15.0,12.0,12,12,0.0,70,1,0,2023,8,7,Canadian Grand Prix,2023-06-18,18:00:00,gasly,10,GAS,Pierre,Gasly,1996-02-07,French,alpine,Alpine F1 Team,French,Pierre Gasly,2023,3.0
25998,1106,846,1,4,7.0,13.0,13,13,0.0,70,1,0,2023,8,7,Canadian Grand Prix,2023-06-18,18:00:00,norris,4,NOR,Lando,Norris,1999-11-13,British,mclaren,McLaren,British,Lando Norris,2023,-6.0
25999,1106,852,213,22,19.0,14.0,14,14,0.0,70,1,0,2023,8,7,Canadian Grand Prix,2023-06-18,18:00:00,tsunoda,22,TSU,Yuki,Tsunoda,2000-05-11,Japanese,alphatauri,AlphaTauri,Italian,Yuki Tsunoda,2023,5.0
26000,1106,807,210,27,5.0,15.0,15,15,0.0,69,11,0,2023,8,7,Canadian Grand Prix,2023-06-18,18:00:00,hulkenberg,27,HUL,Nico,Hülkenberg,1987-08-19,German,haas,Haas F1 Team,American,Nico Hülkenberg,2023,-10.0
26001,1106,855,51,24,20.0,16.0,16,16,0.0,69,11,0,2023,8,7,Canadian Grand Prix,2023-06-18,18:00:00,zhou,24,ZHO,Guanyu,Zhou,1999-05-30,Chinese,alfa,Alfa Romeo,Swiss,Guanyu Zhou,2023,4.0
26002,1106,825,210,20,13.0,17.0,17,17,0.0,69,11,0,2023,8,7,Canadian Grand Prix,2023-06-18,18:00:00,kevin_magnussen,20,MAG,Kevin,Magnussen,1992-10-05,Danish,haas,Haas F1 Team,American,Kevin Magnussen,2023,-4.0
26003,1106,856,213,21,17.0,18.0,18,18,0.0,69,11,0,2023,8,7,Canadian Grand Prix,2023-06-18,18:00:00,de_vries,21,DEV,Nyck,de Vries,1995-02-06,Dutch,alphatauri,AlphaTauri,Italian,Nyck de Vries,2023,-1.0
26004,1106,847,131,63,4.0,0.0,R,19,0.0,53,23,1,2023,8,7,Canadian Grand Prix,2023-06-18,18:00:00,russell,63,RUS,George,Russell,1998-02-15,British,mercedes,Mercedes,German,George Russell,2023,4.0
26005,1106,858,3,2,18.0,0.0,R,20,0.0,6,5,1,2023,8,7,Canadian Grand Prix,2023-06-18,18:00:00,sargeant,2,SAR,Logan,Sargeant,2000-12-31,American,williams,Williams,British,Logan Sargeant,2023,18.0
26006,1107,830,9,1,1.0,1.0,1,1,26.0,71,1,0,2023,9,70,Austrian Grand Prix,2023-07-02,13:00:00,max_verstappen,33,VER,Max,Verstappen,1997-09-30,Dutch,red_bull,Red Bull,Austrian,Max Verstappen,2023,0.0
26007,1107,844,6,16,2.0,2.0,2,2,18.0,71,1,0,2023,9,70,Austrian Grand Prix,2023-07-02,13:00:00,leclerc,16,LEC,Charles,Leclerc,1997-10-16,Monegasque,ferrari,Ferrari,Italian,Charles Leclerc,2023,0.0
26008,1107,815,9,11,15.0,3.0,3,3,15.0,71,1,0,2023,9,70,Austrian Grand Prix,2023-07-02,13:00:00,perez,11,PER,Sergio,Pérez,1990-01-26,Mexican,red_bull,Red Bull,Austrian,Sergio Pérez,2023,12.0
26009,1107,846,1,4,4.0,4.0,4,4,12.0,71,1,0,2023,9,70,Austrian Grand Prix,2023-07-02,13:00:00,norris,4,NOR,Lando,Norris,1999-11-13,British,mclaren,McLaren,British,Lando Norris,2023,0.0
26010,1107,4,117,14,7.0,5.0,5,5,10.0,71,1,0,2023,9,70,Austrian Grand Prix,2023-07-02,13:00:00,alonso,14,ALO,Fernando,Alonso,1981-07-29,Spanish,aston_martin,Aston Martin,British,Fernando Alonso,2023,2.0
26011,1107,832,6,55,3.0,6.0,6,6,8.0,71,1,0,2023,9,70,Austrian Grand Prix,2023-07-02,13:00:00,sainz,55,SAI,Carlos,Sainz,1994-09-01,Spanish,ferrari,Ferrari,Italian,Carlos Sainz,2023,-3.0
26012,1107,847,131,63,11.0,7.0,7,7,6.0,71,1,0,2023,9,70,Austrian Grand Prix,2023-07-02,13:00:00,russell,63,RUS,George,Russell,1998-02-15,British,mercedes,Mercedes,German,George Russell,2023,4.0
26013,1107,1,131,44,5.0,8.0,8,8,4.0,71,1,0,2023,9,70,Austrian Grand Prix,2023-07-02,13:00:00,hamilton,44,HAM,Lewis,Hamilton,1985-01-07,British,mercedes,Mercedes,German,Lewis Hamilton,2023,-3.0
26014,1107,840,117,18,6.0,9.0,9,9,2.0,71,1,0,2023,9,70,Austrian Grand Prix,2023-07-02,13:00:00,stroll,18,STR,Lance,Stroll,1998-10-29,Canadian,aston_martin,Aston Martin,British,Lance Stroll,2023,-3.0
26015,1107,842,214,10,9.0,10.0,10,10,1.0,71,1,0,2023,9,70,Austrian Grand Prix,2023-07-02,13:00:00,gasly,10,GAS,Pierre,Gasly,1996-02-07,French,alpine,Alpine F1 Team,French,Pierre Gasly,2023,-1.0
26016,1107,848,3,23,10.0,11.0,11,11,0.0,71,1,0,2023,9,70,Austrian Grand Prix,2023-07-02,13:00:00,albon,23,ALB,Alexander,Albon,1996-03-23,Thai,williams,Williams,British,Alexander Albon,2023,-1.0
26017,1107,855,51,24,17.0,12.0,12,12,0.0,70,11,0,2023,9,70,Austrian Grand Prix,2023-07-02,13:00:00,zhou,24,ZHO,Guanyu,Zhou,1999-05-30,Chinese,alfa,Alfa Romeo,Swiss,Guanyu Zhou,2023,5.0
26018,1107,858,3,2,18.0,13.0,13,13,0.0,70,11,0,2023,9,70,Austrian Grand Prix,2023-07-02,13:00:00,sargeant,2,SAR,Logan,Sargeant,2000-12-31,American,williams,Williams,British,Logan Sargeant,2023,5.0
26019,1107,839,214,31,12.0,14.0,14,14,0.0,70,11,0,2023,9,70,Austrian Grand Prix,2023-07-02,13:00:00,ocon,31,OCO,Esteban,Ocon,1996-09-17,French,alpine,Alpine F1 Team,French,Esteban Ocon,2023,-2.0
26020,1107,822,51,77,14.0,15.0,15,15,0.0,70,11,0,2023,9,70,Austrian Grand Prix,2023-07-02,13:00:00,bottas,77,BOT,Valtteri,Bottas,1989-08-28,Finnish,alfa,Alfa Romeo,Swiss,Valtteri Bottas,2023,-1.0
26021,1107,857,1,81,13.0,16.0,16,16,0.0,70,11,0,2023,9,70,Austrian Grand Prix,2023-07-02,13:00:00,piastri,81,PIA,Oscar,Piastri,2001-04-06,Australian,mclaren,McLaren,British,Oscar Piastri,2023,-3.0
26022,1107,856,213,21,0.0,17.0,17,17,0.0,70,11,0,2023,9,70,Austrian Grand Prix,2023-07-02,13:00:00,de_vries,21,DEV,Nyck,de Vries,1995-02-06,Dutch,alphatauri,AlphaTauri,Italian,Nyck de Vries,2023,-17.0
26023,1107,825,210,20,0.0,18.0,18,18,0.0,70,11,0,2023,9,70,Austrian Grand Prix,2023-07-02,13:00:00,kevin_magnussen,20,MAG,Kevin,Magnussen,1992-10-05,Danish,haas,Haas F1 Team,American,Kevin Magnussen,2023,-18.0
26024,1107,852,213,22,16.0,19.0,19,19,0.0,70,11,0,2023,9,70,Austrian Grand Prix,2023-07-02,13:00:00,tsunoda,22,TSU,Yuki,Tsunoda,2000-05-11,Japanese,alphatauri,AlphaTauri,Italian,Yuki Tsunoda,2023,-3.0
26025,1107,807,210,27,8.0,0.0,R,20,0.0,12,75,1,2023,9,70,Austrian Grand Prix,2023-07-02,13:00:00,hulkenberg,27,HUL,Nico,Hülkenberg,1987-08-19,German,haas,Haas F1 Team,American,Nico Hülkenberg,2023,8.0
26026,1108,830,9,1,1.0,1.0,1,1,26.0,52,1,0,2023,10,9,British Grand Prix,2023-07-09,14:00:00,max_verstappen,33,VER,Max,Verstappen,1997-09-30,Dutch,red_bull,Red Bull,Austrian,Max Verstappen,2023,0.0
26027,1108,846,1,4,2.0,2.0,2,2,18.0,52,1,0,2023,10,9,British Grand Prix,2023-07-09,14:00:00,norris,4,NOR,Lando,Norris,1999-11-13,British,mclaren,McLaren,British,Lando Norris,2023,0.0
26028,1108,1,131,44,7.0,3.0,3,3,15.0,52,1,0,2023,10,9,British Grand Prix,2023-07-09,14:00:00,hamilton,44,HAM,Lewis,Hamilton,1985-01-07,British,mercedes,Mercedes,German,Lewis Hamilton,2023,4.0
26029,1108,857,1,81,3.0,4.0,4,4,12.0,52,1,0,2023,10,9,British Grand Prix,2023-07-09,14:00:00,piastri,81,PIA,Oscar,Piastri,2001-04-06,Australian,mclaren,McLaren,British,Oscar Piastri,2023,-1.0
26030,1108,847,131,63,6.0,5.0,5,5,10.0,52,1,0,2023,10,9,British Grand Prix,2023-07-09,14:00:00,russell,63,RUS,George,Russell,1998-02-15,British,mercedes,Mercedes,German,George Russell,2023,1.0
26031,1108,815,9,11,15.0,6.0,6,6,8.0,52,1,0,2023,10,9,British Grand Prix,2023-07-09,14:00:00,perez,11,PER,Sergio,Pérez,1990-01-26,Mexican,red_bull,Red Bull,Austrian,Sergio Pérez,2023,9.0
26032,1108,4,117,14,9.0,7.0,7,7,6.0,52,1,0,2023,10,9,British Grand Prix,2023-07-09,14:00:00,alonso,14,ALO,Fernando,Alonso,1981-07-29,Spanish,aston_martin,Aston Martin,British,Fernando Alonso,2023,2.0
26033,1108,848,3,23,8.0,8.0,8,8,4.0,52,1,0,2023,10,9,British Grand Prix,2023-07-09,14:00:00,albon,23,ALB,Alexander,Albon,1996-03-23,Thai,williams,Williams,British,Alexander Albon,2023,0.0
26034,1108,844,6,16,4.0,9.0,9,9,2.0,52,1,0,2023,10,9,British Grand Prix,2023-07-09,14:00:00,leclerc,16,LEC,Charles,Leclerc,1997-10-16,Monegasque,ferrari,Ferrari,Italian,Charles Leclerc,2023,-5.0
26035,1108,832,6,55,5.0,10.0,10,10,1.0,52,1,0,2023,10,9,British Grand Prix,2023-07-09,14:00:00,sainz,55,SAI,Carlos,Sainz,1994-09-01,Spanish,ferrari,Ferrari,Italian,Carlos Sainz,2023,-5.0
26036,1108,858,3,2,14.0,11.0,11,11,0.0,52,1,0,2023,10,9,British Grand Prix,2023-07-09,14:00:00,sargeant,2,SAR,Logan,Sargeant,2000-12-31,American,williams,Williams,British,Logan Sargeant,2023,3.0
26037,1108,822,51,77,20.0,12.0,12,12,0.0,52,1,0,2023,10,9,British Grand Prix,2023-07-09,14:00:00,bottas,77,BOT,Valtteri,Bottas,1989-08-28,Finnish,alfa,Alfa Romeo,Swiss,Valtteri Bottas,2023,8.0
26038,1108,807,210,27,11.0,13.0,13,13,0.0,52,1,0,2023,10,9,British Grand Prix,2023-07-09,14:00:00,hulkenberg,27,HUL,Nico,Hülkenberg,1987-08-19,German,haas,Haas F1 Team,American,Nico Hülkenberg,2023,-2.0
26039,1108,840,117,18,12.0,14.0,14,14,0.0,52,1,0,2023,10,9,British Grand Prix,2023-07-09,14:00:00,stroll,18,STR,Lance,Stroll,1998-10-29,Canadian,aston_martin,Aston Martin,British,Lance Stroll,2023,-2.0
26040,1108,855,51,24,17.0,15.0,15,15,0.0,52,1,0,2023,10,9,British Grand Prix,2023-07-09,14:00:00,zhou,24,ZHO,Guanyu,Zhou,1999-05-30,Chinese,alfa,Alfa Romeo,Swiss,Guanyu Zhou,2023,2.0
26041,1108,852,213,22,16.0,16.0,16,16,0.0,52,1,0,2023,10,9,British Grand Prix,2023-07-09,14:00:00,tsunoda,22,TSU,Yuki,Tsunoda,2000-05-11,Japanese,alphatauri,AlphaTauri,Italian,Yuki Tsunoda,2023,0.0
26042,1108,856,213,21,18.0,17.0,17,17,0.0,52,1,0,2023,10,9,British Grand Prix,2023-07-09,14:00:00,de_vries,21,DEV,Nyck,de Vries,1995-02-06,Dutch,alphatauri,AlphaTauri,Italian,Nyck de Vries,2023,1.0
26043,1108,842,214,10,10.0,18.0,18,18,0.0,46,130,0,2023,10,9,British Grand Prix,2023-07-09,14:00:00,gasly,10,GAS,Pierre,Gasly,1996-02-07,French,alpine,Alpine F1 Team,French,Pierre Gasly,2023,-8.0
26044,1108,825,210,20,19.0,0.0,R,19,0.0,31,5,1,2023,10,9,British Grand Prix,2023-07-09,14:00:00,kevin_magnussen,20,MAG,Kevin,Magnussen,1992-10-05,Danish,haas,Haas F1 Team,American,Kevin Magnussen,2023,19.0
26045,1108,839,214,31,13.0,0.0,R,20,0.0,9,44,1,2023,10,9,British Grand Prix,2023-07-09,14:00:00,ocon,31,OCO,Esteban,Ocon,1996-09-17,French,alpine,Alpine F1 Team,French,Esteban Ocon,2023,13.0
26046,1109,830,9,1,2.0,1.0,1,1,26.0,70,1,0,2023,11,11,Hungarian Grand Prix,2023-07-23,13:00:00,max_verstappen,33,VER,Max,Verstappen,1997-09-30,Dutch,red_bull,Red Bull,Austrian,Max Verstappen,2023,1.0
26047,1109,846,1,4,3.0,2.0,2,2,18.0,70,1,0,2023,11,11,Hungarian Grand Prix,2023-07-23,13:00:00,norris,4,NOR,Lando,Norris,1999-11-13,British,mclaren,McLaren,British,Lando Norris,2023,1.0
26048,1109,815,9,11,9.0,3.0,3,3,15.0,70,1,0,2023,11,11,Hungarian Grand Prix,2023-07-23,13:00:00,perez,11,PER,Sergio,Pérez,1990-01-26,Mexican,red_bull,Red Bull,Austrian,Sergio Pérez,2023,6.0
26049,1109,1,131,44,1.0,4.0,4,4,12.0,70,1,0,2023,11,11,Hungarian Grand Prix,2023-07-23,13:00:00,hamilton,44,HAM,Lewis,Hamilton,1985-01-07,British,mercedes,Mercedes,German,Lewis Hamilton,2023,-3.0
26050,1109,857,1,81,4.0,5.0,5,5,10.0,70,1,0,2023,11,11,Hungarian Grand Prix,2023-07-23,13:00:00,piastri,81,PIA,Oscar,Piastri,2001-04-06,Australian,mclaren,McLaren,British,Oscar Piastri,2023,-1.0
26051,1109,847,131,63,18.0,6.0,6,6,8.0,70,1,0,2023,11,11,Hungarian Grand Prix,2023-07-23,13:00:00,russell,63,RUS,George,Russell,1998-02-15,British,mercedes,Mercedes,German,George Russell,2023,12.0
26052,1109,844,6,16,6.0,7.0,7,7,6.0,70,1,0,2023,11,11,Hungarian Grand Prix,2023-07-23,13:00:00,leclerc,16,LEC,Charles,Leclerc,1997-10-16,Monegasque,ferrari,Ferrari,Italian,Charles Leclerc,2023,-1.0
26053,1109,832,6,55,11.0,8.0,8,8,4.0,70,1,0,2023,11,11,Hungarian Grand Prix,2023-07-23,13:00:00,sainz,55,SAI,Carlos,Sainz,1994-09-01,Spanish,ferrari,Ferrari,Italian,Carlos Sainz,2023,3.0
26054,1109,4,117,14,8.0,9.0,9,9,2.0,70,1,0,2023,11,11,Hungarian Grand Prix,2023-07-23,13:00:00,alonso,14,ALO,Fernando,Alonso,1981-07-29,Spanish,aston_martin,Aston Martin,British,Fernando Alonso,2023,-1.0
26055,1109,840,117,18,14.0,10.0,10,10,1.0,69,11,0,2023,11,11,Hungarian Grand Prix,2023-07-23,13:00:00,stroll,18,STR,Lance,Stroll,1998-10-29,Canadian,aston_martin,Aston Martin,British,Lance Stroll,2023,4.0
26056,1109,848,3,23,16.0,11.0,11,11,0.0,69,11,0,2023,11,11,Hungarian Grand Prix,2023-07-23,13:00:00,albon,23,ALB,Alexander,Albon,1996-03-23,Thai,williams,Williams,British,Alexander Albon,2023,5.0
26057,1109,822,51,77,7.0,12.0,12,12,0.0,69,11,0,2023,11,11,Hungarian Grand Prix,2023-07-23,13:00:00,bottas,77,BOT,Valtteri,Bottas,1989-08-28,Finnish,alfa,Alfa Romeo,Swiss,Valtteri Bottas,2023,-5.0
26058,1109,817,213,3,13.0,13.0,13,13,0.0,69,11,0,2023,11,11,Hungarian Grand Prix,2023-07-23,13:00:00,ricciardo,3,RIC,Daniel,Ricciardo,1989-07-01,Australian,alphatauri,AlphaTauri,Italian,Daniel Ricciardo,2023,0.0
26059,1109,807,210,27,10.0,14.0,14,14,0.0,69,11,0,2023,11,11,Hungarian Grand Prix,2023-07-23,13:00:00,hulkenberg,27,HUL,Nico,Hülkenberg,1987-08-19,German,haas,Haas F1 Team,American,Nico Hülkenberg,2023,-4.0
26060,1109,852,213,22,17.0,15.0,15,15,0.0,69,11,0,2023,11,11,Hungarian Grand Prix,2023-07-23,13:00:00,tsunoda,22,TSU,Yuki,Tsunoda,2000-05-11,Japanese,alphatauri,AlphaTauri,Italian,Yuki Tsunoda,2023,2.0
26061,1109,855,51,24,5.0,16.0,16,16,0.0,69,11,0,2023,11,11,Hungarian Grand Prix,2023-07-23,13:00:00,zhou,24,ZHO,Guanyu,Zhou,1999-05-30,Chinese,alfa,Alfa Romeo,Swiss,Guanyu Zhou,2023,-11.0
26062,1109,825,210,20,19.0,17.0,17,17,0.0,69,11,0,2023,11,11,Hungarian Grand Prix,2023-07-23,13:00:00,kevin_magnussen,20,MAG,Kevin,Magnussen,1992-10-05,Danish,haas,Haas F1 Team,American,Kevin Magnussen,2023,2.0
26063,1109,858,3,2,20.0,0.0,R,18,0.0,67,31,1,2023,11,11,Hungarian Grand Prix,2023-07-23,13:00:00,sargeant,2,SAR,Logan,Sargeant,2000-12-31,American,williams,Williams,British,Logan Sargeant,2023,20.0
26064,1109,839,214,31,12.0,0.0,R,19,0.0,2,130,1,2023,11,11,Hungarian Grand Prix,2023-07-23,13:00:00,ocon,31,OCO,Esteban,Ocon,1996-09-17,French,alpine,Alpine F1 Team,French,Esteban Ocon,2023,12.0
26065,1109,842,214,10,15.0,0.0,R,20,0.0,1,130,1,2023,11,11,Hungarian Grand Prix,2023-07-23,13:00:00,gasly,10,GAS,Pierre,Gasly,1996-02-07,French,alpine,Alpine F1 Team,French,Pierre Gasly,2023,15.0
26066,1110,830,9,1,6.0,1.0,1,1,25.0,44,1,0,2023,12,13,Belgian Grand Prix,2023-07-30,13:00:00,max_verstappen,33,VER,Max,Verstappen,1997-09-30,Dutch,red_bull,Red Bull,Austrian,Max Verstappen,2023,5.0
26067,1110,815,9,11,2.0,2.0,2,2,18.0,44,1,0,2023,12,13,Belgian Grand Prix,2023-07-30,13:00:00,perez,11,PER,Sergio,Pérez,1990-01-26,Mexican,red_bull,Red Bull,Austrian,Sergio Pérez,2023,0.0
26068,1110,844,6,16,1.0,3.0,3,3,15.0,44,1,0,2023,12,13,Belgian Grand Prix,2023-07-30,13:00:00,leclerc,16,LEC,Charles,Leclerc,1997-10-16,Monegasque,ferrari,Ferrari,Italian,Charles Leclerc,2023,-2.0
26069,1110,1,131,44,3.0,4.0,4,4,13.0,44,1,0,2023,12,13,Belgian Grand Prix,2023-07-30,13:00:00,hamilton,44,HAM,Lewis,Hamilton,1985-01-07,British,mercedes,Mercedes,German,Lewis Hamilton,2023,-1.0
26070,1110,4,117,14,9.0,5.0,5,5,10.0,44,1,0,2023,12,13,Belgian Grand Prix,2023-07-30,13:00:00,alonso,14,ALO,Fernando,Alonso,1981-07-29,Spanish,aston_martin,Aston Martin,British,Fernando Alonso,2023,4.0
26071,1110,847,131,63,8.0,6.0,6,6,8.0,44,1,0,2023,12,13,Belgian Grand Prix,2023-07-30,13:00:00,russell,63,RUS,George,Russell,1998-02-15,British,mercedes,Mercedes,German,George Russell,2023,2.0
26072,1110,846,1,4,7.0,7.0,7,7,6.0,44,1,0,2023,12,13,Belgian Grand Prix,2023-07-30,13:00:00,norris,4,NOR,Lando,Norris,1999-11-13,British,mclaren,McLaren,British,Lando Norris,2023,0.0
26073,1110,839,214,31,14.0,8.0,8,8,4.0,44,1,0,2023,12,13,Belgian Grand Prix,2023-07-30,13:00:00,ocon,31,OCO,Esteban,Ocon,1996-09-17,French,alpine,Alpine F1 Team,French,Esteban Ocon,2023,6.0
26074,1110,840,117,18,10.0,9.0,9,9,2.0,44,1,0,2023,12,13,Belgian Grand Prix,2023-07-30,13:00:00,stroll,18,STR,Lance,Stroll,1998-10-29,Canadian,aston_martin,Aston Martin,British,Lance Stroll,2023,1.0
26075,1110,852,213,22,11.0,10.0,10,10,1.0,44,1,0,2023,12,13,Belgian Grand Prix,2023-07-30,13:00:00,tsunoda,22,TSU,Yuki,Tsunoda,2000-05-11,Japanese,alphatauri,AlphaTauri,Italian,Yuki Tsunoda,2023,1.0
26076,1110,842,214,10,12.0,11.0,11,11,0.0,44,1,0,2023,12,13,Belgian Grand Prix,2023-07-30,13:00:00,gasly,10,GAS,Pierre,Gasly,1996-02-07,French,alpine,Alpine F1 Team,French,Pierre Gasly,2023,1.0
26077,1110,822,51,77,13.0,12.0,12,12,0.0,44,1,0,2023,12,13,Belgian Grand Prix,2023-07-30,13:00:00,bottas,77,BOT,Valtteri,Bottas,1989-08-28,Finnish,alfa,Alfa Romeo,Swiss,Valtteri Bottas,2023,1.0
26078,1110,855,51,24,17.0,13.0,13,13,0.0,44,1,0,2023,12,13,Belgian Grand Prix,2023-07-30,13:00:00,zhou,24,ZHO,Guanyu,Zhou,1999-05-30,Chinese,alfa,Alfa Romeo,Swiss,Guanyu Zhou,2023,4.0
26079,1110,848,3,23,15.0,14.0,14,14,0.0,44,1,0,2023,12,13,Belgian Grand Prix,2023-07-30,13:00:00,albon,23,ALB,Alexander,Albon,1996-03-23,Thai,williams,Williams,British,Alexander Albon,2023,1.0
26080,1110,825,210,20,16.0,15.0,15,15,0.0,44,1,0,2023,12,13,Belgian Grand Prix,2023-07-30,13:00:00,kevin_magnussen,20,MAG,Kevin,Magnussen,1992-10-05,Danish,haas,Haas F1 Team,American,Kevin Magnussen,2023,1.0
26081,1110,817,213,3,19.0,16.0,16,16,0.0,44,1,0,2023,12,13,Belgian Grand Prix,2023-07-30,13:00:00,ricciardo,3,RIC,Daniel,Ricciardo,1989-07-01,Australian,alphatauri,AlphaTauri,Italian,Daniel Ricciardo,2023,3.0
26082,1110,858,3,2,18.0,17.0,17,17,0.0,44,1,0,2023,12,13,Belgian Grand Prix,2023-07-30,13:00:00,sargeant,2,SAR,Logan,Sargeant,2000-12-31,American,williams,Williams,British,Logan Sargeant,2023,1.0
26083,1110,807,210,27,0.0,18.0,18,18,0.0,44,1,0,2023,12,13,Belgian Grand Prix,2023-07-30,13:00:00,hulkenberg,27,HUL,Nico,Hülkenberg,1987-08-19,German,haas,Haas F1 Team,American,Nico Hülkenberg,2023,-18.0
26084,1110,832,6,55,4.0,0.0,R,19,0.0,23,130,1,2023,12,13,Belgian Grand Prix,2023-07-30,13:00:00,sainz,55,SAI,Carlos,Sainz,1994-09-01,Spanish,ferrari,Ferrari,Italian,Carlos Sainz,2023,4.0
26085,1110,857,1,81,5.0,0.0,R,20,0.0,0,130,1,2023,12,13,Belgian Grand Prix,2023-07-30,13:00:00,piastri,81,PIA,Oscar,Piastri,2001-04-06,Australian,mclaren,McLaren,British,Oscar Piastri,2023,5.0
26086,1111,830,9,1,1.0,1.0,1,1,25.0,72,1,0,2023,13,39,Dutch Grand Prix,2023-08-27,13:00:00,max_verstappen,33,VER,Max,Verstappen,1997-09-30,Dutch,red_bull,Red Bull,Austrian,Max Verstappen,2023,0.0
26087,1111,4,117,14,5.0,2.0,2,2,19.0,72,1,0,2023,13,39,Dutch Grand Prix,2023-08-27,13:00:00,alonso,14,ALO,Fernando,Alonso,1981-07-29,Spanish,aston_martin,Aston Martin,British,Fernando Alonso,2023,3.0
26088,1111,842,214,10,12.0,3.0,3,3,15.0,72,1,0,2023,13,39,Dutch Grand Prix,2023-08-27,13:00:00,gasly,10,GAS,Pierre,Gasly,1996-02-07,French,alpine,Alpine F1 Team,French,Pierre Gasly,2023,9.0
26089,1111,815,9,11,7.0,4.0,4,4,12.0,72,1,0,2023,13,39,Dutch Grand Prix,2023-08-27,13:00:00,perez,11,PER,Sergio,Pérez,1990-01-26,Mexican,red_bull,Red Bull,Austrian,Sergio Pérez,2023,3.0
26090,1111,832,6,55,6.0,5.0,5,5,10.0,72,1,0,2023,13,39,Dutch Grand Prix,2023-08-27,13:00:00,sainz,55,SAI,Carlos,Sainz,1994-09-01,Spanish,ferrari,Ferrari,Italian,Carlos Sainz,2023,1.0
26091,1111,1,131,44,13.0,6.0,6,6,8.0,72,1,0,2023,13,39,Dutch Grand Prix,2023-08-27,13:00:00,hamilton,44,HAM,Lewis,Hamilton,1985-01-07,British,mercedes,Mercedes,German,Lewis Hamilton,2023,7.0
26092,1111,846,1,4,2.0,7.0,7,7,6.0,72,1,0,2023,13,39,Dutch Grand Prix,2023-08-27,13:00:00,norris,4,NOR,Lando,Norris,1999-11-13,British,mclaren,McLaren,British,Lando Norris,2023,-5.0
26093,1111,848,3,23,4.0,8.0,8,8,4.0,72,1,0,2023,13,39,Dutch Grand Prix,2023-08-27,13:00:00,albon,23,ALB,Alexander,Albon,1996-03-23,Thai,williams,Williams,British,Alexander Albon,2023,-4.0
26094,1111,857,1,81,8.0,9.0,9,9,2.0,72,1,0,2023,13,39,Dutch Grand Prix,2023-08-27,13:00:00,piastri,81,PIA,Oscar,Piastri,2001-04-06,Australian,mclaren,McLaren,British,Oscar Piastri,2023,-1.0
26095,1111,839,214,31,16.0,10.0,10,10,1.0,72,1,0,2023,13,39,Dutch Grand Prix,2023-08-27,13:00:00,ocon,31,OCO,Esteban,Ocon,1996-09-17,French,alpine,Alpine F1 Team,French,Esteban Ocon,2023,6.0
26096,1111,840,117,18,11.0,11.0,11,11,0.0,72,1,0,2023,13,39,Dutch Grand Prix,2023-08-27,13:00:00,stroll,18,STR,Lance,Stroll,1998-10-29,Canadian,aston_martin,Aston Martin,British,Lance Stroll,2023,0.0
26097,1111,807,210,27,14.0,12.0,12,12,0.0,72,1,0,2023,13,39,Dutch Grand Prix,2023-08-27,13:00:00,hulkenberg,27,HUL,Nico,Hülkenberg,1987-08-19,German,haas,Haas F1 Team,American,Nico Hülkenberg,2023,2.0
26098,1111,859,213,40,19.0,13.0,13,13,0.0,72,1,0,2023,13,39,Dutch Grand Prix,2023-08-27,13:00:00,lawson,30,LAW,Liam,Lawson,2002-02-11,New Zealander,alphatauri,AlphaTauri,Italian,Liam Lawson,2023,6.0
26099,1111,822,51,77,18.0,14.0,14,14,0.0,72,1,0,2023,13,39,Dutch Grand Prix,2023-08-27,13:00:00,bottas,77,BOT,Valtteri,Bottas,1989-08-28,Finnish,alfa,Alfa Romeo,Swiss,Valtteri Bottas,2023,4.0
26100,1111,852,213,22,17.0,15.0,15,15,0.0,72,1,0,2023,13,39,Dutch Grand Prix,2023-08-27,13:00:00,tsunoda,22,TSU,Yuki,Tsunoda,2000-05-11,Japanese,alphatauri,AlphaTauri,Italian,Yuki Tsunoda,2023,2.0
26101,1111,825,210,20,0.0,16.0,16,16,0.0,72,1,0,2023,13,39,Dutch Grand Prix,2023-08-27,13:00:00,kevin_magnussen,20,MAG,Kevin,Magnussen,1992-10-05,Danish,haas,Haas F1 Team,American,Kevin Magnussen,2023,-16.0
26102,1111,847,131,63,3.0,17.0,17,17,0.0,72,1,0,2023,13,39,Dutch Grand Prix,2023-08-27,13:00:00,russell,63,RUS,George,Russell,1998-02-15,British,mercedes,Mercedes,German,George Russell,2023,-14.0
26103,1111,855,51,24,15.0,0.0,R,18,0.0,62,3,1,2023,13,39,Dutch Grand Prix,2023-08-27,13:00:00,zhou,24,ZHO,Guanyu,Zhou,1999-05-30,Chinese,alfa,Alfa Romeo,Swiss,Guanyu Zhou,2023,15.0
26104,1111,844,6,16,9.0,0.0,R,19,0.0,41,140,1,2023,13,39,Dutch Grand Prix,2023-08-27,13:00:00,leclerc,16,LEC,Charles,Leclerc,1997-10-16,Monegasque,ferrari,Ferrari,Italian,Charles Leclerc,2023,9.0
26105,1111,858,3,2,10.0,0.0,R,20,0.0,14,3,1,2023,13,39,Dutch Grand Prix,2023-08-27,13:00:00,sargeant,2,SAR,Logan,Sargeant,2000-12-31,American,williams,Williams,British,Logan Sargeant,2023,10.0
26106,1112,830,9,1,2.0,1.0,1,1,25.0,51,1,0,2023,14,14,Italian Grand Prix,2023-09-03,13:00:00,max_verstappen,33,VER,Max,Verstappen,1997-09-30,Dutch,red_bull,Red Bull,Austrian,Max Verstappen,2023,1.0
26107,1112,815,9,11,5.0,2.0,2,2,18.0,51,1,0,2023,14,14,Italian Grand Prix,2023-09-03,13:00:00,perez,11,PER,Sergio,Pérez,1990-01-26,Mexican,red_bull,Red Bull,Austrian,Sergio Pérez,2023,3.0
26108,1112,832,6,55,1.0,3.0,3,3,15.0,51,1,0,2023,14,14,Italian Grand Prix,2023-09-03,13:00:00,sainz,55,SAI,Carlos,Sainz,1994-09-01,Spanish,ferrari,Ferrari,Italian,Carlos Sainz,2023,-2.0
26109,1112,844,6,16,3.0,4.0,4,4,12.0,51,1,0,2023,14,14,Italian Grand Prix,2023-09-03,13:00:00,leclerc,16,LEC,Charles,Leclerc,1997-10-16,Monegasque,ferrari,Ferrari,Italian,Charles Leclerc,2023,-1.0
26110,1112,847,131,63,4.0,5.0,5,5,10.0,51,1,0,2023,14,14,Italian Grand Prix,2023-09-03,13:00:00,russell,63,RUS,George,Russell,1998-02-15,British,mercedes,Mercedes,German,George Russell,2023,-1.0
26111,1112,1,131,44,8.0,6.0,6,6,8.0,51,1,0,2023,14,14,Italian Grand Prix,2023-09-03,13:00:00,hamilton,44,HAM,Lewis,Hamilton,1985-01-07,British,mercedes,Mercedes,German,Lewis Hamilton,2023,2.0
26112,1112,848,3,23,6.0,7.0,7,7,6.0,51,1,0,2023,14,14,Italian Grand Prix,2023-09-03,13:00:00,albon,23,ALB,Alexander,Albon,1996-03-23,Thai,williams,Williams,British,Alexander Albon,2023,-1.0
26113,1112,846,1,4,9.0,8.0,8,8,4.0,51,1,0,2023,14,14,Italian Grand Prix,2023-09-03,13:00:00,norris,4,NOR,Lando,Norris,1999-11-13,British,mclaren,McLaren,British,Lando Norris,2023,1.0
26114,1112,4,117,14,10.0,9.0,9,9,2.0,51,1,0,2023,14,14,Italian Grand Prix,2023-09-03,13:00:00,alonso,14,ALO,Fernando,Alonso,1981-07-29,Spanish,aston_martin,Aston Martin,British,Fernando Alonso,2023,1.0
26115,1112,822,51,77,14.0,10.0,10,10,1.0,51,1,0,2023,14,14,Italian Grand Prix,2023-09-03,13:00:00,bottas,77,BOT,Valtteri,Bottas,1989-08-28,Finnish,alfa,Alfa Romeo,Swiss,Valtteri Bottas,2023,4.0
26116,1112,859,213,40,12.0,11.0,11,11,0.0,51,1,0,2023,14,14,Italian Grand Prix,2023-09-03,13:00:00,lawson,30,LAW,Liam,Lawson,2002-02-11,New Zealander,alphatauri,AlphaTauri,Italian,Liam Lawson,2023,1.0
26117,1112,857,1,81,7.0,12.0,12,12,0.0,51,1,0,2023,14,14,Italian Grand Prix,2023-09-03,13:00:00,piastri,81,PIA,Oscar,Piastri,2001-04-06,Australian,mclaren,McLaren,British,Oscar Piastri,2023,-5.0
26118,1112,858,3,2,15.0,13.0,13,13,0.0,51,1,0,2023,14,14,Italian Grand Prix,2023-09-03,13:00:00,sargeant,2,SAR,Logan,Sargeant,2000-12-31,American,williams,Williams,British,Logan Sargeant,2023,2.0
26119,1112,855,51,24,16.0,14.0,14,14,0.0,51,1,0,2023,14,14,Italian Grand Prix,2023-09-03,13:00:00,zhou,24,ZHO,Guanyu,Zhou,1999-05-30,Chinese,alfa,Alfa Romeo,Swiss,Guanyu Zhou,2023,2.0
26120,1112,842,214,10,17.0,15.0,15,15,0.0,51,1,0,2023,14,14,Italian Grand Prix,2023-09-03,13:00:00,gasly,10,GAS,Pierre,Gasly,1996-02-07,French,alpine,Alpine F1 Team,French,Pierre Gasly,2023,2.0
26121,1112,840,117,18,20.0,16.0,16,16,0.0,51,1,0,2023,14,14,Italian Grand Prix,2023-09-03,13:00:00,stroll,18,STR,Lance,Stroll,1998-10-29,Canadian,aston_martin,Aston Martin,British,Lance Stroll,2023,4.0
26122,1112,807,210,27,13.0,17.0,17,17,0.0,50,11,0,2023,14,14,Italian Grand Prix,2023-09-03,13:00:00,hulkenberg,27,HUL,Nico,Hülkenberg,1987-08-19,German,haas,Haas F1 Team,American,Nico Hülkenberg,2023,-4.0
26123,1112,825,210,20,19.0,18.0,18,18,0.0,50,11,0,2023,14,14,Italian Grand Prix,2023-09-03,13:00:00,kevin_magnussen,20,MAG,Kevin,Magnussen,1992-10-05,Danish,haas,Haas F1 Team,American,Kevin Magnussen,2023,1.0
26124,1112,839,214,31,18.0,0.0,R,19,0.0,39,38,1,2023,14,14,Italian Grand Prix,2023-09-03,13:00:00,ocon,31,OCO,Esteban,Ocon,1996-09-17,French,alpine,Alpine F1 Team,French,Esteban Ocon,2023,18.0
26125,1112,852,213,22,11.0,0.0,R,20,0.0,0,5,1,2023,14,14,Italian Grand Prix,2023-09-03,13:00:00,tsunoda,22,TSU,Yuki,Tsunoda,2000-05-11,Japanese,alphatauri,AlphaTauri,Italian,Yuki Tsunoda,2023,11.0
26126,1113,832,6,55,1.0,1.0,1,1,25.0,62,1,0,2023,15,15,Singapore Grand Prix,2023-09-17,12:00:00,sainz,55,SAI,Carlos,Sainz,1994-09-01,Spanish,ferrari,Ferrari,Italian,Carlos Sainz,2023,0.0
26127,1113,846,1,4,4.0,2.0,2,2,18.0,62,1,0,2023,15,15,Singapore Grand Prix,2023-09-17,12:00:00,norris,4,NOR,Lando,Norris,1999-11-13,British,mclaren,McLaren,British,Lando Norris,2023,2.0
26128,1113,1,131,44,5.0,3.0,3,3,16.0,62,1,0,2023,15,15,Singapore Grand Prix,2023-09-17,12:00:00,hamilton,44,HAM,Lewis,Hamilton,1985-01-07,British,mercedes,Mercedes,German,Lewis Hamilton,2023,2.0
26129,1113,844,6,16,3.0,4.0,4,4,12.0,62,1,0,2023,15,15,Singapore Grand Prix,2023-09-17,12:00:00,leclerc,16,LEC,Charles,Leclerc,1997-10-16,Monegasque,ferrari,Ferrari,Italian,Charles Leclerc,2023,-1.0
26130,1113,830,9,1,11.0,5.0,5,5,10.0,62,1,0,2023,15,15,Singapore Grand Prix,2023-09-17,12:00:00,max_verstappen,33,VER,Max,Verstappen,1997-09-30,Dutch,red_bull,Red Bull,Austrian,Max Verstappen,2023,6.0
26131,1113,842,214,10,12.0,6.0,6,6,8.0,62,1,0,2023,15,15,Singapore Grand Prix,2023-09-17,12:00:00,gasly,10,GAS,Pierre,Gasly,1996-02-07,French,alpine,Alpine F1 Team,French,Pierre Gasly,2023,6.0
26132,1113,857,1,81,17.0,7.0,7,7,6.0,62,1,0,2023,15,15,Singapore Grand Prix,2023-09-17,12:00:00,piastri,81,PIA,Oscar,Piastri,2001-04-06,Australian,mclaren,McLaren,British,Oscar Piastri,2023,10.0
26133,1113,815,9,11,13.0,8.0,8,8,4.0,62,1,0,2023,15,15,Singapore Grand Prix,2023-09-17,12:00:00,perez,11,PER,Sergio,Pérez,1990-01-26,Mexican,red_bull,Red Bull,Austrian,Sergio Pérez,2023,5.0
26134,1113,859,213,40,10.0,9.0,9,9,2.0,62,1,0,2023,15,15,Singapore Grand Prix,2023-09-17,12:00:00,lawson,30,LAW,Liam,Lawson,2002-02-11,New Zealander,alphatauri,AlphaTauri,Italian,Liam Lawson,2023,1.0
26135,1113,825,210,20,6.0,10.0,10,10,1.0,62,1,0,2023,15,15,Singapore Grand Prix,2023-09-17,12:00:00,kevin_magnussen,20,MAG,Kevin,Magnussen,1992-10-05,Danish,haas,Haas F1 Team,American,Kevin Magnussen,2023,-4.0
26136,1113,848,3,23,14.0,11.0,11,11,0.0,62,1,0,2023,15,15,Singapore Grand Prix,2023-09-17,12:00:00,albon,23,ALB,Alexander,Albon,1996-03-23,Thai,williams,Williams,British,Alexander Albon,2023,3.0
26137,1113,855,51,24,0.0,12.0,12,12,0.0,62,1,0,2023,15,15,Singapore Grand Prix,2023-09-17,12:00:00,zhou,24,ZHO,Guanyu,Zhou,1999-05-30,Chinese,alfa,Alfa Romeo,Swiss,Guanyu Zhou,2023,-12.0
26138,1113,807,210,27,9.0,13.0,13,13,0.0,62,1,0,2023,15,15,Singapore Grand Prix,2023-09-17,12:00:00,hulkenberg,27,HUL,Nico,Hülkenberg,1987-08-19,German,haas,Haas F1 Team,American,Nico Hülkenberg,2023,-4.0
26139,1113,858,3,2,18.0,14.0,14,14,0.0,62,1,0,2023,15,15,Singapore Grand Prix,2023-09-17,12:00:00,sargeant,2,SAR,Logan,Sargeant,2000-12-31,American,williams,Williams,British,Logan Sargeant,2023,4.0
26140,1113,4,117,14,7.0,15.0,15,15,0.0,62,1,0,2023,15,15,Singapore Grand Prix,2023-09-17,12:00:00,alonso,14,ALO,Fernando,Alonso,1981-07-29,Spanish,aston_martin,Aston Martin,British,Fernando Alonso,2023,-8.0
26141,1113,847,131,63,2.0,16.0,16,16,0.0,61,3,0,2023,15,15,Singapore Grand Prix,2023-09-17,12:00:00,russell,63,RUS,George,Russell,1998-02-15,British,mercedes,Mercedes,German,George Russell,2023,-14.0
26142,1113,822,51,77,16.0,0.0,R,17,0.0,51,39,1,2023,15,15,Singapore Grand Prix,2023-09-17,12:00:00,bottas,77,BOT,Valtteri,Bottas,1989-08-28,Finnish,alfa,Alfa Romeo,Swiss,Valtteri Bottas,2023,16.0
26143,1113,839,214,31,8.0,0.0,R,18,0.0,42,6,1,2023,15,15,Singapore Grand Prix,2023-09-17,12:00:00,ocon,31,OCO,Esteban,Ocon,1996-09-17,French,alpine,Alpine F1 Team,French,Esteban Ocon,2023,8.0
26144,1113,852,213,22,15.0,0.0,R,19,0.0,0,4,1,2023,15,15,Singapore Grand Prix,2023-09-17,12:00:00,tsunoda,22,TSU,Yuki,Tsunoda,2000-05-11,Japanese,alphatauri,AlphaTauri,Italian,Yuki Tsunoda,2023,15.0
26145,1113,840,117,18,0.0,0.0,W,20,0.0,0,54,1,2023,15,15,Singapore Grand Prix,2023-09-17,12:00:00,stroll,18,STR,Lance,Stroll,1998-10-29,Canadian,aston_martin,Aston Martin,British,Lance Stroll,2023,0.0
26146,1114,830,9,1,1.0,1.0,1,1,26.0,53,1,0,2023,16,22,Japanese Grand Prix,2023-09-24,05:00:00,max_verstappen,33,VER,Max,Verstappen,1997-09-30,Dutch,red_bull,Red Bull,Austrian,Max Verstappen,2023,0.0
26147,1114,846,1,4,3.0,2.0,2,2,18.0,53,1,0,2023,16,22,Japanese Grand Prix,2023-09-24,05:00:00,norris,4,NOR,Lando,Norris,1999-11-13,British,mclaren,McLaren,British,Lando Norris,2023,1.0
26148,1114,857,1,81,2.0,3.0,3,3,15.0,53,1,0,2023,16,22,Japanese Grand Prix,2023-09-24,05:00:00,piastri,81,PIA,Oscar,Piastri,2001-04-06,Australian,mclaren,McLaren,British,Oscar Piastri,2023,-1.0
26149,1114,844,6,16,4.0,4.0,4,4,12.0,53,1,0,2023,16,22,Japanese Grand Prix,2023-09-24,05:00:00,leclerc,16,LEC,Charles,Leclerc,1997-10-16,Monegasque,ferrari,Ferrari,Italian,Charles Leclerc,2023,0.0
26150,1114,1,131,44,7.0,5.0,5,5,10.0,53,1,0,2023,16,22,Japanese Grand Prix,2023-09-24,05:00:00,hamilton,44,HAM,Lewis,Hamilton,1985-01-07,British,mercedes,Mercedes,German,Lewis Hamilton,2023,2.0
26151,1114,832,6,55,6.0,6.0,6,6,8.0,53,1,0,2023,16,22,Japanese Grand Prix,2023-09-24,05:00:00,sainz,55,SAI,Carlos,Sainz,1994-09-01,Spanish,ferrari,Ferrari,Italian,Carlos Sainz,2023,0.0
26152,1114,847,131,63,8.0,7.0,7,7,6.0,53,1,0,2023,16,22,Japanese Grand Prix,2023-09-24,05:00:00,russell,63,RUS,George,Russell,1998-02-15,British,mercedes,Mercedes,German,George Russell,2023,1.0
26153,1114,4,117,14,10.0,8.0,8,8,4.0,53,1,0,2023,16,22,Japanese Grand Prix,2023-09-24,05:00:00,alonso,14,ALO,Fernando,Alonso,1981-07-29,Spanish,aston_martin,Aston Martin,British,Fernando Alonso,2023,2.0
26154,1114,839,214,31,14.0,9.0,9,9,2.0,53,1,0,2023,16,22,Japanese Grand Prix,2023-09-24,05:00:00,ocon,31,OCO,Esteban,Ocon,1996-09-17,French,alpine,Alpine F1 Team,French,Esteban Ocon,2023,5.0
26155,1114,842,214,10,12.0,10.0,10,10,1.0,53,1,0,2023,16,22,Japanese Grand Prix,2023-09-24,05:00:00,gasly,10,GAS,Pierre,Gasly,1996-02-07,French,alpine,Alpine F1 Team,French,Pierre Gasly,2023,2.0
26156,1114,859,213,40,11.0,11.0,11,11,0.0,52,11,0,2023,16,22,Japanese Grand Prix,2023-09-24,05:00:00,lawson,30,LAW,Liam,Lawson,2002-02-11,New Zealander,alphatauri,AlphaTauri,Italian,Liam Lawson,2023,0.0
26157,1114,852,213,22,9.0,12.0,12,12,0.0,52,11,0,2023,16,22,Japanese Grand Prix,2023-09-24,05:00:00,tsunoda,22,TSU,Yuki,Tsunoda,2000-05-11,Japanese,alphatauri,AlphaTauri,Italian,Yuki Tsunoda,2023,-3.0
26158,1114,855,51,24,19.0,13.0,13,13,0.0,52,11,0,2023,16,22,Japanese Grand Prix,2023-09-24,05:00:00,zhou,24,ZHO,Guanyu,Zhou,1999-05-30,Chinese,alfa,Alfa Romeo,Swiss,Guanyu Zhou,2023,6.0
26159,1114,807,210,27,18.0,14.0,14,14,0.0,52,11,0,2023,16,22,Japanese Grand Prix,2023-09-24,05:00:00,hulkenberg,27,HUL,Nico,Hülkenberg,1987-08-19,German,haas,Haas F1 Team,American,Nico Hülkenberg,2023,4.0
26160,1114,825,210,20,15.0,15.0,15,15,0.0,52,11,0,2023,16,22,Japanese Grand Prix,2023-09-24,05:00:00,kevin_magnussen,20,MAG,Kevin,Magnussen,1992-10-05,Danish,haas,Haas F1 Team,American,Kevin Magnussen,2023,0.0
26161,1114,848,3,23,13.0,0.0,R,16,0.0,26,130,1,2023,16,22,Japanese Grand Prix,2023-09-24,05:00:00,albon,23,ALB,Alexander,Albon,1996-03-23,Thai,williams,Williams,British,Alexander Albon,2023,13.0
26162,1114,858,3,2,0.0,0.0,R,17,0.0,22,130,1,2023,16,22,Japanese Grand Prix,2023-09-24,05:00:00,sargeant,2,SAR,Logan,Sargeant,2000-12-31,American,williams,Williams,British,Logan Sargeant,2023,0.0
26163,1114,840,117,18,17.0,0.0,R,18,0.0,20,65,1,2023,16,22,Japanese Grand Prix,2023-09-24,05:00:00,stroll,18,STR,Lance,Stroll,1998-10-29,Canadian,aston_martin,Aston Martin,British,Lance Stroll,2023,17.0
26164,1114,815,9,11,5.0,0.0,R,19,0.0,15,130,1,2023,16,22,Japanese Grand Prix,2023-09-24,05:00:00,perez,11,PER,Sergio,Pérez,1990-01-26,Mexican,red_bull,Red Bull,Austrian,Sergio Pérez,2023,5.0
26165,1114,822,51,77,16.0,0.0,R,20,0.0,7,130,1,2023,16,22,Japanese Grand Prix,2023-09-24,05:00:00,bottas,77,BOT,Valtteri,Bottas,1989-08-28,Finnish,alfa,Alfa Romeo,Swiss,Valtteri Bottas,2023,16.0
26166,1115,830,9,1,1.0,1.0,1,1,26.0,57,1,0,2023,17,78,Qatar Grand Prix,2023-10-08,17:00:00,max_verstappen,33,VER,Max,Verstappen,1997-09-30,Dutch,red_bull,Red Bull,Austrian,Max Verstappen,2023,0.0
26167,1115,857,1,81,6.0,2.0,2,2,18.0,57,1,0,2023,17,78,Qatar Grand Prix,2023-10-08,17:00:00,piastri,81,PIA,Oscar,Piastri,2001-04-06,Australian,mclaren,McLaren,British,Oscar Piastri,2023,4.0
26168,1115,846,1,4,10.0,3.0,3,3,15.0,57,1,0,2023,17,78,Qatar Grand Prix,2023-10-08,17:00:00,norris,4,NOR,Lando,Norris,1999-11-13,British,mclaren,McLaren,British,Lando Norris,2023,7.0
26169,1115,847,131,63,2.0,4.0,4,4,12.0,57,1,0,2023,17,78,Qatar Grand Prix,2023-10-08,17:00:00,russell,63,RUS,George,Russell,1998-02-15,British,mercedes,Mercedes,German,George Russell,2023,-2.0
26170,1115,844,6,16,5.0,5.0,5,5,10.0,57,1,0,2023,17,78,Qatar Grand Prix,2023-10-08,17:00:00,leclerc,16,LEC,Charles,Leclerc,1997-10-16,Monegasque,ferrari,Ferrari,Italian,Charles Leclerc,2023,0.0
26171,1115,4,117,14,4.0,6.0,6,6,8.0,57,1,0,2023,17,78,Qatar Grand Prix,2023-10-08,17:00:00,alonso,14,ALO,Fernando,Alonso,1981-07-29,Spanish,aston_martin,Aston Martin,British,Fernando Alonso,2023,-2.0
26172,1115,839,214,31,8.0,7.0,7,7,6.0,57,1,0,2023,17,78,Qatar Grand Prix,2023-10-08,17:00:00,ocon,31,OCO,Esteban,Ocon,1996-09-17,French,alpine,Alpine F1 Team,French,Esteban Ocon,2023,1.0
26173,1115,822,51,77,9.0,8.0,8,8,4.0,57,1,0,2023,17,78,Qatar Grand Prix,2023-10-08,17:00:00,bottas,77,BOT,Valtteri,Bottas,1989-08-28,Finnish,alfa,Alfa Romeo,Swiss,Valtteri Bottas,2023,1.0
26174,1115,855,51,24,19.0,9.0,9,9,2.0,57,1,0,2023,17,78,Qatar Grand Prix,2023-10-08,17:00:00,zhou,24,ZHO,Guanyu,Zhou,1999-05-30,Chinese,alfa,Alfa Romeo,Swiss,Guanyu Zhou,2023,10.0
26175,1115,815,9,11,0.0,10.0,10,10,1.0,57,1,0,2023,17,78,Qatar Grand Prix,2023-10-08,17:00:00,perez,11,PER,Sergio,Pérez,1990-01-26,Mexican,red_bull,Red Bull,Austrian,Sergio Pérez,2023,-10.0
26176,1115,840,117,18,16.0,11.0,11,11,0.0,57,1,0,2023,17,78,Qatar Grand Prix,2023-10-08,17:00:00,stroll,18,STR,Lance,Stroll,1998-10-29,Canadian,aston_martin,Aston Martin,British,Lance Stroll,2023,5.0
26177,1115,842,214,10,7.0,12.0,12,12,0.0,57,1,0,2023,17,78,Qatar Grand Prix,2023-10-08,17:00:00,gasly,10,GAS,Pierre,Gasly,1996-02-07,French,alpine,Alpine F1 Team,French,Pierre Gasly,2023,-5.0
26178,1115,848,3,23,13.0,13.0,13,13,0.0,57,1,0,2023,17,78,Qatar Grand Prix,2023-10-08,17:00:00,albon,23,ALB,Alexander,Albon,1996-03-23,Thai,williams,Williams,British,Alexander Albon,2023,0.0
26179,1115,825,210,20,18.0,14.0,14,14,0.0,56,11,0,2023,17,78,Qatar Grand Prix,2023-10-08,17:00:00,kevin_magnussen,20,MAG,Kevin,Magnussen,1992-10-05,Danish,haas,Haas F1 Team,American,Kevin Magnussen,2023,4.0
26180,1115,852,213,22,11.0,15.0,15,15,0.0,56,11,0,2023,17,78,Qatar Grand Prix,2023-10-08,17:00:00,tsunoda,22,TSU,Yuki,Tsunoda,2000-05-11,Japanese,alphatauri,AlphaTauri,Italian,Yuki Tsunoda,2023,-4.0
26181,1115,807,210,27,14.0,16.0,16,16,0.0,56,11,0,2023,17,78,Qatar Grand Prix,2023-10-08,17:00:00,hulkenberg,27,HUL,Nico,Hülkenberg,1987-08-19,German,haas,Haas F1 Team,American,Nico Hülkenberg,2023,-2.0
26182,1115,859,213,40,17.0,17.0,17,17,0.0,56,11,0,2023,17,78,Qatar Grand Prix,2023-10-08,17:00:00,lawson,30,LAW,Liam,Lawson,2002-02-11,New Zealander,alphatauri,AlphaTauri,Italian,Liam Lawson,2023,0.0
26183,1115,858,3,2,15.0,0.0,R,18,0.0,40,139,1,2023,17,78,Qatar Grand Prix,2023-10-08,17:00:00,sargeant,2,SAR,Logan,Sargeant,2000-12-31,American,williams,Williams,British,Logan Sargeant,2023,15.0
26184,1115,1,131,44,3.0,0.0,R,19,0.0,0,4,1,2023,17,78,Qatar Grand Prix,2023-10-08,17:00:00,hamilton,44,HAM,Lewis,Hamilton,1985-01-07,British,mercedes,Mercedes,German,Lewis Hamilton,2023,3.0
26185,1115,832,6,55,12.0,0.0,W,20,0.0,0,95,1,2023,17,78,Qatar Grand Prix,2023-10-08,17:00:00,sainz,55,SAI,Carlos,Sainz,1994-09-01,Spanish,ferrari,Ferrari,Italian,Carlos Sainz,2023,12.0
26186,1116,830,9,1,6.0,1.0,1,1,25.0,56,1,0,2023,18,69,United States Grand Prix,2023-10-22,19:00:00,max_verstappen,33,VER,Max,Verstappen,1997-09-30,Dutch,red_bull,Red Bull,Austrian,Max Verstappen,2023,5.0
26187,1116,846,1,4,2.0,2.0,2,2,18.0,56,1,0,2023,18,69,United States Grand Prix,2023-10-22,19:00:00,norris,4,NOR,Lando,Norris,1999-11-13,British,mclaren,McLaren,British,Lando Norris,2023,0.0
26188,1116,832,6,55,4.0,3.0,3,3,15.0,56,1,0,2023,18,69,United States Grand Prix,2023-10-22,19:00:00,sainz,55,SAI,Carlos,Sainz,1994-09-01,Spanish,ferrari,Ferrari,Italian,Carlos Sainz,2023,1.0
26189,1116,815,9,11,9.0,4.0,4,4,12.0,56,1,0,2023,18,69,United States Grand Prix,2023-10-22,19:00:00,perez,11,PER,Sergio,Pérez,1990-01-26,Mexican,red_bull,Red Bull,Austrian,Sergio Pérez,2023,5.0
26190,1116,847,131,63,5.0,5.0,5,5,10.0,56,1,0,2023,18,69,United States Grand Prix,2023-10-22,19:00:00,russell,63,RUS,George,Russell,1998-02-15,British,mercedes,Mercedes,German,George Russell,2023,0.0
26191,1116,842,214,10,7.0,6.0,6,6,8.0,56,1,0,2023,18,69,United States Grand Prix,2023-10-22,19:00:00,gasly,10,GAS,Pierre,Gasly,1996-02-07,French,alpine,Alpine F1 Team,French,Pierre Gasly,2023,1.0
26192,1116,840,117,18,0.0,7.0,7,7,6.0,56,1,0,2023,18,69,United States Grand Prix,2023-10-22,19:00:00,stroll,18,STR,Lance,Stroll,1998-10-29,Canadian,aston_martin,Aston Martin,British,Lance Stroll,2023,-7.0
26193,1116,852,213,22,11.0,8.0,8,8,5.0,56,1,0,2023,18,69,United States Grand Prix,2023-10-22,19:00:00,tsunoda,22,TSU,Yuki,Tsunoda,2000-05-11,Japanese,alphatauri,AlphaTauri,Italian,Yuki Tsunoda,2023,3.0
26194,1116,848,3,23,15.0,9.0,9,9,2.0,56,1,0,2023,18,69,United States Grand Prix,2023-10-22,19:00:00,albon,23,ALB,Alexander,Albon,1996-03-23,Thai,williams,Williams,British,Alexander Albon,2023,6.0
26195,1116,858,3,2,16.0,10.0,10,10,1.0,56,1,0,2023,18,69,United States Grand Prix,2023-10-22,19:00:00,sargeant,2,SAR,Logan,Sargeant,2000-12-31,American,williams,Williams,British,Logan Sargeant,2023,6.0
26196,1116,807,210,27,0.0,11.0,11,11,0.0,56,1,0,2023,18,69,United States Grand Prix,2023-10-22,19:00:00,hulkenberg,27,HUL,Nico,Hülkenberg,1987-08-19,German,haas,Haas F1 Team,American,Nico Hülkenberg,2023,-11.0
26197,1116,822,51,77,13.0,12.0,12,12,0.0,56,1,0,2023,18,69,United States Grand Prix,2023-10-22,19:00:00,bottas,77,BOT,Valtteri,Bottas,1989-08-28,Finnish,alfa,Alfa Romeo,Swiss,Valtteri Bottas,2023,1.0
26198,1116,855,51,24,12.0,13.0,13,13,0.0,55,11,0,2023,18,69,United States Grand Prix,2023-10-22,19:00:00,zhou,24,ZHO,Guanyu,Zhou,1999-05-30,Chinese,alfa,Alfa Romeo,Swiss,Guanyu Zhou,2023,-1.0
26199,1116,825,210,20,0.0,14.0,14,14,0.0,55,11,0,2023,18,69,United States Grand Prix,2023-10-22,19:00:00,kevin_magnussen,20,MAG,Kevin,Magnussen,1992-10-05,Danish,haas,Haas F1 Team,American,Kevin Magnussen,2023,-14.0
26200,1116,817,213,3,14.0,15.0,15,15,0.0,55,11,0,2023,18,69,United States Grand Prix,2023-10-22,19:00:00,ricciardo,3,RIC,Daniel,Ricciardo,1989-07-01,Australian,alphatauri,AlphaTauri,Italian,Daniel Ricciardo,2023,-1.0
26201,1116,4,117,14,0.0,0.0,R,16,0.0,49,140,1,2023,18,69,United States Grand Prix,2023-10-22,19:00:00,alonso,14,ALO,Fernando,Alonso,1981-07-29,Spanish,aston_martin,Aston Martin,British,Fernando Alonso,2023,0.0
26202,1116,857,1,81,10.0,0.0,R,17,0.0,10,21,1,2023,18,69,United States Grand Prix,2023-10-22,19:00:00,piastri,81,PIA,Oscar,Piastri,2001-04-06,Australian,mclaren,McLaren,British,Oscar Piastri,2023,10.0
26203,1116,839,214,31,8.0,0.0,R,18,0.0,6,130,1,2023,18,69,United States Grand Prix,2023-10-22,19:00:00,ocon,31,OCO,Esteban,Ocon,1996-09-17,French,alpine,Alpine F1 Team,French,Esteban Ocon,2023,8.0
26204,1116,1,131,44,3.0,0.0,D,19,0.0,56,2,1,2023,18,69,United States Grand Prix,2023-10-22,19:00:00,hamilton,44,HAM,Lewis,Hamilton,1985-01-07,British,mercedes,Mercedes,German,Lewis Hamilton,2023,3.0
26205,1116,844,6,16,1.0,0.0,D,20,0.0,56,2,1,2023,18,69,United States Grand Prix,2023-10-22,19:00:00,leclerc,16,LEC,Charles,Leclerc,1997-10-16,Monegasque,ferrari,Ferrari,Italian,Charles Leclerc,2023,1.0
26206,1117,830,9,1,3.0,1.0,1,1,25.0,71,1,0,2023,19,32,Mexico City Grand Prix,2023-10-29,20:00:00,max_verstappen,33,VER,Max,Verstappen,1997-09-30,Dutch,red_bull,Red Bull,Austrian,Max Verstappen,2023,2.0
26207,1117,1,131,44,6.0,2.0,2,2,19.0,71,1,0,2023,19,32,Mexico City Grand Prix,2023-10-29,20:00:00,hamilton,44,HAM,Lewis,Hamilton,1985-01-07,British,mercedes,Mercedes,German,Lewis Hamilton,2023,4.0
26208,1117,844,6,16,1.0,3.0,3,3,15.0,71,1,0,2023,19,32,Mexico City Grand Prix,2023-10-29,20:00:00,leclerc,16,LEC,Charles,Leclerc,1997-10-16,Monegasque,ferrari,Ferrari,Italian,Charles Leclerc,2023,-2.0
26209,1117,832,6,55,2.0,4.0,4,4,12.0,71,1,0,2023,19,32,Mexico City Grand Prix,2023-10-29,20:00:00,sainz,55,SAI,Carlos,Sainz,1994-09-01,Spanish,ferrari,Ferrari,Italian,Carlos Sainz,2023,-2.0
26210,1117,846,1,4,17.0,5.0,5,5,10.0,71,1,0,2023,19,32,Mexico City Grand Prix,2023-10-29,20:00:00,norris,4,NOR,Lando,Norris,1999-11-13,British,mclaren,McLaren,British,Lando Norris,2023,12.0
26211,1117,847,131,63,8.0,6.0,6,6,8.0,71,1,0,2023,19,32,Mexico City Grand Prix,2023-10-29,20:00:00,russell,63,RUS,George,Russell,1998-02-15,British,mercedes,Mercedes,German,George Russell,2023,2.0
26212,1117,817,213,3,4.0,7.0,7,7,6.0,71,1,0,2023,19,32,Mexico City Grand Prix,2023-10-29,20:00:00,ricciardo,3,RIC,Daniel,Ricciardo,1989-07-01,Australian,alphatauri,AlphaTauri,Italian,Daniel Ricciardo,2023,-3.0
26213,1117,857,1,81,7.0,8.0,8,8,4.0,71,1,0,2023,19,32,Mexico City Grand Prix,2023-10-29,20:00:00,piastri,81,PIA,Oscar,Piastri,2001-04-06,Australian,mclaren,McLaren,British,Oscar Piastri,2023,-1.0
26214,1117,848,3,23,14.0,9.0,9,9,2.0,71,1,0,2023,19,32,Mexico City Grand Prix,2023-10-29,20:00:00,albon,23,ALB,Alexander,Albon,1996-03-23,Thai,williams,Williams,British,Alexander Albon,2023,5.0
26215,1117,839,214,31,15.0,10.0,10,10,1.0,71,1,0,2023,19,32,Mexico City Grand Prix,2023-10-29,20:00:00,ocon,31,OCO,Esteban,Ocon,1996-09-17,French,alpine,Alpine F1 Team,French,Esteban Ocon,2023,5.0
26216,1117,842,214,10,11.0,11.0,11,11,0.0,71,1,0,2023,19,32,Mexico City Grand Prix,2023-10-29,20:00:00,gasly,10,GAS,Pierre,Gasly,1996-02-07,French,alpine,Alpine F1 Team,French,Pierre Gasly,2023,0.0
26217,1117,852,213,22,18.0,12.0,12,12,0.0,71,1,0,2023,19,32,Mexico City Grand Prix,2023-10-29,20:00:00,tsunoda,22,TSU,Yuki,Tsunoda,2000-05-11,Japanese,alphatauri,AlphaTauri,Italian,Yuki Tsunoda,2023,6.0
26218,1117,807,210,27,12.0,13.0,13,13,0.0,71,1,0,2023,19,32,Mexico City Grand Prix,2023-10-29,20:00:00,hulkenberg,27,HUL,Nico,Hülkenberg,1987-08-19,German,haas,Haas F1 Team,American,Nico Hülkenberg,2023,-1.0
26219,1117,855,51,24,10.0,14.0,14,14,0.0,71,1,0,2023,19,32,Mexico City Grand Prix,2023-10-29,20:00:00,zhou,24,ZHO,Guanyu,Zhou,1999-05-30,Chinese,alfa,Alfa Romeo,Swiss,Guanyu Zhou,2023,-4.0
26220,1117,822,51,77,9.0,15.0,15,15,0.0,71,1,0,2023,19,32,Mexico City Grand Prix,2023-10-29,20:00:00,bottas,77,BOT,Valtteri,Bottas,1989-08-28,Finnish,alfa,Alfa Romeo,Swiss,Valtteri Bottas,2023,-6.0
26221,1117,858,3,2,19.0,16.0,16,16,0.0,70,31,0,2023,19,32,Mexico City Grand Prix,2023-10-29,20:00:00,sargeant,2,SAR,Logan,Sargeant,2000-12-31,American,williams,Williams,British,Logan Sargeant,2023,3.0
26222,1117,840,117,18,0.0,17.0,17,17,0.0,66,130,0,2023,19,32,Mexico City Grand Prix,2023-10-29,20:00:00,stroll,18,STR,Lance,Stroll,1998-10-29,Canadian,aston_martin,Aston Martin,British,Lance Stroll,2023,-17.0
26223,1117,4,117,14,13.0,0.0,R,18,0.0,47,54,1,2023,19,32,Mexico City Grand Prix,2023-10-29,20:00:00,alonso,14,ALO,Fernando,Alonso,1981-07-29,Spanish,aston_martin,Aston Martin,British,Fernando Alonso,2023,13.0
26224,1117,825,210,20,16.0,0.0,R,19,0.0,31,3,1,2023,19,32,Mexico City Grand Prix,2023-10-29,20:00:00,kevin_magnussen,20,MAG,Kevin,Magnussen,1992-10-05,Danish,haas,Haas F1 Team,American,Kevin Magnussen,2023,16.0
26225,1117,815,9,11,5.0,0.0,R,20,0.0,1,130,1,2023,19,32,Mexico City Grand Prix,2023-10-29,20:00:00,perez,11,PER,Sergio,Pérez,1990-01-26,Mexican,red_bull,Red Bull,Austrian,Sergio Pérez,2023,5.0
26226,1118,830,9,1,1.0,1.0,1,1,25.0,71,1,0,2023,20,18,São Paulo Grand Prix,2023-11-05,17:00:00,max_verstappen,33,VER,Max,Verstappen,1997-09-30,Dutch,red_bull,Red Bull,Austrian,Max Verstappen,2023,0.0
26227,1118,846,1,4,6.0,2.0,2,2,19.0,71,1,0,2023,20,18,São Paulo Grand Prix,2023-11-05,17:00:00,norris,4,NOR,Lando,Norris,1999-11-13,British,mclaren,McLaren,British,Lando Norris,2023,4.0
26228,1118,4,117,14,4.0,3.0,3,3,15.0,71,1,0,2023,20,18,São Paulo Grand Prix,2023-11-05,17:00:00,alonso,14,ALO,Fernando,Alonso,1981-07-29,Spanish,aston_martin,Aston Martin,British,Fernando Alonso,2023,1.0
26229,1118,815,9,11,9.0,4.0,4,4,12.0,71,1,0,2023,20,18,São Paulo Grand Prix,2023-11-05,17:00:00,perez,11,PER,Sergio,Pérez,1990-01-26,Mexican,red_bull,Red Bull,Austrian,Sergio Pérez,2023,5.0
26230,1118,840,117,18,3.0,5.0,5,5,10.0,71,1,0,2023,20,18,São Paulo Grand Prix,2023-11-05,17:00:00,stroll,18,STR,Lance,Stroll,1998-10-29,Canadian,aston_martin,Aston Martin,British,Lance Stroll,2023,-2.0
26231,1118,832,6,55,7.0,6.0,6,6,8.0,71,1,0,2023,20,18,São Paulo Grand Prix,2023-11-05,17:00:00,sainz,55,SAI,Carlos,Sainz,1994-09-01,Spanish,ferrari,Ferrari,Italian,Carlos Sainz,2023,1.0
26232,1118,842,214,10,15.0,7.0,7,7,6.0,71,1,0,2023,20,18,São Paulo Grand Prix,2023-11-05,17:00:00,gasly,10,GAS,Pierre,Gasly,1996-02-07,French,alpine,Alpine F1 Team,French,Pierre Gasly,2023,8.0
26233,1118,1,131,44,5.0,8.0,8,8,4.0,71,1,0,2023,20,18,São Paulo Grand Prix,2023-11-05,17:00:00,hamilton,44,HAM,Lewis,Hamilton,1985-01-07,British,mercedes,Mercedes,German,Lewis Hamilton,2023,-3.0
26234,1118,852,213,22,16.0,9.0,9,9,2.0,71,1,0,2023,20,18,São Paulo Grand Prix,2023-11-05,17:00:00,tsunoda,22,TSU,Yuki,Tsunoda,2000-05-11,Japanese,alphatauri,AlphaTauri,Italian,Yuki Tsunoda,2023,7.0
26235,1118,839,214,31,14.0,10.0,10,10,1.0,70,11,0,2023,20,18,São Paulo Grand Prix,2023-11-05,17:00:00,ocon,31,OCO,Esteban,Ocon,1996-09-17,French,alpine,Alpine F1 Team,French,Esteban Ocon,2023,4.0
26236,1118,858,3,2,19.0,11.0,11,11,0.0,70,11,0,2023,20,18,São Paulo Grand Prix,2023-11-05,17:00:00,sargeant,2,SAR,Logan,Sargeant,2000-12-31,American,williams,Williams,British,Logan Sargeant,2023,8.0
26237,1118,807,210,27,11.0,12.0,12,12,0.0,70,11,0,2023,20,18,São Paulo Grand Prix,2023-11-05,17:00:00,hulkenberg,27,HUL,Nico,Hülkenberg,1987-08-19,German,haas,Haas F1 Team,American,Nico Hülkenberg,2023,-1.0
26238,1118,817,213,3,17.0,13.0,13,13,0.0,70,11,0,2023,20,18,São Paulo Grand Prix,2023-11-05,17:00:00,ricciardo,3,RIC,Daniel,Ricciardo,1989-07-01,Australian,alphatauri,AlphaTauri,Italian,Daniel Ricciardo,2023,4.0
26239,1118,857,1,81,10.0,14.0,14,14,0.0,69,12,0,2023,20,18,São Paulo Grand Prix,2023-11-05,17:00:00,piastri,81,PIA,Oscar,Piastri,2001-04-06,Australian,mclaren,McLaren,British,Oscar Piastri,2023,-4.0
26240,1118,847,131,63,8.0,0.0,R,15,0.0,57,25,1,2023,20,18,São Paulo Grand Prix,2023-11-05,17:00:00,russell,63,RUS,George,Russell,1998-02-15,British,mercedes,Mercedes,German,George Russell,2023,8.0
26241,1118,822,51,77,18.0,0.0,R,16,0.0,39,5,1,2023,20,18,São Paulo Grand Prix,2023-11-05,17:00:00,bottas,77,BOT,Valtteri,Bottas,1989-08-28,Finnish,alfa,Alfa Romeo,Swiss,Valtteri Bottas,2023,18.0
26242,1118,855,51,24,20.0,0.0,R,17,0.0,22,5,1,2023,20,18,São Paulo Grand Prix,2023-11-05,17:00:00,zhou,24,ZHO,Guanyu,Zhou,1999-05-30,Chinese,alfa,Alfa Romeo,Swiss,Guanyu Zhou,2023,20.0
26243,1118,825,210,20,12.0,0.0,R,18,0.0,0,4,1,2023,20,18,São Paulo Grand Prix,2023-11-05,17:00:00,kevin_magnussen,20,MAG,Kevin,Magnussen,1992-10-05,Danish,haas,Haas F1 Team,American,Kevin Magnussen,2023,12.0
26244,1118,848,3,23,13.0,0.0,R,19,0.0,0,4,1,2023,20,18,São Paulo Grand Prix,2023-11-05,17:00:00,albon,23,ALB,Alexander,Albon,1996-03-23,Thai,williams,Williams,British,Alexander Albon,2023,13.0
26245,1118,844,6,16,0.0,0.0,W,20,0.0,0,5,1,2023,20,18,São Paulo Grand Prix,2023-11-05,17:00:00,leclerc,16,LEC,Charles,Leclerc,1997-10-16,Monegasque,ferrari,Ferrari,Italian,Charles Leclerc,2023,0.0
26246,1119,830,9,1,2.0,1.0,1,1,25.0,50,1,0,2023,21,80,Las Vegas Grand Prix,2023-11-19,06:00:00,max_verstappen,33,VER,Max,Verstappen,1997-09-30,Dutch,red_bull,Red Bull,Austrian,Max Verstappen,2023,1.0
26247,1119,844,6,16,1.0,2.0,2,2,18.0,50,1,0,2023,21,80,Las Vegas Grand Prix,2023-11-19,06:00:00,leclerc,16,LEC,Charles,Leclerc,1997-10-16,Monegasque,ferrari,Ferrari,Italian,Charles Leclerc,2023,-1.0
26248,1119,815,9,11,11.0,3.0,3,3,15.0,50,1,0,2023,21,80,Las Vegas Grand Prix,2023-11-19,06:00:00,perez,11,PER,Sergio,Pérez,1990-01-26,Mexican,red_bull,Red Bull,Austrian,Sergio Pérez,2023,8.0
26249,1119,839,214,31,16.0,4.0,4,4,12.0,50,1,0,2023,21,80,Las Vegas Grand Prix,2023-11-19,06:00:00,ocon,31,OCO,Esteban,Ocon,1996-09-17,French,alpine,Alpine F1 Team,French,Esteban Ocon,2023,12.0
26250,1119,840,117,18,19.0,5.0,5,5,10.0,50,1,0,2023,21,80,Las Vegas Grand Prix,2023-11-19,06:00:00,stroll,18,STR,Lance,Stroll,1998-10-29,Canadian,aston_martin,Aston Martin,British,Lance Stroll,2023,14.0
26251,1119,832,6,55,12.0,6.0,6,6,8.0,50,1,0,2023,21,80,Las Vegas Grand Prix,2023-11-19,06:00:00,sainz,55,SAI,Carlos,Sainz,1994-09-01,Spanish,ferrari,Ferrari,Italian,Carlos Sainz,2023,6.0
26252,1119,1,131,44,10.0,7.0,7,7,6.0,50,1,0,2023,21,80,Las Vegas Grand Prix,2023-11-19,06:00:00,hamilton,44,HAM,Lewis,Hamilton,1985-01-07,British,mercedes,Mercedes,German,Lewis Hamilton,2023,3.0
26253,1119,847,131,63,3.0,8.0,8,8,4.0,50,1,0,2023,21,80,Las Vegas Grand Prix,2023-11-19,06:00:00,russell,63,RUS,George,Russell,1998-02-15,British,mercedes,Mercedes,German,George Russell,2023,-5.0
26254,1119,4,117,14,9.0,9.0,9,9,2.0,50,1,0,2023,21,80,Las Vegas Grand Prix,2023-11-19,06:00:00,alonso,14,ALO,Fernando,Alonso,1981-07-29,Spanish,aston_martin,Aston Martin,British,Fernando Alonso,2023,0.0
26255,1119,857,1,81,18.0,10.0,10,10,2.0,50,1,0,2023,21,80,Las Vegas Grand Prix,2023-11-19,06:00:00,piastri,81,PIA,Oscar,Piastri,2001-04-06,Australian,mclaren,McLaren,British,Oscar Piastri,2023,8.0
26256,1119,842,214,10,4.0,11.0,11,11,0.0,50,1,0,2023,21,80,Las Vegas Grand Prix,2023-11-19,06:00:00,gasly,10,GAS,Pierre,Gasly,1996-02-07,French,alpine,Alpine F1 Team,French,Pierre Gasly,2023,-7.0
26257,1119,848,3,23,5.0,12.0,12,12,0.0,50,1,0,2023,21,80,Las Vegas Grand Prix,2023-11-19,06:00:00,albon,23,ALB,Alexander,Albon,1996-03-23,Thai,williams,Williams,British,Alexander Albon,2023,-7.0
26258,1119,825,210,20,8.0,13.0,13,13,0.0,50,1,0,2023,21,80,Las Vegas Grand Prix,2023-11-19,06:00:00,kevin_magnussen,20,MAG,Kevin,Magnussen,1992-10-05,Danish,haas,Haas F1 Team,American,Kevin Magnussen,2023,-5.0
26259,1119,817,213,3,14.0,14.0,14,14,0.0,50,1,0,2023,21,80,Las Vegas Grand Prix,2023-11-19,06:00:00,ricciardo,3,RIC,Daniel,Ricciardo,1989-07-01,Australian,alphatauri,AlphaTauri,Italian,Daniel Ricciardo,2023,0.0
26260,1119,855,51,24,17.0,15.0,15,15,0.0,50,1,0,2023,21,80,Las Vegas Grand Prix,2023-11-19,06:00:00,zhou,24,ZHO,Guanyu,Zhou,1999-05-30,Chinese,alfa,Alfa Romeo,Swiss,Guanyu Zhou,2023,2.0
26261,1119,858,3,2,6.0,16.0,16,16,0.0,50,1,0,2023,21,80,Las Vegas Grand Prix,2023-11-19,06:00:00,sargeant,2,SAR,Logan,Sargeant,2000-12-31,American,williams,Williams,British,Logan Sargeant,2023,-10.0
26262,1119,822,51,77,7.0,17.0,17,17,0.0,50,1,0,2023,21,80,Las Vegas Grand Prix,2023-11-19,06:00:00,bottas,77,BOT,Valtteri,Bottas,1989-08-28,Finnish,alfa,Alfa Romeo,Swiss,Valtteri Bottas,2023,-10.0
26263,1119,852,213,22,20.0,18.0,18,18,0.0,46,6,0,2023,21,80,Las Vegas Grand Prix,2023-11-19,06:00:00,tsunoda,22,TSU,Yuki,Tsunoda,2000-05-11,Japanese,alphatauri,AlphaTauri,Italian,Yuki Tsunoda,2023,2.0
26264,1119,807,210,27,13.0,19.0,19,19,0.0,45,5,0,2023,21,80,Las Vegas Grand Prix,2023-11-19,06:00:00,hulkenberg,27,HUL,Nico,Hülkenberg,1987-08-19,German,haas,Haas F1 Team,American,Nico Hülkenberg,2023,-6.0
26265,1119,846,1,4,15.0,0.0,R,20,0.0,2,3,1,2023,21,80,Las Vegas Grand Prix,2023-11-19,06:00:00,norris,4,NOR,Lando,Norris,1999-11-13,British,mclaren,McLaren,British,Lando Norris,2023,15.0
26266,1120,830,9,1,1.0,1.0,1,1,26.0,58,1,0,2023,22,24,Abu Dhabi Grand Prix,2023-11-26,13:00:00,max_verstappen,33,VER,Max,Verstappen,1997-09-30,Dutch,red_bull,Red Bull,Austrian,Max Verstappen,2023,0.0
26267,1120,844,6,16,2.0,2.0,2,2,18.0,58,1,0,2023,22,24,Abu Dhabi Grand Prix,2023-11-26,13:00:00,leclerc,16,LEC,Charles,Leclerc,1997-10-16,Monegasque,ferrari,Ferrari,Italian,Charles Leclerc,2023,0.0
26268,1120,847,131,63,4.0,3.0,3,3,15.0,58,1,0,2023,22,24,Abu Dhabi Grand Prix,2023-11-26,13:00:00,russell,63,RUS,George,Russell,1998-02-15,British,mercedes,Mercedes,German,George Russell,2023,1.0
26269,1120,815,9,11,9.0,4.0,4,4,12.0,58,1,0,2023,22,24,Abu Dhabi Grand Prix,2023-11-26,13:00:00,perez,11,PER,Sergio,Pérez,1990-01-26,Mexican,red_bull,Red Bull,Austrian,Sergio Pérez,2023,5.0
26270,1120,846,1,4,5.0,5.0,5,5,10.0,58,1,0,2023,22,24,Abu Dhabi Grand Prix,2023-11-26,13:00:00,norris,4,NOR,Lando,Norris,1999-11-13,British,mclaren,McLaren,British,Lando Norris,2023,0.0
26271,1120,857,1,81,3.0,6.0,6,6,8.0,58,1,0,2023,22,24,Abu Dhabi Grand Prix,2023-11-26,13:00:00,piastri,81,PIA,Oscar,Piastri,2001-04-06,Australian,mclaren,McLaren,British,Oscar Piastri,2023,-3.0
26272,1120,4,117,14,7.0,7.0,7,7,6.0,58,1,0,2023,22,24,Abu Dhabi Grand Prix,2023-11-26,13:00:00,alonso,14,ALO,Fernando,Alonso,1981-07-29,Spanish,aston_martin,Aston Martin,British,Fernando Alonso,2023,0.0
26273,1120,852,213,22,6.0,8.0,8,8,4.0,58,1,0,2023,22,24,Abu Dhabi Grand Prix,2023-11-26,13:00:00,tsunoda,22,TSU,Yuki,Tsunoda,2000-05-11,Japanese,alphatauri,AlphaTauri,Italian,Yuki Tsunoda,2023,-2.0
26274,1120,1,131,44,11.0,9.0,9,9,2.0,58,1,0,2023,22,24,Abu Dhabi Grand Prix,2023-11-26,13:00:00,hamilton,44,HAM,Lewis,Hamilton,1985-01-07,British,mercedes,Mercedes,German,Lewis Hamilton,2023,2.0
26275,1120,840,117,18,13.0,10.0,10,10,1.0,58,1,0,2023,22,24,Abu Dhabi Grand Prix,2023-11-26,13:00:00,stroll,18,STR,Lance,Stroll,1998-10-29,Canadian,aston_martin,Aston Martin,British,Lance Stroll,2023,3.0
26276,1120,817,213,3,15.0,11.0,11,11,0.0,58,1,0,2023,22,24,Abu Dhabi Grand Prix,2023-11-26,13:00:00,ricciardo,3,RIC,Daniel,Ricciardo,1989-07-01,Australian,alphatauri,AlphaTauri,Italian,Daniel Ricciardo,2023,4.0
26277,1120,839,214,31,12.0,12.0,12,12,0.0,58,1,0,2023,22,24,Abu Dhabi Grand Prix,2023-11-26,13:00:00,ocon,31,OCO,Esteban,Ocon,1996-09-17,French,alpine,Alpine F1 Team,French,Esteban Ocon,2023,0.0
26278,1120,842,214,10,10.0,13.0,13,13,0.0,58,1,0,2023,22,24,Abu Dhabi Grand Prix,2023-11-26,13:00:00,gasly,10,GAS,Pierre,Gasly,1996-02-07,French,alpine,Alpine F1 Team,French,Pierre Gasly,2023,-3.0
26279,1120,848,3,23,14.0,14.0,14,14,0.0,58,1,0,2023,22,24,Abu Dhabi Grand Prix,2023-11-26,13:00:00,albon,23,ALB,Alexander,Albon,1996-03-23,Thai,williams,Williams,British,Alexander Albon,2023,0.0
26280,1120,807,210,27,8.0,15.0,15,15,0.0,58,1,0,2023,22,24,Abu Dhabi Grand Prix,2023-11-26,13:00:00,hulkenberg,27,HUL,Nico,Hülkenberg,1987-08-19,German,haas,Haas F1 Team,American,Nico Hülkenberg,2023,-7.0
26281,1120,858,3,2,20.0,16.0,16,16,0.0,58,1,0,2023,22,24,Abu Dhabi Grand Prix,2023-11-26,13:00:00,sargeant,2,SAR,Logan,Sargeant,2000-12-31,American,williams,Williams,British,Logan Sargeant,2023,4.0
26282,1120,855,51,24,19.0,17.0,17,17,0.0,58,1,0,2023,22,24,Abu Dhabi Grand Prix,2023-11-26,13:00:00,zhou,24,ZHO,Guanyu,Zhou,1999-05-30,Chinese,alfa,Alfa Romeo,Swiss,Guanyu Zhou,2023,2.0
26283,1120,832,6,55,16.0,18.0,18,18,0.0,57,31,0,2023,22,24,Abu Dhabi Grand Prix,2023-11-26,13:00:00,sainz,55,SAI,Carlos,Sainz,1994-09-01,Spanish,ferrari,Ferrari,Italian,Carlos Sainz,2023,-2.0
26284,1120,822,51,77,18.0,19.0,19,19,0.0,57,11,0,2023,22,24,Abu Dhabi Grand Prix,2023-11-26,13:00:00,bottas,77,BOT,Valtteri,Bottas,1989-08-28,Finnish,alfa,Alfa Romeo,Swiss,Valtteri Bottas,2023,-1.0
26285,1120,825,210,20,17.0,20.0,20,20,0.0,57,11,0,2023,22,24,Abu Dhabi Grand Prix,2023-11-26,13:00:00,kevin_magnussen,20,MAG,Kevin,Magnussen,1992-10-05,Danish,haas,Haas F1 Team,American,Kevin Magnussen,2023,-3.0
26286,1121,830,9,1,1.0,1.0,1,1,26.0,57,1,0,2024,1,3,Bahrain Grand Prix,2024-03-02,15:00:00,max_verstappen,33,VER,Max,Verstappen,1997-09-30,Dutch,red_bull,Red Bull,Austrian,Max Verstappen,2024,0.0
26287,1121,815,9,11,5.0,2.0,2,2,18.0,57,1,0,2024,1,3,Bahrain Grand Prix,2024-03-02,15:00:00,perez,11,PER,Sergio,Pérez,1990-01-26,Mexican,red_bull,Red Bull,Austrian,Sergio Pérez,2024,3.0
26288,1121,832,6,55,4.0,3.0,3,3,15.0,57,1,0,2024,1,3,Bahrain Grand Prix,2024-03-02,15:00:00,sainz,55,SAI,Carlos,Sainz,1994-09-01,Spanish,ferrari,Ferrari,Italian,Carlos Sainz,2024,1.0
26289,1121,844,6,16,2.0,4.0,4,4,12.0,57,1,0,2024,1,3,Bahrain Grand Prix,2024-03-02,15:00:00,leclerc,16,LEC,Charles,Leclerc,1997-10-16,Monegasque,ferrari,Ferrari,Italian,Charles Leclerc,2024,-2.0
26290,1121,847,131,63,3.0,5.0,5,5,10.0,57,1,0,2024,1,3,Bahrain Grand Prix,2024-03-02,15:00:00,russell,63,RUS,George,Russell,1998-02-15,British,mercedes,Mercedes,German,George Russell,2024,-2.0
26291,1121,846,1,4,7.0,6.0,6,6,8.0,57,1,0,2024,1,3,Bahrain Grand Prix,2024-03-02,15:00:00,norris,4,NOR,Lando,Norris,1999-11-13,British,mclaren,McLaren,British,Lando Norris,2024,1.0
26292,1121,1,131,44,9.0,7.0,7,7,6.0,57,1,0,2024,1,3,Bahrain Grand Prix,2024-03-02,15:00:00,hamilton,44,HAM,Lewis,Hamilton,1985-01-07,British,mercedes,Mercedes,German,Lewis Hamilton,2024,2.0
26293,1121,857,1,81,8.0,8.0,8,8,4.0,57,1,0,2024,1,3,Bahrain Grand Prix,2024-03-02,15:00:00,piastri,81,PIA,Oscar,Piastri,2001-04-06,Australian,mclaren,McLaren,British,Oscar Piastri,2024,0.0
26294,1121,4,117,14,6.0,9.0,9,9,2.0,57,1,0,2024,1,3,Bahrain Grand Prix,2024-03-02,15:00:00,alonso,14,ALO,Fernando,Alonso,1981-07-29,Spanish,aston_martin,Aston Martin,British,Fernando Alonso,2024,-3.0
26295,1121,840,117,18,12.0,10.0,10,10,1.0,57,1,0,2024,1,3,Bahrain Grand Prix,2024-03-02,15:00:00,stroll,18,STR,Lance,Stroll,1998-10-29,Canadian,aston_martin,Aston Martin,British,Lance Stroll,2024,2.0
26296,1121,855,15,24,17.0,11.0,11,11,0.0,56,11,0,2024,1,3,Bahrain Grand Prix,2024-03-02,15:00:00,zhou,24,ZHO,Guanyu,Zhou,1999-05-30,Chinese,sauber,Sauber,Swiss,Guanyu Zhou,2024,6.0
26297,1121,825,210,20,15.0,12.0,12,12,0.0,56,11,0,2024,1,3,Bahrain Grand Prix,2024-03-02,15:00:00,kevin_magnussen,20,MAG,Kevin,Magnussen,1992-10-05,Danish,haas,Haas F1 Team,American,Kevin Magnussen,2024,3.0
26298,1121,817,215,3,14.0,13.0,13,13,0.0,56,11,0,2024,1,3,Bahrain Grand Prix,2024-03-02,15:00:00,ricciardo,3,RIC,Daniel,Ricciardo,1989-07-01,Australian,rb,RB F1 Team,Italian,Daniel Ricciardo,2024,1.0
26299,1121,852,215,22,11.0,14.0,14,14,0.0,56,11,0,2024,1,3,Bahrain Grand Prix,2024-03-02,15:00:00,tsunoda,22,TSU,Yuki,Tsunoda,2000-05-11,Japanese,rb,RB F1 Team,Italian,Yuki Tsunoda,2024,-3.0
26300,1121,848,3,23,13.0,15.0,15,15,0.0,56,11,0,2024,1,3,Bahrain Grand Prix,2024-03-02,15:00:00,albon,23,ALB,Alexander,Albon,1996-03-23,Thai,williams,Williams,British,Alexander Albon,2024,-2.0
26301,1121,807,210,27,10.0,16.0,16,16,0.0,56,11,0,2024,1,3,Bahrain Grand Prix,2024-03-02,15:00:00,hulkenberg,27,HUL,Nico,Hülkenberg,1987-08-19,German,haas,Haas F1 Team,American,Nico Hülkenberg,2024,-6.0
26302,1121,839,214,31,19.0,17.0,17,17,0.0,56,11,0,2024,1,3,Bahrain Grand Prix,2024-03-02,15:00:00,ocon,31,OCO,Esteban,Ocon,1996-09-17,French,alpine,Alpine F1 Team,French,Esteban Ocon,2024,2.0
26303,1121,842,214,10,20.0,18.0,18,18,0.0,56,11,0,2024,1,3,Bahrain Grand Prix,2024-03-02,15:00:00,gasly,10,GAS,Pierre,Gasly,1996-02-07,French,alpine,Alpine F1 Team,French,Pierre Gasly,2024,2.0
26304,1121,822,15,77,16.0,19.0,19,19,0.0,56,11,0,2024,1,3,Bahrain Grand Prix,2024-03-02,15:00:00,bottas,77,BOT,Valtteri,Bottas,1989-08-28,Finnish,sauber,Sauber,Swiss,Valtteri Bottas,2024,-3.0
26305,1121,858,3,2,18.0,20.0,20,20,0.0,55,12,0,2024,1,3,Bahrain Grand Prix,2024-03-02,15:00:00,sargeant,2,SAR,Logan,Sargeant,2000-12-31,American,williams,Williams,British,Logan Sargeant,2024,-2.0
26306,1122,830,9,1,1.0,1.0,1,1,25.0,50,1,0,2024,2,77,Saudi Arabian Grand Prix,2024-03-09,17:00:00,max_verstappen,33,VER,Max,Verstappen,1997-09-30,Dutch,red_bull,Red Bull,Austrian,Max Verstappen,2024,0.0
26307,1122,815,9,11,3.0,2.0,2,2,18.0,50,1,0,2024,2,77,Saudi Arabian Grand Prix,2024-03-09,17:00:00,perez,11,PER,Sergio,Pérez,1990-01-26,Mexican,red_bull,Red Bull,Austrian,Sergio Pérez,2024,1.0
26308,1122,844,6,16,2.0,3.0,3,3,16.0,50,1,0,2024,2,77,Saudi Arabian Grand Prix,2024-03-09,17:00:00,leclerc,16,LEC,Charles,Leclerc,1997-10-16,Monegasque,ferrari,Ferrari,Italian,Charles Leclerc,2024,-1.0
26309,1122,857,1,81,5.0,4.0,4,4,12.0,50,1,0,2024,2,77,Saudi Arabian Grand Prix,2024-03-09,17:00:00,piastri,81,PIA,Oscar,Piastri,2001-04-06,Australian,mclaren,McLaren,British,Oscar Piastri,2024,1.0
26310,1122,4,117,14,4.0,5.0,5,5,10.0,50,1,0,2024,2,77,Saudi Arabian Grand Prix,2024-03-09,17:00:00,alonso,14,ALO,Fernando,Alonso,1981-07-29,Spanish,aston_martin,Aston Martin,British,Fernando Alonso,2024,-1.0
26311,1122,847,131,63,7.0,6.0,6,6,8.0,50,1,0,2024,2,77,Saudi Arabian Grand Prix,2024-03-09,17:00:00,russell,63,RUS,George,Russell,1998-02-15,British,mercedes,Mercedes,German,George Russell,2024,1.0
26312,1122,860,6,38,11.0,7.0,7,7,6.0,50,1,0,2024,2,77,Saudi Arabian Grand Prix,2024-03-09,17:00:00,bearman,38,BEA,Oliver,Bearman,2005-05-08,British,ferrari,Ferrari,Italian,Oliver Bearman,2024,4.0
26313,1122,846,1,4,6.0,8.0,8,8,4.0,50,1,0,2024,2,77,Saudi Arabian Grand Prix,2024-03-09,17:00:00,norris,4,NOR,Lando,Norris,1999-11-13,British,mclaren,McLaren,British,Lando Norris,2024,-2.0
26314,1122,1,131,44,8.0,9.0,9,9,2.0,50,1,0,2024,2,77,Saudi Arabian Grand Prix,2024-03-09,17:00:00,hamilton,44,HAM,Lewis,Hamilton,1985-01-07,British,mercedes,Mercedes,German,Lewis Hamilton,2024,-1.0
26315,1122,807,210,27,15.0,10.0,10,10,1.0,50,1,0,2024,2,77,Saudi Arabian Grand Prix,2024-03-09,17:00:00,hulkenberg,27,HUL,Nico,Hülkenberg,1987-08-19,German,haas,Haas F1 Team,American,Nico Hülkenberg,2024,5.0
26316,1122,848,3,23,12.0,11.0,11,11,0.0,50,1,0,2024,2,77,Saudi Arabian Grand Prix,2024-03-09,17:00:00,albon,23,ALB,Alexander,Albon,1996-03-23,Thai,williams,Williams,British,Alexander Albon,2024,1.0
26317,1122,825,210,20,13.0,12.0,12,12,0.0,50,1,0,2024,2,77,Saudi Arabian Grand Prix,2024-03-09,17:00:00,kevin_magnussen,20,MAG,Kevin,Magnussen,1992-10-05,Danish,haas,Haas F1 Team,American,Kevin Magnussen,2024,1.0
26318,1122,839,214,31,17.0,13.0,13,13,0.0,49,11,0,2024,2,77,Saudi Arabian Grand Prix,2024-03-09,17:00:00,ocon,31,OCO,Esteban,Ocon,1996-09-17,French,alpine,Alpine F1 Team,French,Esteban Ocon,2024,4.0
26319,1122,858,3,2,19.0,14.0,14,14,0.0,49,11,0,2024,2,77,Saudi Arabian Grand Prix,2024-03-09,17:00:00,sargeant,2,SAR,Logan,Sargeant,2000-12-31,American,williams,Williams,British,Logan Sargeant,2024,5.0
26320,1122,852,215,22,9.0,15.0,15,15,0.0,49,11,0,2024,2,77,Saudi Arabian Grand Prix,2024-03-09,17:00:00,tsunoda,22,TSU,Yuki,Tsunoda,2000-05-11,Japanese,rb,RB F1 Team,Italian,Yuki Tsunoda,2024,-6.0
26321,1122,817,215,3,14.0,16.0,16,16,0.0,49,11,0,2024,2,77,Saudi Arabian Grand Prix,2024-03-09,17:00:00,ricciardo,3,RIC,Daniel,Ricciardo,1989-07-01,Australian,rb,RB F1 Team,Italian,Daniel Ricciardo,2024,-2.0
26322,1122,822,15,77,16.0,17.0,17,17,0.0,49,11,0,2024,2,77,Saudi Arabian Grand Prix,2024-03-09,17:00:00,bottas,77,BOT,Valtteri,Bottas,1989-08-28,Finnish,sauber,Sauber,Swiss,Valtteri Bottas,2024,-1.0
26323,1122,855,15,24,20.0,18.0,18,18,0.0,49,11,0,2024,2,77,Saudi Arabian Grand Prix,2024-03-09,17:00:00,zhou,24,ZHO,Guanyu,Zhou,1999-05-30,Chinese,sauber,Sauber,Swiss,Guanyu Zhou,2024,2.0
26324,1122,840,117,18,10.0,0.0,R,19,0.0,5,3,1,2024,2,77,Saudi Arabian Grand Prix,2024-03-09,17:00:00,stroll,18,STR,Lance,Stroll,1998-10-29,Canadian,aston_martin,Aston Martin,British,Lance Stroll,2024,10.0
26325,1122,842,214,10,18.0,0.0,R,20,0.0,1,6,1,2024,2,77,Saudi Arabian Grand Prix,2024-03-09,17:00:00,gasly,10,GAS,Pierre,Gasly,1996-02-07,French,alpine,Alpine F1 Team,French,Pierre Gasly,2024,18.0
26326,1123,832,6,55,2.0,1.0,1,1,25.0,58,1,0,2024,3,1,Australian Grand Prix,2024-03-24,04:00:00,sainz,55,SAI,Carlos,Sainz,1994-09-01,Spanish,ferrari,Ferrari,Italian,Carlos Sainz,2024,1.0
26327,1123,844,6,16,4.0,2.0,2,2,19.0,58,1,0,2024,3,1,Australian Grand Prix,2024-03-24,04:00:00,leclerc,16,LEC,Charles,Leclerc,1997-10-16,Monegasque,ferrari,Ferrari,Italian,Charles Leclerc,2024,2.0
26328,1123,846,1,4,3.0,3.0,3,3,15.0,58,1,0,2024,3,1,Australian Grand Prix,2024-03-24,04:00:00,norris,4,NOR,Lando,Norris,1999-11-13,British,mclaren,McLaren,British,Lando Norris,2024,0.0
26329,1123,857,1,81,5.0,4.0,4,4,12.0,58,1,0,2024,3,1,Australian Grand Prix,2024-03-24,04:00:00,piastri,81,PIA,Oscar,Piastri,2001-04-06,Australian,mclaren,McLaren,British,Oscar Piastri,2024,1.0
26330,1123,815,9,11,6.0,5.0,5,5,10.0,58,1,0,2024,3,1,Australian Grand Prix,2024-03-24,04:00:00,perez,11,PER,Sergio,Pérez,1990-01-26,Mexican,red_bull,Red Bull,Austrian,Sergio Pérez,2024,1.0
26331,1123,840,117,18,9.0,6.0,6,6,8.0,58,1,0,2024,3,1,Australian Grand Prix,2024-03-24,04:00:00,stroll,18,STR,Lance,Stroll,1998-10-29,Canadian,aston_martin,Aston Martin,British,Lance Stroll,2024,3.0
26332,1123,852,215,22,8.0,7.0,7,7,6.0,58,1,0,2024,3,1,Australian Grand Prix,2024-03-24,04:00:00,tsunoda,22,TSU,Yuki,Tsunoda,2000-05-11,Japanese,rb,RB F1 Team,Italian,Yuki Tsunoda,2024,1.0
26333,1123,4,117,14,10.0,8.0,8,8,4.0,58,1,0,2024,3,1,Australian Grand Prix,2024-03-24,04:00:00,alonso,14,ALO,Fernando,Alonso,1981-07-29,Spanish,aston_martin,Aston Martin,British,Fernando Alonso,2024,2.0
26334,1123,807,210,27,16.0,9.0,9,9,2.0,58,1,0,2024,3,1,Australian Grand Prix,2024-03-24,04:00:00,hulkenberg,27,HUL,Nico,Hülkenberg,1987-08-19,German,haas,Haas F1 Team,American,Nico Hülkenberg,2024,7.0
26335,1123,825,210,20,14.0,10.0,10,10,1.0,57,11,0,2024,3,1,Australian Grand Prix,2024-03-24,04:00:00,kevin_magnussen,20,MAG,Kevin,Magnussen,1992-10-05,Danish,haas,Haas F1 Team,American,Kevin Magnussen,2024,4.0
26336,1123,848,3,23,12.0,11.0,11,11,0.0,57,11,0,2024,3,1,Australian Grand Prix,2024-03-24,04:00:00,albon,23,ALB,Alexander,Albon,1996-03-23,Thai,williams,Williams,British,Alexander Albon,2024,1.0
26337,1123,817,215,3,18.0,12.0,12,12,0.0,57,11,0,2024,3,1,Australian Grand Prix,2024-03-24,04:00:00,ricciardo,3,RIC,Daniel,Ricciardo,1989-07-01,Australian,rb,RB F1 Team,Italian,Daniel Ricciardo,2024,6.0
26338,1123,842,214,10,17.0,13.0,13,13,0.0,57,11,0,2024,3,1,Australian Grand Prix,2024-03-24,04:00:00,gasly,10,GAS,Pierre,Gasly,1996-02-07,French,alpine,Alpine F1 Team,French,Pierre Gasly,2024,4.0
26339,1123,822,15,77,13.0,14.0,14,14,0.0,57,11,0,2024,3,1,Australian Grand Prix,2024-03-24,04:00:00,bottas,77,BOT,Valtteri,Bottas,1989-08-28,Finnish,sauber,Sauber,Swiss,Valtteri Bottas,2024,-1.0
26340,1123,855,15,24,19.0,15.0,15,15,0.0,57,11,0,2024,3,1,Australian Grand Prix,2024-03-24,04:00:00,zhou,24,ZHO,Guanyu,Zhou,1999-05-30,Chinese,sauber,Sauber,Swiss,Guanyu Zhou,2024,4.0
26341,1123,839,214,31,15.0,16.0,16,16,0.0,57,11,0,2024,3,1,Australian Grand Prix,2024-03-24,04:00:00,ocon,31,OCO,Esteban,Ocon,1996-09-17,French,alpine,Alpine F1 Team,French,Esteban Ocon,2024,-1.0
26342,1123,847,131,63,7.0,17.0,17,17,0.0,56,3,0,2024,3,1,Australian Grand Prix,2024-03-24,04:00:00,russell,63,RUS,George,Russell,1998-02-15,British,mercedes,Mercedes,German,George Russell,2024,-10.0
26343,1123,1,131,44,11.0,0.0,R,18,0.0,15,5,1,2024,3,1,Australian Grand Prix,2024-03-24,04:00:00,hamilton,44,HAM,Lewis,Hamilton,1985-01-07,British,mercedes,Mercedes,German,Lewis Hamilton,2024,11.0
26344,1123,830,9,1,1.0,0.0,R,19,0.0,3,23,1,2024,3,1,Australian Grand Prix,2024-03-24,04:00:00,max_verstappen,33,VER,Max,Verstappen,1997-09-30,Dutch,red_bull,Red Bull,Austrian,Max Verstappen,2024,1.0
26345,1124,830,9,1,1.0,1.0,1,1,26.0,53,1,0,2024,4,22,Japanese Grand Prix,2024-04-07,05:00:00,max_verstappen,33,VER,Max,Verstappen,1997-09-30,Dutch,red_bull,Red Bull,Austrian,Max Verstappen,2024,0.0
26346,1124,815,9,11,2.0,2.0,2,2,18.0,53,1,0,2024,4,22,Japanese Grand Prix,2024-04-07,05:00:00,perez,11,PER,Sergio,Pérez,1990-01-26,Mexican,red_bull,Red Bull,Austrian,Sergio Pérez,2024,0.0
26347,1124,832,6,55,4.0,3.0,3,3,15.0,53,1,0,2024,4,22,Japanese Grand Prix,2024-04-07,05:00:00,sainz,55,SAI,Carlos,Sainz,1994-09-01,Spanish,ferrari,Ferrari,Italian,Carlos Sainz,2024,1.0
26348,1124,844,6,16,8.0,4.0,4,4,12.0,53,1,0,2024,4,22,Japanese Grand Prix,2024-04-07,05:00:00,leclerc,16,LEC,Charles,Leclerc,1997-10-16,Monegasque,ferrari,Ferrari,Italian,Charles Leclerc,2024,4.0
26349,1124,846,1,4,3.0,5.0,5,5,10.0,53,1,0,2024,4,22,Japanese Grand Prix,2024-04-07,05:00:00,norris,4,NOR,Lando,Norris,1999-11-13,British,mclaren,McLaren,British,Lando Norris,2024,-2.0
26350,1124,4,117,14,5.0,6.0,6,6,8.0,53,1,0,2024,4,22,Japanese Grand Prix,2024-04-07,05:00:00,alonso,14,ALO,Fernando,Alonso,1981-07-29,Spanish,aston_martin,Aston Martin,British,Fernando Alonso,2024,-1.0
26351,1124,847,131,63,9.0,7.0,7,7,6.0,53,1,0,2024,4,22,Japanese Grand Prix,2024-04-07,05:00:00,russell,63,RUS,George,Russell,1998-02-15,British,mercedes,Mercedes,German,George Russell,2024,2.0
26352,1124,857,1,81,6.0,8.0,8,8,4.0,53,1,0,2024,4,22,Japanese Grand Prix,2024-04-07,05:00:00,piastri,81,PIA,Oscar,Piastri,2001-04-06,Australian,mclaren,McLaren,British,Oscar Piastri,2024,-2.0
26353,1124,1,131,44,7.0,9.0,9,9,2.0,53,1,0,2024,4,22,Japanese Grand Prix,2024-04-07,05:00:00,hamilton,44,HAM,Lewis,Hamilton,1985-01-07,British,mercedes,Mercedes,German,Lewis Hamilton,2024,-2.0
26354,1124,852,215,22,10.0,10.0,10,10,1.0,52,11,0,2024,4,22,Japanese Grand Prix,2024-04-07,05:00:00,tsunoda,22,TSU,Yuki,Tsunoda,2000-05-11,Japanese,rb,RB F1 Team,Italian,Yuki Tsunoda,2024,0.0
26355,1124,807,210,27,12.0,11.0,11,11,0.0,52,11,0,2024,4,22,Japanese Grand Prix,2024-04-07,05:00:00,hulkenberg,27,HUL,Nico,Hülkenberg,1987-08-19,German,haas,Haas F1 Team,American,Nico Hülkenberg,2024,1.0
26356,1124,840,117,18,16.0,12.0,12,12,0.0,52,11,0,2024,4,22,Japanese Grand Prix,2024-04-07,05:00:00,stroll,18,STR,Lance,Stroll,1998-10-29,Canadian,aston_martin,Aston Martin,British,Lance Stroll,2024,4.0
26357,1124,825,210,20,18.0,13.0,13,13,0.0,52,11,0,2024,4,22,Japanese Grand Prix,2024-04-07,05:00:00,kevin_magnussen,20,MAG,Kevin,Magnussen,1992-10-05,Danish,haas,Haas F1 Team,American,Kevin Magnussen,2024,5.0
26358,1124,822,15,77,13.0,14.0,14,14,0.0,52,11,0,2024,4,22,Japanese Grand Prix,2024-04-07,05:00:00,bottas,77,BOT,Valtteri,Bottas,1989-08-28,Finnish,sauber,Sauber,Swiss,Valtteri Bottas,2024,-1.0
26359,1124,839,214,31,15.0,15.0,15,15,0.0,52,11,0,2024,4,22,Japanese Grand Prix,2024-04-07,05:00:00,ocon,31,OCO,Esteban,Ocon,1996-09-17,French,alpine,Alpine F1 Team,French,Esteban Ocon,2024,0.0
26360,1124,842,214,10,17.0,16.0,16,16,0.0,52,11,0,2024,4,22,Japanese Grand Prix,2024-04-07,05:00:00,gasly,10,GAS,Pierre,Gasly,1996-02-07,French,alpine,Alpine F1 Team,French,Pierre Gasly,2024,1.0
26361,1124,858,3,2,19.0,17.0,17,17,0.0,52,11,0,2024,4,22,Japanese Grand Prix,2024-04-07,05:00:00,sargeant,2,SAR,Logan,Sargeant,2000-12-31,American,williams,Williams,British,Logan Sargeant,2024,2.0
26362,1124,855,15,24,20.0,0.0,R,18,0.0,12,6,1,2024,4,22,Japanese Grand Prix,2024-04-07,05:00:00,zhou,24,ZHO,Guanyu,Zhou,1999-05-30,Chinese,sauber,Sauber,Swiss,Guanyu Zhou,2024,20.0
26363,1124,817,215,3,11.0,0.0,R,19,0.0,0,3,1,2024,4,22,Japanese Grand Prix,2024-04-07,05:00:00,ricciardo,3,RIC,Daniel,Ricciardo,1989-07-01,Australian,rb,RB F1 Team,Italian,Daniel Ricciardo,2024,11.0
26364,1124,848,3,23,14.0,0.0,R,20,0.0,0,3,1,2024,4,22,Japanese Grand Prix,2024-04-07,05:00:00,albon,23,ALB,Alexander,Albon,1996-03-23,Thai,williams,Williams,British,Alexander Albon,2024,14.0
26365,1125,830,9,1,1.0,1.0,1,1,25.0,56,1,0,2024,5,17,Chinese Grand Prix,2024-04-21,07:00:00,max_verstappen,33,VER,Max,Verstappen,1997-09-30,Dutch,red_bull,Red Bull,Austrian,Max Verstappen,2024,0.0
26366,1125,846,1,4,4.0,2.0,2,2,18.0,56,1,0,2024,5,17,Chinese Grand Prix,2024-04-21,07:00:00,norris,4,NOR,Lando,Norris,1999-11-13,British,mclaren,McLaren,British,Lando Norris,2024,2.0
26367,1125,815,9,11,2.0,3.0,3,3,15.0,56,1,0,2024,5,17,Chinese Grand Prix,2024-04-21,07:00:00,perez,11,PER,Sergio,Pérez,1990-01-26,Mexican,red_bull,Red Bull,Austrian,Sergio Pérez,2024,-1.0
26368,1125,844,6,16,6.0,4.0,4,4,12.0,56,1,0,2024,5,17,Chinese Grand Prix,2024-04-21,07:00:00,leclerc,16,LEC,Charles,Leclerc,1997-10-16,Monegasque,ferrari,Ferrari,Italian,Charles Leclerc,2024,2.0
26369,1125,832,6,55,7.0,5.0,5,5,10.0,56,1,0,2024,5,17,Chinese Grand Prix,2024-04-21,07:00:00,sainz,55,SAI,Carlos,Sainz,1994-09-01,Spanish,ferrari,Ferrari,Italian,Carlos Sainz,2024,2.0
26370,1125,847,131,63,8.0,6.0,6,6,8.0,56,1,0,2024,5,17,Chinese Grand Prix,2024-04-21,07:00:00,russell,63,RUS,George,Russell,1998-02-15,British,mercedes,Mercedes,German,George Russell,2024,2.0
26371,1125,4,117,14,3.0,7.0,7,7,7.0,56,1,0,2024,5,17,Chinese Grand Prix,2024-04-21,07:00:00,alonso,14,ALO,Fernando,Alonso,1981-07-29,Spanish,aston_martin,Aston Martin,British,Fernando Alonso,2024,-4.0
26372,1125,857,1,81,5.0,8.0,8,8,4.0,56,1,0,2024,5,17,Chinese Grand Prix,2024-04-21,07:00:00,piastri,81,PIA,Oscar,Piastri,2001-04-06,Australian,mclaren,McLaren,British,Oscar Piastri,2024,-3.0
26373,1125,1,131,44,18.0,9.0,9,9,2.0,56,1,0,2024,5,17,Chinese Grand Prix,2024-04-21,07:00:00,hamilton,44,HAM,Lewis,Hamilton,1985-01-07,British,mercedes,Mercedes,German,Lewis Hamilton,2024,9.0
26374,1125,807,210,27,9.0,10.0,10,10,1.0,56,1,0,2024,5,17,Chinese Grand Prix,2024-04-21,07:00:00,hulkenberg,27,HUL,Nico,Hülkenberg,1987-08-19,German,haas,Haas F1 Team,American,Nico Hülkenberg,2024,-1.0
26375,1125,839,214,31,13.0,11.0,11,11,0.0,56,1,0,2024,5,17,Chinese Grand Prix,2024-04-21,07:00:00,ocon,31,OCO,Esteban,Ocon,1996-09-17,French,alpine,Alpine F1 Team,French,Esteban Ocon,2024,2.0
26376,1125,848,3,23,14.0,12.0,12,12,0.0,56,1,0,2024,5,17,Chinese Grand Prix,2024-04-21,07:00:00,albon,23,ALB,Alexander,Albon,1996-03-23,Thai,williams,Williams,British,Alexander Albon,2024,2.0
26377,1125,842,214,10,15.0,13.0,13,13,0.0,56,1,0,2024,5,17,Chinese Grand Prix,2024-04-21,07:00:00,gasly,10,GAS,Pierre,Gasly,1996-02-07,French,alpine,Alpine F1 Team,French,Pierre Gasly,2024,2.0
26378,1125,855,15,24,16.0,14.0,14,14,0.0,56,1,0,2024,5,17,Chinese Grand Prix,2024-04-21,07:00:00,zhou,24,ZHO,Guanyu,Zhou,1999-05-30,Chinese,sauber,Sauber,Swiss,Guanyu Zhou,2024,2.0
26379,1125,840,117,18,11.0,15.0,15,15,0.0,56,1,0,2024,5,17,Chinese Grand Prix,2024-04-21,07:00:00,stroll,18,STR,Lance,Stroll,1998-10-29,Canadian,aston_martin,Aston Martin,British,Lance Stroll,2024,-4.0
26380,1125,825,210,20,17.0,16.0,16,16,0.0,56,1,0,2024,5,17,Chinese Grand Prix,2024-04-21,07:00:00,kevin_magnussen,20,MAG,Kevin,Magnussen,1992-10-05,Danish,haas,Haas F1 Team,American,Kevin Magnussen,2024,1.0
26381,1125,858,3,2,20.0,17.0,17,17,0.0,56,1,0,2024,5,17,Chinese Grand Prix,2024-04-21,07:00:00,sargeant,2,SAR,Logan,Sargeant,2000-12-31,American,williams,Williams,British,Logan Sargeant,2024,3.0
26382,1125,817,215,3,12.0,0.0,R,18,0.0,33,31,1,2024,5,17,Chinese Grand Prix,2024-04-21,07:00:00,ricciardo,3,RIC,Daniel,Ricciardo,1989-07-01,Australian,rb,RB F1 Team,Italian,Daniel Ricciardo,2024,12.0
26383,1125,852,215,22,19.0,0.0,R,19,0.0,26,31,1,2024,5,17,Chinese Grand Prix,2024-04-21,07:00:00,tsunoda,22,TSU,Yuki,Tsunoda,2000-05-11,Japanese,rb,RB F1 Team,Italian,Yuki Tsunoda,2024,19.0
26384,1125,822,15,77,10.0,0.0,R,20,0.0,19,31,1,2024,5,17,Chinese Grand Prix,2024-04-21,07:00:00,bottas,77,BOT,Valtteri,Bottas,1989-08-28,Finnish,sauber,Sauber,Swiss,Valtteri Bottas,2024,10.0
26385,1126,846,1,4,5.0,1.0,1,1,25.0,57,1,0,2024,6,79,Miami Grand Prix,2024-05-05,20:00:00,norris,4,NOR,Lando,Norris,1999-11-13,British,mclaren,McLaren,British,Lando Norris,2024,4.0
26386,1126,830,9,1,1.0,2.0,2,2,18.0,57,1,0,2024,6,79,Miami Grand Prix,2024-05-05,20:00:00,max_verstappen,33,VER,Max,Verstappen,1997-09-30,Dutch,red_bull,Red Bull,Austrian,Max Verstappen,2024,-1.0
26387,1126,844,6,16,2.0,3.0,3,3,15.0,57,1,0,2024,6,79,Miami Grand Prix,2024-05-05,20:00:00,leclerc,16,LEC,Charles,Leclerc,1997-10-16,Monegasque,ferrari,Ferrari,Italian,Charles Leclerc,2024,-1.0
26388,1126,815,9,11,4.0,4.0,4,4,12.0,57,1,0,2024,6,79,Miami Grand Prix,2024-05-05,20:00:00,perez,11,PER,Sergio,Pérez,1990-01-26,Mexican,red_bull,Red Bull,Austrian,Sergio Pérez,2024,0.0
26389,1126,832,6,55,3.0,5.0,5,5,10.0,57,1,0,2024,6,79,Miami Grand Prix,2024-05-05,20:00:00,sainz,55,SAI,Carlos,Sainz,1994-09-01,Spanish,ferrari,Ferrari,Italian,Carlos Sainz,2024,-2.0
26390,1126,1,131,44,8.0,6.0,6,6,8.0,57,1,0,2024,6,79,Miami Grand Prix,2024-05-05,20:00:00,hamilton,44,HAM,Lewis,Hamilton,1985-01-07,British,mercedes,Mercedes,German,Lewis Hamilton,2024,2.0
26391,1126,852,215,22,10.0,7.0,7,7,6.0,57,1,0,2024,6,79,Miami Grand Prix,2024-05-05,20:00:00,tsunoda,22,TSU,Yuki,Tsunoda,2000-05-11,Japanese,rb,RB F1 Team,Italian,Yuki Tsunoda,2024,3.0
26392,1126,847,131,63,7.0,8.0,8,8,4.0,57,1,0,2024,6,79,Miami Grand Prix,2024-05-05,20:00:00,russell,63,RUS,George,Russell,1998-02-15,British,mercedes,Mercedes,German,George Russell,2024,-1.0
26393,1126,4,117,14,15.0,9.0,9,9,2.0,57,1,0,2024,6,79,Miami Grand Prix,2024-05-05,20:00:00,alonso,14,ALO,Fernando,Alonso,1981-07-29,Spanish,aston_martin,Aston Martin,British,Fernando Alonso,2024,6.0
26394,1126,839,214,31,13.0,10.0,10,10,1.0,57,1,0,2024,6,79,Miami Grand Prix,2024-05-05,20:00:00,ocon,31,OCO,Esteban,Ocon,1996-09-17,French,alpine,Alpine F1 Team,French,Esteban Ocon,2024,3.0
26395,1126,807,210,27,9.0,11.0,11,11,0.0,57,1,0,2024,6,79,Miami Grand Prix,2024-05-05,20:00:00,hulkenberg,27,HUL,Nico,Hülkenberg,1987-08-19,German,haas,Haas F1 Team,American,Nico Hülkenberg,2024,-2.0
26396,1126,842,214,10,12.0,12.0,12,12,0.0,57,1,0,2024,6,79,Miami Grand Prix,2024-05-05,20:00:00,gasly,10,GAS,Pierre,Gasly,1996-02-07,French,alpine,Alpine F1 Team,French,Pierre Gasly,2024,0.0
26397,1126,857,1,81,6.0,13.0,13,13,0.0,57,1,0,2024,6,79,Miami Grand Prix,2024-05-05,20:00:00,piastri,81,PIA,Oscar,Piastri,2001-04-06,Australian,mclaren,McLaren,British,Oscar Piastri,2024,-7.0
26398,1126,855,15,24,19.0,14.0,14,14,0.0,57,1,0,2024,6,79,Miami Grand Prix,2024-05-05,20:00:00,zhou,24,ZHO,Guanyu,Zhou,1999-05-30,Chinese,sauber,Sauber,Swiss,Guanyu Zhou,2024,5.0
26399,1126,817,215,3,20.0,15.0,15,15,0.0,57,1,0,2024,6,79,Miami Grand Prix,2024-05-05,20:00:00,ricciardo,3,RIC,Daniel,Ricciardo,1989-07-01,Australian,rb,RB F1 Team,Italian,Daniel Ricciardo,2024,5.0
26400,1126,822,15,77,16.0,16.0,16,16,0.0,57,1,0,2024,6,79,Miami Grand Prix,2024-05-05,20:00:00,bottas,77,BOT,Valtteri,Bottas,1989-08-28,Finnish,sauber,Sauber,Swiss,Valtteri Bottas,2024,0.0
26401,1126,840,117,18,11.0,17.0,17,17,0.0,57,1,0,2024,6,79,Miami Grand Prix,2024-05-05,20:00:00,stroll,18,STR,Lance,Stroll,1998-10-29,Canadian,aston_martin,Aston Martin,British,Lance Stroll,2024,-6.0
26402,1126,848,3,23,14.0,18.0,18,18,0.0,57,1,0,2024,6,79,Miami Grand Prix,2024-05-05,20:00:00,albon,23,ALB,Alexander,Albon,1996-03-23,Thai,williams,Williams,British,Alexander Albon,2024,-4.0
26403,1126,825,210,20,18.0,19.0,19,19,0.0,57,1,0,2024,6,79,Miami Grand Prix,2024-05-05,20:00:00,kevin_magnussen,20,MAG,Kevin,Magnussen,1992-10-05,Danish,haas,Haas F1 Team,American,Kevin Magnussen,2024,-1.0
26404,1126,858,3,2,17.0,0.0,R,20,0.0,27,4,1,2024,6,79,Miami Grand Prix,2024-05-05,20:00:00,sargeant,2,SAR,Logan,Sargeant,2000-12-31,American,williams,Williams,British,Logan Sargeant,2024,17.0
26405,1127,830,9,1,1.0,1.0,1,1,25.0,63,1,0,2024,7,21,Emilia Romagna Grand Prix,2024-05-19,13:00:00,max_verstappen,33,VER,Max,Verstappen,1997-09-30,Dutch,red_bull,Red Bull,Austrian,Max Verstappen,2024,0.0
26406,1127,846,1,4,2.0,2.0,2,2,18.0,63,1,0,2024,7,21,Emilia Romagna Grand Prix,2024-05-19,13:00:00,norris,4,NOR,Lando,Norris,1999-11-13,British,mclaren,McLaren,British,Lando Norris,2024,0.0
26407,1127,844,6,16,3.0,3.0,3,3,15.0,63,1,0,2024,7,21,Emilia Romagna Grand Prix,2024-05-19,13:00:00,leclerc,16,LEC,Charles,Leclerc,1997-10-16,Monegasque,ferrari,Ferrari,Italian,Charles Leclerc,2024,0.0
26408,1127,857,1,81,5.0,4.0,4,4,12.0,63,1,0,2024,7,21,Emilia Romagna Grand Prix,2024-05-19,13:00:00,piastri,81,PIA,Oscar,Piastri,2001-04-06,Australian,mclaren,McLaren,British,Oscar Piastri,2024,1.0
26409,1127,832,6,55,4.0,5.0,5,5,10.0,63,1,0,2024,7,21,Emilia Romagna Grand Prix,2024-05-19,13:00:00,sainz,55,SAI,Carlos,Sainz,1994-09-01,Spanish,ferrari,Ferrari,Italian,Carlos Sainz,2024,-1.0
26410,1127,1,131,44,8.0,6.0,6,6,8.0,63,1,0,2024,7,21,Emilia Romagna Grand Prix,2024-05-19,13:00:00,hamilton,44,HAM,Lewis,Hamilton,1985-01-07,British,mercedes,Mercedes,German,Lewis Hamilton,2024,2.0
26411,1127,847,131,63,6.0,7.0,7,7,7.0,63,1,0,2024,7,21,Emilia Romagna Grand Prix,2024-05-19,13:00:00,russell,63,RUS,George,Russell,1998-02-15,British,mercedes,Mercedes,German,George Russell,2024,-1.0
26412,1127,815,9,11,11.0,8.0,8,8,4.0,63,1,0,2024,7,21,Emilia Romagna Grand Prix,2024-05-19,13:00:00,perez,11,PER,Sergio,Pérez,1990-01-26,Mexican,red_bull,Red Bull,Austrian,Sergio Pérez,2024,3.0
26413,1127,840,117,18,13.0,9.0,9,9,2.0,63,1,0,2024,7,21,Emilia Romagna Grand Prix,2024-05-19,13:00:00,stroll,18,STR,Lance,Stroll,1998-10-29,Canadian,aston_martin,Aston Martin,British,Lance Stroll,2024,4.0
26414,1127,852,215,22,7.0,10.0,10,10,1.0,62,11,0,2024,7,21,Emilia Romagna Grand Prix,2024-05-19,13:00:00,tsunoda,22,TSU,Yuki,Tsunoda,2000-05-11,Japanese,rb,RB F1 Team,Italian,Yuki Tsunoda,2024,-3.0
26415,1127,807,210,27,10.0,11.0,11,11,0.0,62,11,0,2024,7,21,Emilia Romagna Grand Prix,2024-05-19,13:00:00,hulkenberg,27,HUL,Nico,Hülkenberg,1987-08-19,German,haas,Haas F1 Team,American,Nico Hülkenberg,2024,-1.0
26416,1127,825,210,20,18.0,12.0,12,12,0.0,62,11,0,2024,7,21,Emilia Romagna Grand Prix,2024-05-19,13:00:00,kevin_magnussen,20,MAG,Kevin,Magnussen,1992-10-05,Danish,haas,Haas F1 Team,American,Kevin Magnussen,2024,6.0
26417,1127,817,215,3,9.0,13.0,13,13,0.0,62,11,0,2024,7,21,Emilia Romagna Grand Prix,2024-05-19,13:00:00,ricciardo,3,RIC,Daniel,Ricciardo,1989-07-01,Australian,rb,RB F1 Team,Italian,Daniel Ricciardo,2024,-4.0
26418,1127,839,214,31,12.0,14.0,14,14,0.0,62,11,0,2024,7,21,Emilia Romagna Grand Prix,2024-05-19,13:00:00,ocon,31,OCO,Esteban,Ocon,1996-09-17,French,alpine,Alpine F1 Team,French,Esteban Ocon,2024,-2.0
26419,1127,855,15,24,17.0,15.0,15,15,0.0,62,11,0,2024,7,21,Emilia Romagna Grand Prix,2024-05-19,13:00:00,zhou,24,ZHO,Guanyu,Zhou,1999-05-30,Chinese,sauber,Sauber,Swiss,Guanyu Zhou,2024,2.0
26420,1127,842,214,10,15.0,16.0,16,16,0.0,62,11,0,2024,7,21,Emilia Romagna Grand Prix,2024-05-19,13:00:00,gasly,10,GAS,Pierre,Gasly,1996-02-07,French,alpine,Alpine F1 Team,French,Pierre Gasly,2024,-1.0
26421,1127,858,3,2,19.0,17.0,17,17,0.0,62,11,0,2024,7,21,Emilia Romagna Grand Prix,2024-05-19,13:00:00,sargeant,2,SAR,Logan,Sargeant,2000-12-31,American,williams,Williams,British,Logan Sargeant,2024,2.0
26422,1127,822,15,77,16.0,18.0,18,18,0.0,62,11,0,2024,7,21,Emilia Romagna Grand Prix,2024-05-19,13:00:00,bottas,77,BOT,Valtteri,Bottas,1989-08-28,Finnish,sauber,Sauber,Swiss,Valtteri Bottas,2024,-2.0
26423,1127,4,117,14,20.0,19.0,19,19,0.0,62,11,0,2024,7,21,Emilia Romagna Grand Prix,2024-05-19,13:00:00,alonso,14,ALO,Fernando,Alonso,1981-07-29,Spanish,aston_martin,Aston Martin,British,Fernando Alonso,2024,1.0
26424,1127,848,3,23,14.0,0.0,R,20,0.0,51,31,1,2024,7,21,Emilia Romagna Grand Prix,2024-05-19,13:00:00,albon,23,ALB,Alexander,Albon,1996-03-23,Thai,williams,Williams,British,Alexander Albon,2024,14.0
26425,1128,844,6,16,1.0,1.0,1,1,25.0,78,1,0,2024,8,6,Monaco Grand Prix,2024-05-26,13:00:00,leclerc,16,LEC,Charles,Leclerc,1997-10-16,Monegasque,ferrari,Ferrari,Italian,Charles Leclerc,2024,0.0
26426,1128,857,1,81,2.0,2.0,2,2,18.0,78,1,0,2024,8,6,Monaco Grand Prix,2024-05-26,13:00:00,piastri,81,PIA,Oscar,Piastri,2001-04-06,Australian,mclaren,McLaren,British,Oscar Piastri,2024,0.0
26427,1128,832,6,55,3.0,3.0,3,3,15.0,78,1,0,2024,8,6,Monaco Grand Prix,2024-05-26,13:00:00,sainz,55,SAI,Carlos,Sainz,1994-09-01,Spanish,ferrari,Ferrari,Italian,Carlos Sainz,2024,0.0
26428,1128,846,1,4,4.0,4.0,4,4,12.0,78,1,0,2024,8,6,Monaco Grand Prix,2024-05-26,13:00:00,norris,4,NOR,Lando,Norris,1999-11-13,British,mclaren,McLaren,British,Lando Norris,2024,0.0
26429,1128,847,131,63,5.0,5.0,5,5,10.0,78,1,0,2024,8,6,Monaco Grand Prix,2024-05-26,13:00:00,russell,63,RUS,George,Russell,1998-02-15,British,mercedes,Mercedes,German,George Russell,2024,0.0
26430,1128,830,9,1,6.0,6.0,6,6,8.0,78,1,0,2024,8,6,Monaco Grand Prix,2024-05-26,13:00:00,max_verstappen,33,VER,Max,Verstappen,1997-09-30,Dutch,red_bull,Red Bull,Austrian,Max Verstappen,2024,0.0
26431,1128,1,131,44,7.0,7.0,7,7,7.0,78,1,0,2024,8,6,Monaco Grand Prix,2024-05-26,13:00:00,hamilton,44,HAM,Lewis,Hamilton,1985-01-07,British,mercedes,Mercedes,German,Lewis Hamilton,2024,0.0
26432,1128,852,215,22,8.0,8.0,8,8,4.0,77,11,0,2024,8,6,Monaco Grand Prix,2024-05-26,13:00:00,tsunoda,22,TSU,Yuki,Tsunoda,2000-05-11,Japanese,rb,RB F1 Team,Italian,Yuki Tsunoda,2024,0.0
26433,1128,848,3,23,9.0,9.0,9,9,2.0,77,11,0,2024,8,6,Monaco Grand Prix,2024-05-26,13:00:00,albon,23,ALB,Alexander,Albon,1996-03-23,Thai,williams,Williams,British,Alexander Albon,2024,0.0
26434,1128,842,214,10,10.0,10.0,10,10,1.0,77,11,0,2024,8,6,Monaco Grand Prix,2024-05-26,13:00:00,gasly,10,GAS,Pierre,Gasly,1996-02-07,French,alpine,Alpine F1 Team,French,Pierre Gasly,2024,0.0
26435,1128,4,117,14,14.0,11.0,11,11,0.0,76,12,0,2024,8,6,Monaco Grand Prix,2024-05-26,13:00:00,alonso,14,ALO,Fernando,Alonso,1981-07-29,Spanish,aston_martin,Aston Martin,British,Fernando Alonso,2024,3.0
26436,1128,817,215,3,12.0,12.0,12,12,0.0,76,12,0,2024,8,6,Monaco Grand Prix,2024-05-26,13:00:00,ricciardo,3,RIC,Daniel,Ricciardo,1989-07-01,Australian,rb,RB F1 Team,Italian,Daniel Ricciardo,2024,0.0
26437,1128,822,15,77,17.0,13.0,13,13,0.0,76,12,0,2024,8,6,Monaco Grand Prix,2024-05-26,13:00:00,bottas,77,BOT,Valtteri,Bottas,1989-08-28,Finnish,sauber,Sauber,Swiss,Valtteri Bottas,2024,4.0
26438,1128,840,117,18,13.0,14.0,14,14,0.0,76,12,0,2024,8,6,Monaco Grand Prix,2024-05-26,13:00:00,stroll,18,STR,Lance,Stroll,1998-10-29,Canadian,aston_martin,Aston Martin,British,Lance Stroll,2024,-1.0
26439,1128,858,3,2,15.0,15.0,15,15,0.0,76,12,0,2024,8,6,Monaco Grand Prix,2024-05-26,13:00:00,sargeant,2,SAR,Logan,Sargeant,2000-12-31,American,williams,Williams,British,Logan Sargeant,2024,0.0
26440,1128,855,15,24,18.0,16.0,16,16,0.0,76,12,0,2024,8,6,Monaco Grand Prix,2024-05-26,13:00:00,zhou,24,ZHO,Guanyu,Zhou,1999-05-30,Chinese,sauber,Sauber,Swiss,Guanyu Zhou,2024,2.0
26441,1128,839,214,31,11.0,0.0,R,17,0.0,0,4,1,2024,8,6,Monaco Grand Prix,2024-05-26,13:00:00,ocon,31,OCO,Esteban,Ocon,1996-09-17,French,alpine,Alpine F1 Team,French,Esteban Ocon,2024,11.0
26442,1128,815,9,11,16.0,0.0,R,18,0.0,0,4,1,2024,8,6,Monaco Grand Prix,2024-05-26,13:00:00,perez,11,PER,Sergio,Pérez,1990-01-26,Mexican,red_bull,Red Bull,Austrian,Sergio Pérez,2024,16.0
26443,1128,807,210,27,19.0,0.0,R,19,0.0,0,4,1,2024,8,6,Monaco Grand Prix,2024-05-26,13:00:00,hulkenberg,27,HUL,Nico,Hülkenberg,1987-08-19,German,haas,Haas F1 Team,American,Nico Hülkenberg,2024,19.0
26444,1128,825,210,20,20.0,0.0,R,20,0.0,0,4,1,2024,8,6,Monaco Grand Prix,2024-05-26,13:00:00,kevin_magnussen,20,MAG,Kevin,Magnussen,1992-10-05,Danish,haas,Haas F1 Team,American,Kevin Magnussen,2024,20.0
26445,1129,830,9,1,2.0,1.0,1,1,25.0,70,1,0,2024,9,7,Canadian Grand Prix,2024-06-09,18:00:00,max_verstappen,33,VER,Max,Verstappen,1997-09-30,Dutch,red_bull,Red Bull,Austrian,Max Verstappen,2024,1.0
26446,1129,846,1,4,3.0,2.0,2,2,18.0,70,1,0,2024,9,7,Canadian Grand Prix,2024-06-09,18:00:00,norris,4,NOR,Lando,Norris,1999-11-13,British,mclaren,McLaren,British,Lando Norris,2024,1.0
26447,1129,847,131,63,1.0,3.0,3,3,15.0,70,1,0,2024,9,7,Canadian Grand Prix,2024-06-09,18:00:00,russell,63,RUS,George,Russell,1998-02-15,British,mercedes,Mercedes,German,George Russell,2024,-2.0
26448,1129,1,131,44,7.0,4.0,4,4,13.0,70,1,0,2024,9,7,Canadian Grand Prix,2024-06-09,18:00:00,hamilton,44,HAM,Lewis,Hamilton,1985-01-07,British,mercedes,Mercedes,German,Lewis Hamilton,2024,3.0
26449,1129,857,1,81,4.0,5.0,5,5,10.0,70,1,0,2024,9,7,Canadian Grand Prix,2024-06-09,18:00:00,piastri,81,PIA,Oscar,Piastri,2001-04-06,Australian,mclaren,McLaren,British,Oscar Piastri,2024,-1.0
26450,1129,4,117,14,6.0,6.0,6,6,8.0,70,1,0,2024,9,7,Canadian Grand Prix,2024-06-09,18:00:00,alonso,14,ALO,Fernando,Alonso,1981-07-29,Spanish,aston_martin,Aston Martin,British,Fernando Alonso,2024,0.0
26451,1129,840,117,18,9.0,7.0,7,7,6.0,70,1,0,2024,9,7,Canadian Grand Prix,2024-06-09,18:00:00,stroll,18,STR,Lance,Stroll,1998-10-29,Canadian,aston_martin,Aston Martin,British,Lance Stroll,2024,2.0
26452,1129,817,215,3,5.0,8.0,8,8,4.0,70,1,0,2024,9,7,Canadian Grand Prix,2024-06-09,18:00:00,ricciardo,3,RIC,Daniel,Ricciardo,1989-07-01,Australian,rb,RB F1 Team,Italian,Daniel Ricciardo,2024,-3.0
26453,1129,842,214,10,15.0,9.0,9,9,2.0,70,1,0,2024,9,7,Canadian Grand Prix,2024-06-09,18:00:00,gasly,10,GAS,Pierre,Gasly,1996-02-07,French,alpine,Alpine F1 Team,French,Pierre Gasly,2024,6.0
26454,1129,839,214,31,18.0,10.0,10,10,1.0,70,1,0,2024,9,7,Canadian Grand Prix,2024-06-09,18:00:00,ocon,31,OCO,Esteban,Ocon,1996-09-17,French,alpine,Alpine F1 Team,French,Esteban Ocon,2024,8.0
26455,1129,807,210,27,17.0,11.0,11,11,0.0,70,1,0,2024,9,7,Canadian Grand Prix,2024-06-09,18:00:00,hulkenberg,27,HUL,Nico,Hülkenberg,1987-08-19,German,haas,Haas F1 Team,American,Nico Hülkenberg,2024,6.0
26456,1129,825,210,20,14.0,12.0,12,12,0.0,70,1,0,2024,9,7,Canadian Grand Prix,2024-06-09,18:00:00,kevin_magnussen,20,MAG,Kevin,Magnussen,1992-10-05,Danish,haas,Haas F1 Team,American,Kevin Magnussen,2024,2.0
26457,1129,822,15,77,0.0,13.0,13,13,0.0,70,1,0,2024,9,7,Canadian Grand Prix,2024-06-09,18:00:00,bottas,77,BOT,Valtteri,Bottas,1989-08-28,Finnish,sauber,Sauber,Swiss,Valtteri Bottas,2024,-13.0
26458,1129,852,215,22,8.0,14.0,14,14,0.0,70,1,0,2024,9,7,Canadian Grand Prix,2024-06-09,18:00:00,tsunoda,22,TSU,Yuki,Tsunoda,2000-05-11,Japanese,rb,RB F1 Team,Italian,Yuki Tsunoda,2024,-6.0
26459,1129,855,15,24,0.0,15.0,15,15,0.0,69,11,0,2024,9,7,Canadian Grand Prix,2024-06-09,18:00:00,zhou,24,ZHO,Guanyu,Zhou,1999-05-30,Chinese,sauber,Sauber,Swiss,Guanyu Zhou,2024,-15.0
26460,1129,832,6,55,12.0,0.0,R,16,0.0,52,4,1,2024,9,7,Canadian Grand Prix,2024-06-09,18:00:00,sainz,55,SAI,Carlos,Sainz,1994-09-01,Spanish,ferrari,Ferrari,Italian,Carlos Sainz,2024,12.0
26461,1129,848,3,23,10.0,0.0,R,17,0.0,52,4,1,2024,9,7,Canadian Grand Prix,2024-06-09,18:00:00,albon,23,ALB,Alexander,Albon,1996-03-23,Thai,williams,Williams,British,Alexander Albon,2024,10.0
26462,1129,815,9,11,16.0,0.0,R,18,0.0,51,3,1,2024,9,7,Canadian Grand Prix,2024-06-09,18:00:00,perez,11,PER,Sergio,Pérez,1990-01-26,Mexican,red_bull,Red Bull,Austrian,Sergio Pérez,2024,16.0
26463,1129,844,6,16,11.0,0.0,R,19,0.0,40,5,1,2024,9,7,Canadian Grand Prix,2024-06-09,18:00:00,leclerc,16,LEC,Charles,Leclerc,1997-10-16,Monegasque,ferrari,Ferrari,Italian,Charles Leclerc,2024,11.0
26464,1129,858,3,2,13.0,0.0,R,20,0.0,23,3,1,2024,9,7,Canadian Grand Prix,2024-06-09,18:00:00,sargeant,2,SAR,Logan,Sargeant,2000-12-31,American,williams,Williams,British,Logan Sargeant,2024,13.0
26465,1130,830,9,1,2.0,1.0,1,1,25.0,66,1,0,2024,10,4,Spanish Grand Prix,2024-06-23,13:00:00,max_verstappen,33,VER,Max,Verstappen,1997-09-30,Dutch,red_bull,Red Bull,Austrian,Max Verstappen,2024,1.0
26466,1130,846,1,4,1.0,2.0,2,2,19.0,66,1,0,2024,10,4,Spanish Grand Prix,2024-06-23,13:00:00,norris,4,NOR,Lando,Norris,1999-11-13,British,mclaren,McLaren,British,Lando Norris,2024,-1.0
26467,1130,1,131,44,3.0,3.0,3,3,15.0,66,1,0,2024,10,4,Spanish Grand Prix,2024-06-23,13:00:00,hamilton,44,HAM,Lewis,Hamilton,1985-01-07,British,mercedes,Mercedes,German,Lewis Hamilton,2024,0.0
26468,1130,847,131,63,4.0,4.0,4,4,12.0,66,1,0,2024,10,4,Spanish Grand Prix,2024-06-23,13:00:00,russell,63,RUS,George,Russell,1998-02-15,British,mercedes,Mercedes,German,George Russell,2024,0.0
26469,1130,844,6,16,5.0,5.0,5,5,10.0,66,1,0,2024,10,4,Spanish Grand Prix,2024-06-23,13:00:00,leclerc,16,LEC,Charles,Leclerc,1997-10-16,Monegasque,ferrari,Ferrari,Italian,Charles Leclerc,2024,0.0
26470,1130,832,6,55,6.0,6.0,6,6,8.0,66,1,0,2024,10,4,Spanish Grand Prix,2024-06-23,13:00:00,sainz,55,SAI,Carlos,Sainz,1994-09-01,Spanish,ferrari,Ferrari,Italian,Carlos Sainz,2024,0.0
26471,1130,857,1,81,9.0,7.0,7,7,6.0,66,1,0,2024,10,4,Spanish Grand Prix,2024-06-23,13:00:00,piastri,81,PIA,Oscar,Piastri,2001-04-06,Australian,mclaren,McLaren,British,Oscar Piastri,2024,2.0
26472,1130,815,9,11,11.0,8.0,8,8,4.0,66,1,0,2024,10,4,Spanish Grand Prix,2024-06-23,13:00:00,perez,11,PER,Sergio,Pérez,1990-01-26,Mexican,red_bull,Red Bull,Austrian,Sergio Pérez,2024,3.0
26473,1130,842,214,10,7.0,9.0,9,9,2.0,66,1,0,2024,10,4,Spanish Grand Prix,2024-06-23,13:00:00,gasly,10,GAS,Pierre,Gasly,1996-02-07,French,alpine,Alpine F1 Team,French,Pierre Gasly,2024,-2.0
26474,1130,839,214,31,8.0,10.0,10,10,1.0,66,1,0,2024,10,4,Spanish Grand Prix,2024-06-23,13:00:00,ocon,31,OCO,Esteban,Ocon,1996-09-17,French,alpine,Alpine F1 Team,French,Esteban Ocon,2024,-2.0
26475,1130,807,210,27,13.0,11.0,11,11,0.0,66,1,0,2024,10,4,Spanish Grand Prix,2024-06-23,13:00:00,hulkenberg,27,HUL,Nico,Hülkenberg,1987-08-19,German,haas,Haas F1 Team,American,Nico Hülkenberg,2024,2.0
26476,1130,4,117,14,10.0,12.0,12,12,0.0,65,11,0,2024,10,4,Spanish Grand Prix,2024-06-23,13:00:00,alonso,14,ALO,Fernando,Alonso,1981-07-29,Spanish,aston_martin,Aston Martin,British,Fernando Alonso,2024,-2.0
26477,1130,855,15,24,15.0,13.0,13,13,0.0,65,11,0,2024,10,4,Spanish Grand Prix,2024-06-23,13:00:00,zhou,24,ZHO,Guanyu,Zhou,1999-05-30,Chinese,sauber,Sauber,Swiss,Guanyu Zhou,2024,2.0
26478,1130,840,117,18,14.0,14.0,14,14,0.0,65,11,0,2024,10,4,Spanish Grand Prix,2024-06-23,13:00:00,stroll,18,STR,Lance,Stroll,1998-10-29,Canadian,aston_martin,Aston Martin,British,Lance Stroll,2024,0.0
26479,1130,817,215,3,18.0,15.0,15,15,0.0,65,11,0,2024,10,4,Spanish Grand Prix,2024-06-23,13:00:00,ricciardo,3,RIC,Daniel,Ricciardo,1989-07-01,Australian,rb,RB F1 Team,Italian,Daniel Ricciardo,2024,3.0
26480,1130,822,15,77,12.0,16.0,16,16,0.0,65,11,0,2024,10,4,Spanish Grand Prix,2024-06-23,13:00:00,bottas,77,BOT,Valtteri,Bottas,1989-08-28,Finnish,sauber,Sauber,Swiss,Valtteri Bottas,2024,-4.0
26481,1130,825,210,20,16.0,17.0,17,17,0.0,65,11,0,2024,10,4,Spanish Grand Prix,2024-06-23,13:00:00,kevin_magnussen,20,MAG,Kevin,Magnussen,1992-10-05,Danish,haas,Haas F1 Team,American,Kevin Magnussen,2024,-1.0
26482,1130,848,3,23,0.0,18.0,18,18,0.0,65,11,0,2024,10,4,Spanish Grand Prix,2024-06-23,13:00:00,albon,23,ALB,Alexander,Albon,1996-03-23,Thai,williams,Williams,British,Alexander Albon,2024,-18.0
26483,1130,852,215,22,17.0,19.0,19,19,0.0,65,11,0,2024,10,4,Spanish Grand Prix,2024-06-23,13:00:00,tsunoda,22,TSU,Yuki,Tsunoda,2000-05-11,Japanese,rb,RB F1 Team,Italian,Yuki Tsunoda,2024,-2.0
26484,1130,858,3,2,19.0,20.0,20,20,0.0,64,12,0,2024,10,4,Spanish Grand Prix,2024-06-23,13:00:00,sargeant,2,SAR,Logan,Sargeant,2000-12-31,American,williams,Williams,British,Logan Sargeant,2024,-1.0
26485,1131,847,131,63,3.0,1.0,1,1,25.0,71,1,0,2024,11,70,Austrian Grand Prix,2024-06-30,13:00:00,russell,63,RUS,George,Russell,1998-02-15,British,mercedes,Mercedes,German,George Russell,2024,2.0
26486,1131,857,1,81,7.0,2.0,2,2,18.0,71,1,0,2024,11,70,Austrian Grand Prix,2024-06-30,13:00:00,piastri,81,PIA,Oscar,Piastri,2001-04-06,Australian,mclaren,McLaren,British,Oscar Piastri,2024,5.0
26487,1131,832,6,55,4.0,3.0,3,3,15.0,71,1,0,2024,11,70,Austrian Grand Prix,2024-06-30,13:00:00,sainz,55,SAI,Carlos,Sainz,1994-09-01,Spanish,ferrari,Ferrari,Italian,Carlos Sainz,2024,1.0
26488,1131,1,131,44,5.0,4.0,4,4,12.0,71,1,0,2024,11,70,Austrian Grand Prix,2024-06-30,13:00:00,hamilton,44,HAM,Lewis,Hamilton,1985-01-07,British,mercedes,Mercedes,German,Lewis Hamilton,2024,1.0
26489,1131,830,9,1,1.0,5.0,5,5,10.0,71,1,0,2024,11,70,Austrian Grand Prix,2024-06-30,13:00:00,max_verstappen,33,VER,Max,Verstappen,1997-09-30,Dutch,red_bull,Red Bull,Austrian,Max Verstappen,2024,-4.0
26490,1131,807,210,27,9.0,6.0,6,6,8.0,71,1,0,2024,11,70,Austrian Grand Prix,2024-06-30,13:00:00,hulkenberg,27,HUL,Nico,Hülkenberg,1987-08-19,German,haas,Haas F1 Team,American,Nico Hülkenberg,2024,3.0
26491,1131,815,9,11,8.0,7.0,7,7,6.0,71,1,0,2024,11,70,Austrian Grand Prix,2024-06-30,13:00:00,perez,11,PER,Sergio,Pérez,1990-01-26,Mexican,red_bull,Red Bull,Austrian,Sergio Pérez,2024,1.0
26492,1131,825,210,20,12.0,8.0,8,8,4.0,71,1,0,2024,11,70,Austrian Grand Prix,2024-06-30,13:00:00,kevin_magnussen,20,MAG,Kevin,Magnussen,1992-10-05,Danish,haas,Haas F1 Team,American,Kevin Magnussen,2024,4.0
26493,1131,817,215,3,11.0,9.0,9,9,2.0,71,1,0,2024,11,70,Austrian Grand Prix,2024-06-30,13:00:00,ricciardo,3,RIC,Daniel,Ricciardo,1989-07-01,Australian,rb,RB F1 Team,Italian,Daniel Ricciardo,2024,2.0
26494,1131,842,214,10,13.0,10.0,10,10,1.0,71,1,0,2024,11,70,Austrian Grand Prix,2024-06-30,13:00:00,gasly,10,GAS,Pierre,Gasly,1996-02-07,French,alpine,Alpine F1 Team,French,Pierre Gasly,2024,3.0
26495,1131,844,6,16,6.0,11.0,11,11,0.0,71,1,0,2024,11,70,Austrian Grand Prix,2024-06-30,13:00:00,leclerc,16,LEC,Charles,Leclerc,1997-10-16,Monegasque,ferrari,Ferrari,Italian,Charles Leclerc,2024,-5.0
26496,1131,839,214,31,10.0,12.0,12,12,0.0,71,1,0,2024,11,70,Austrian Grand Prix,2024-06-30,13:00:00,ocon,31,OCO,Esteban,Ocon,1996-09-17,French,alpine,Alpine F1 Team,French,Esteban Ocon,2024,-2.0
26497,1131,840,117,18,17.0,13.0,13,13,0.0,70,11,0,2024,11,70,Austrian Grand Prix,2024-06-30,13:00:00,stroll,18,STR,Lance,Stroll,1998-10-29,Canadian,aston_martin,Aston Martin,British,Lance Stroll,2024,4.0
26498,1131,852,215,22,14.0,14.0,14,14,0.0,70,11,0,2024,11,70,Austrian Grand Prix,2024-06-30,13:00:00,tsunoda,22,TSU,Yuki,Tsunoda,2000-05-11,Japanese,rb,RB F1 Team,Italian,Yuki Tsunoda,2024,0.0
26499,1131,848,3,23,16.0,15.0,15,15,0.0,70,11,0,2024,11,70,Austrian Grand Prix,2024-06-30,13:00:00,albon,23,ALB,Alexander,Albon,1996-03-23,Thai,williams,Williams,British,Alexander Albon,2024,1.0
26500,1131,822,15,77,18.0,16.0,16,16,0.0,70,11,0,2024,11,70,Austrian Grand Prix,2024-06-30,13:00:00,bottas,77,BOT,Valtteri,Bottas,1989-08-28,Finnish,sauber,Sauber,Swiss,Valtteri Bottas,2024,2.0
26501,1131,855,15,24,20.0,17.0,17,17,0.0,70,11,0,2024,11,70,Austrian Grand Prix,2024-06-30,13:00:00,zhou,24,ZHO,Guanyu,Zhou,1999-05-30,Chinese,sauber,Sauber,Swiss,Guanyu Zhou,2024,3.0
26502,1131,4,117,14,15.0,18.0,18,18,0.0,70,11,0,2024,11,70,Austrian Grand Prix,2024-06-30,13:00:00,alonso,14,ALO,Fernando,Alonso,1981-07-29,Spanish,aston_martin,Aston Martin,British,Fernando Alonso,2024,-3.0
26503,1131,858,3,2,19.0,19.0,19,19,0.0,69,12,0,2024,11,70,Austrian Grand Prix,2024-06-30,13:00:00,sargeant,2,SAR,Logan,Sargeant,2000-12-31,American,williams,Williams,British,Logan Sargeant,2024,0.0
26504,1131,846,1,4,2.0,20.0,20,20,0.0,64,17,0,2024,11,70,Austrian Grand Prix,2024-06-30,13:00:00,norris,4,NOR,Lando,Norris,1999-11-13,British,mclaren,McLaren,British,Lando Norris,2024,-18.0
26505,1132,1,131,44,2.0,1.0,1,1,25.0,52,1,0,2024,12,9,British Grand Prix,2024-07-07,14:00:00,hamilton,44,HAM,Lewis,Hamilton,1985-01-07,British,mercedes,Mercedes,German,Lewis Hamilton,2024,1.0
26506,1132,830,9,1,4.0,2.0,2,2,18.0,52,1,0,2024,12,9,British Grand Prix,2024-07-07,14:00:00,max_verstappen,33,VER,Max,Verstappen,1997-09-30,Dutch,red_bull,Red Bull,Austrian,Max Verstappen,2024,2.0
26507,1132,846,1,4,3.0,3.0,3,3,15.0,52,1,0,2024,12,9,British Grand Prix,2024-07-07,14:00:00,norris,4,NOR,Lando,Norris,1999-11-13,British,mclaren,McLaren,British,Lando Norris,2024,0.0
26508,1132,857,1,81,5.0,4.0,4,4,12.0,52,1,0,2024,12,9,British Grand Prix,2024-07-07,14:00:00,piastri,81,PIA,Oscar,Piastri,2001-04-06,Australian,mclaren,McLaren,British,Oscar Piastri,2024,1.0
26509,1132,832,6,55,7.0,5.0,5,5,11.0,52,1,0,2024,12,9,British Grand Prix,2024-07-07,14:00:00,sainz,55,SAI,Carlos,Sainz,1994-09-01,Spanish,ferrari,Ferrari,Italian,Carlos Sainz,2024,2.0
26510,1132,807,210,27,6.0,6.0,6,6,8.0,52,1,0,2024,12,9,British Grand Prix,2024-07-07,14:00:00,hulkenberg,27,HUL,Nico,Hülkenberg,1987-08-19,German,haas,Haas F1 Team,American,Nico Hülkenberg,2024,0.0
26511,1132,840,117,18,8.0,7.0,7,7,6.0,52,1,0,2024,12,9,British Grand Prix,2024-07-07,14:00:00,stroll,18,STR,Lance,Stroll,1998-10-29,Canadian,aston_martin,Aston Martin,British,Lance Stroll,2024,1.0
26512,1132,4,117,14,10.0,8.0,8,8,4.0,52,1,0,2024,12,9,British Grand Prix,2024-07-07,14:00:00,alonso,14,ALO,Fernando,Alonso,1981-07-29,Spanish,aston_martin,Aston Martin,British,Fernando Alonso,2024,2.0
26513,1132,848,3,23,9.0,9.0,9,9,2.0,52,1,0,2024,12,9,British Grand Prix,2024-07-07,14:00:00,albon,23,ALB,Alexander,Albon,1996-03-23,Thai,williams,Williams,British,Alexander Albon,2024,0.0
26514,1132,852,215,22,13.0,10.0,10,10,1.0,52,1,0,2024,12,9,British Grand Prix,2024-07-07,14:00:00,tsunoda,22,TSU,Yuki,Tsunoda,2000-05-11,Japanese,rb,RB F1 Team,Italian,Yuki Tsunoda,2024,3.0
26515,1132,858,3,2,12.0,11.0,11,11,0.0,52,1,0,2024,12,9,British Grand Prix,2024-07-07,14:00:00,sargeant,2,SAR,Logan,Sargeant,2000-12-31,American,williams,Williams,British,Logan Sargeant,2024,1.0
26516,1132,825,210,20,17.0,12.0,12,12,0.0,52,1,0,2024,12,9,British Grand Prix,2024-07-07,14:00:00,kevin_magnussen,20,MAG,Kevin,Magnussen,1992-10-05,Danish,haas,Haas F1 Team,American,Kevin Magnussen,2024,5.0
26517,1132,817,215,3,15.0,13.0,13,13,0.0,51,11,0,2024,12,9,British Grand Prix,2024-07-07,14:00:00,ricciardo,3,RIC,Daniel,Ricciardo,1989-07-01,Australian,rb,RB F1 Team,Italian,Daniel Ricciardo,2024,2.0
26518,1132,844,6,16,11.0,14.0,14,14,0.0,51,11,0,2024,12,9,British Grand Prix,2024-07-07,14:00:00,leclerc,16,LEC,Charles,Leclerc,1997-10-16,Monegasque,ferrari,Ferrari,Italian,Charles Leclerc,2024,-3.0
26519,1132,822,15,77,16.0,15.0,15,15,0.0,51,11,0,2024,12,9,British Grand Prix,2024-07-07,14:00:00,bottas,77,BOT,Valtteri,Bottas,1989-08-28,Finnish,sauber,Sauber,Swiss,Valtteri Bottas,2024,1.0
26520,1132,839,214,31,18.0,16.0,16,16,0.0,50,12,0,2024,12,9,British Grand Prix,2024-07-07,14:00:00,ocon,31,OCO,Esteban,Ocon,1996-09-17,French,alpine,Alpine F1 Team,French,Esteban Ocon,2024,2.0
26521,1132,815,9,11,0.0,17.0,17,17,0.0,50,12,0,2024,12,9,British Grand Prix,2024-07-07,14:00:00,perez,11,PER,Sergio,Pérez,1990-01-26,Mexican,red_bull,Red Bull,Austrian,Sergio Pérez,2024,-17.0
26522,1132,855,15,24,14.0,18.0,18,18,0.0,50,12,0,2024,12,9,British Grand Prix,2024-07-07,14:00:00,zhou,24,ZHO,Guanyu,Zhou,1999-05-30,Chinese,sauber,Sauber,Swiss,Guanyu Zhou,2024,-4.0
26523,1132,847,131,63,1.0,0.0,R,19,0.0,33,34,1,2024,12,9,British Grand Prix,2024-07-07,14:00:00,russell,63,RUS,George,Russell,1998-02-15,British,mercedes,Mercedes,German,George Russell,2024,1.0
26524,1132,842,214,10,19.0,0.0,W,20,0.0,0,6,1,2024,12,9,British Grand Prix,2024-07-07,14:00:00,gasly,10,GAS,Pierre,Gasly,1996-02-07,French,alpine,Alpine F1 Team,French,Pierre Gasly,2024,19.0
26525,1133,857,1,81,2.0,1.0,1,1,25.0,70,1,0,2024,13,11,Hungarian Grand Prix,2024-07-21,13:00:00,piastri,81,PIA,Oscar,Piastri,2001-04-06,Australian,mclaren,McLaren,British,Oscar Piastri,2024,1.0
26526,1133,846,1,4,1.0,2.0,2,2,18.0,70,1,0,2024,13,11,Hungarian Grand Prix,2024-07-21,13:00:00,norris,4,NOR,Lando,Norris,1999-11-13,British,mclaren,McLaren,British,Lando Norris,2024,-1.0
26527,1133,1,131,44,5.0,3.0,3,3,15.0,70,1,0,2024,13,11,Hungarian Grand Prix,2024-07-21,13:00:00,hamilton,44,HAM,Lewis,Hamilton,1985-01-07,British,mercedes,Mercedes,German,Lewis Hamilton,2024,2.0
26528,1133,844,6,16,6.0,4.0,4,4,12.0,70,1,0,2024,13,11,Hungarian Grand Prix,2024-07-21,13:00:00,leclerc,16,LEC,Charles,Leclerc,1997-10-16,Monegasque,ferrari,Ferrari,Italian,Charles Leclerc,2024,2.0
26529,1133,830,9,1,3.0,5.0,5,5,10.0,70,1,0,2024,13,11,Hungarian Grand Prix,2024-07-21,13:00:00,max_verstappen,33,VER,Max,Verstappen,1997-09-30,Dutch,red_bull,Red Bull,Austrian,Max Verstappen,2024,-2.0
26530,1133,832,6,55,4.0,6.0,6,6,8.0,70,1,0,2024,13,11,Hungarian Grand Prix,2024-07-21,13:00:00,sainz,55,SAI,Carlos,Sainz,1994-09-01,Spanish,ferrari,Ferrari,Italian,Carlos Sainz,2024,-2.0
26531,1133,815,9,11,16.0,7.0,7,7,6.0,70,1,0,2024,13,11,Hungarian Grand Prix,2024-07-21,13:00:00,perez,11,PER,Sergio,Pérez,1990-01-26,Mexican,red_bull,Red Bull,Austrian,Sergio Pérez,2024,9.0
26532,1133,847,131,63,17.0,8.0,8,8,5.0,70,1,0,2024,13,11,Hungarian Grand Prix,2024-07-21,13:00:00,russell,63,RUS,George,Russell,1998-02-15,British,mercedes,Mercedes,German,George Russell,2024,9.0
26533,1133,852,215,22,10.0,9.0,9,9,2.0,70,1,0,2024,13,11,Hungarian Grand Prix,2024-07-21,13:00:00,tsunoda,22,TSU,Yuki,Tsunoda,2000-05-11,Japanese,rb,RB F1 Team,Italian,Yuki Tsunoda,2024,1.0
26534,1133,840,117,18,8.0,10.0,10,10,1.0,70,1,0,2024,13,11,Hungarian Grand Prix,2024-07-21,13:00:00,stroll,18,STR,Lance,Stroll,1998-10-29,Canadian,aston_martin,Aston Martin,British,Lance Stroll,2024,-2.0
26535,1133,4,117,14,7.0,11.0,11,11,0.0,70,1,0,2024,13,11,Hungarian Grand Prix,2024-07-21,13:00:00,alonso,14,ALO,Fernando,Alonso,1981-07-29,Spanish,aston_martin,Aston Martin,British,Fernando Alonso,2024,-4.0
26536,1133,817,215,3,9.0,12.0,12,12,0.0,69,11,0,2024,13,11,Hungarian Grand Prix,2024-07-21,13:00:00,ricciardo,3,RIC,Daniel,Ricciardo,1989-07-01,Australian,rb,RB F1 Team,Italian,Daniel Ricciardo,2024,-3.0
26537,1133,807,210,27,11.0,13.0,13,13,0.0,69,11,0,2024,13,11,Hungarian Grand Prix,2024-07-21,13:00:00,hulkenberg,27,HUL,Nico,Hülkenberg,1987-08-19,German,haas,Haas F1 Team,American,Nico Hülkenberg,2024,-2.0
26538,1133,848,3,23,13.0,14.0,14,14,0.0,69,11,0,2024,13,11,Hungarian Grand Prix,2024-07-21,13:00:00,albon,23,ALB,Alexander,Albon,1996-03-23,Thai,williams,Williams,British,Alexander Albon,2024,-1.0
26539,1133,825,210,20,15.0,15.0,15,15,0.0,69,11,0,2024,13,11,Hungarian Grand Prix,2024-07-21,13:00:00,kevin_magnussen,20,MAG,Kevin,Magnussen,1992-10-05,Danish,haas,Haas F1 Team,American,Kevin Magnussen,2024,0.0
26540,1133,822,15,77,12.0,16.0,16,16,0.0,69,11,0,2024,13,11,Hungarian Grand Prix,2024-07-21,13:00:00,bottas,77,BOT,Valtteri,Bottas,1989-08-28,Finnish,sauber,Sauber,Swiss,Valtteri Bottas,2024,-4.0
26541,1133,858,3,2,14.0,17.0,17,17,0.0,69,11,0,2024,13,11,Hungarian Grand Prix,2024-07-21,13:00:00,sargeant,2,SAR,Logan,Sargeant,2000-12-31,American,williams,Williams,British,Logan Sargeant,2024,-3.0
26542,1133,839,214,31,19.0,18.0,18,18,0.0,69,11,0,2024,13,11,Hungarian Grand Prix,2024-07-21,13:00:00,ocon,31,OCO,Esteban,Ocon,1996-09-17,French,alpine,Alpine F1 Team,French,Esteban Ocon,2024,1.0
26543,1133,855,15,24,18.0,19.0,19,19,0.0,69,11,0,2024,13,11,Hungarian Grand Prix,2024-07-21,13:00:00,zhou,24,ZHO,Guanyu,Zhou,1999-05-30,Chinese,sauber,Sauber,Swiss,Guanyu Zhou,2024,-1.0
26544,1133,842,214,10,0.0,0.0,R,20,0.0,33,9,1,2024,13,11,Hungarian Grand Prix,2024-07-21,13:00:00,gasly,10,GAS,Pierre,Gasly,1996-02-07,French,alpine,Alpine F1 Team,French,Pierre Gasly,2024,0.0
26545,1134,1,131,44,3.0,1.0,1,1,25.0,44,1,0,2024,14,13,Belgian Grand Prix,2024-07-28,13:00:00,hamilton,44,HAM,Lewis,Hamilton,1985-01-07,British,mercedes,Mercedes,German,Lewis Hamilton,2024,2.0
26546,1134,857,1,81,5.0,2.0,2,2,18.0,44,1,0,2024,14,13,Belgian Grand Prix,2024-07-28,13:00:00,piastri,81,PIA,Oscar,Piastri,2001-04-06,Australian,mclaren,McLaren,British,Oscar Piastri,2024,3.0
26547,1134,844,6,16,1.0,3.0,3,3,15.0,44,1,0,2024,14,13,Belgian Grand Prix,2024-07-28,13:00:00,leclerc,16,LEC,Charles,Leclerc,1997-10-16,Monegasque,ferrari,Ferrari,Italian,Charles Leclerc,2024,-2.0
26548,1134,830,9,1,11.0,4.0,4,4,12.0,44,1,0,2024,14,13,Belgian Grand Prix,2024-07-28,13:00:00,max_verstappen,33,VER,Max,Verstappen,1997-09-30,Dutch,red_bull,Red Bull,Austrian,Max Verstappen,2024,7.0
26549,1134,846,1,4,4.0,5.0,5,5,10.0,44,1,0,2024,14,13,Belgian Grand Prix,2024-07-28,13:00:00,norris,4,NOR,Lando,Norris,1999-11-13,British,mclaren,McLaren,British,Lando Norris,2024,-1.0
26550,1134,832,6,55,7.0,6.0,6,6,8.0,44,1,0,2024,14,13,Belgian Grand Prix,2024-07-28,13:00:00,sainz,55,SAI,Carlos,Sainz,1994-09-01,Spanish,ferrari,Ferrari,Italian,Carlos Sainz,2024,1.0
26551,1134,815,9,11,2.0,7.0,7,7,7.0,44,1,0,2024,14,13,Belgian Grand Prix,2024-07-28,13:00:00,perez,11,PER,Sergio,Pérez,1990-01-26,Mexican,red_bull,Red Bull,Austrian,Sergio Pérez,2024,-5.0
26552,1134,4,117,14,8.0,8.0,8,8,4.0,44,1,0,2024,14,13,Belgian Grand Prix,2024-07-28,13:00:00,alonso,14,ALO,Fernando,Alonso,1981-07-29,Spanish,aston_martin,Aston Martin,British,Fernando Alonso,2024,0.0
26553,1134,839,214,31,9.0,9.0,9,9,2.0,44,1,0,2024,14,13,Belgian Grand Prix,2024-07-28,13:00:00,ocon,31,OCO,Esteban,Ocon,1996-09-17,French,alpine,Alpine F1 Team,French,Esteban Ocon,2024,0.0
26554,1134,817,215,3,13.0,10.0,10,10,1.0,44,1,0,2024,14,13,Belgian Grand Prix,2024-07-28,13:00:00,ricciardo,3,RIC,Daniel,Ricciardo,1989-07-01,Australian,rb,RB F1 Team,Italian,Daniel Ricciardo,2024,3.0
26555,1134,840,117,18,15.0,11.0,11,11,0.0,44,1,0,2024,14,13,Belgian Grand Prix,2024-07-28,13:00:00,stroll,18,STR,Lance,Stroll,1998-10-29,Canadian,aston_martin,Aston Martin,British,Lance Stroll,2024,4.0
26556,1134,848,3,23,10.0,12.0,12,12,0.0,44,1,0,2024,14,13,Belgian Grand Prix,2024-07-28,13:00:00,albon,23,ALB,Alexander,Albon,1996-03-23,Thai,williams,Williams,British,Alexander Albon,2024,-2.0
26557,1134,842,214,10,12.0,13.0,13,13,0.0,44,1,0,2024,14,13,Belgian Grand Prix,2024-07-28,13:00:00,gasly,10,GAS,Pierre,Gasly,1996-02-07,French,alpine,Alpine F1 Team,French,Pierre Gasly,2024,-1.0
26558,1134,825,210,20,17.0,14.0,14,14,0.0,44,1,0,2024,14,13,Belgian Grand Prix,2024-07-28,13:00:00,kevin_magnussen,20,MAG,Kevin,Magnussen,1992-10-05,Danish,haas,Haas F1 Team,American,Kevin Magnussen,2024,3.0
26559,1134,822,15,77,14.0,15.0,15,15,0.0,44,1,0,2024,14,13,Belgian Grand Prix,2024-07-28,13:00:00,bottas,77,BOT,Valtteri,Bottas,1989-08-28,Finnish,sauber,Sauber,Swiss,Valtteri Bottas,2024,-1.0
26560,1134,852,215,22,20.0,16.0,16,16,0.0,44,1,0,2024,14,13,Belgian Grand Prix,2024-07-28,13:00:00,tsunoda,22,TSU,Yuki,Tsunoda,2000-05-11,Japanese,rb,RB F1 Team,Italian,Yuki Tsunoda,2024,4.0
26561,1134,858,3,2,18.0,17.0,17,17,0.0,44,1,0,2024,14,13,Belgian Grand Prix,2024-07-28,13:00:00,sargeant,2,SAR,Logan,Sargeant,2000-12-31,American,williams,Williams,British,Logan Sargeant,2024,1.0
26562,1134,807,210,27,16.0,18.0,18,18,0.0,44,1,0,2024,14,13,Belgian Grand Prix,2024-07-28,13:00:00,hulkenberg,27,HUL,Nico,Hülkenberg,1987-08-19,German,haas,Haas F1 Team,American,Nico Hülkenberg,2024,-2.0
26563,1134,855,15,24,19.0,0.0,R,19,0.0,5,31,1,2024,14,13,Belgian Grand Prix,2024-07-28,13:00:00,zhou,24,ZHO,Guanyu,Zhou,1999-05-30,Chinese,sauber,Sauber,Swiss,Guanyu Zhou,2024,19.0
26564,1134,847,131,63,6.0,0.0,D,20,0.0,44,2,1,2024,14,13,Belgian Grand Prix,2024-07-28,13:00:00,russell,63,RUS,George,Russell,1998-02-15,British,mercedes,Mercedes,German,George Russell,2024,6.0
26565,1135,846,1,4,1.0,1.0,1,1,26.0,72,1,0,2024,15,39,Dutch Grand Prix,2024-08-25,13:00:00,norris,4,NOR,Lando,Norris,1999-11-13,British,mclaren,McLaren,British,Lando Norris,2024,0.0
26566,1135,830,9,1,2.0,2.0,2,2,18.0,72,1,0,2024,15,39,Dutch Grand Prix,2024-08-25,13:00:00,max_verstappen,33,VER,Max,Verstappen,1997-09-30,Dutch,red_bull,Red Bull,Austrian,Max Verstappen,2024,0.0
26567,1135,844,6,16,6.0,3.0,3,3,15.0,72,1,0,2024,15,39,Dutch Grand Prix,2024-08-25,13:00:00,leclerc,16,LEC,Charles,Leclerc,1997-10-16,Monegasque,ferrari,Ferrari,Italian,Charles Leclerc,2024,3.0
26568,1135,857,1,81,3.0,4.0,4,4,12.0,72,1,0,2024,15,39,Dutch Grand Prix,2024-08-25,13:00:00,piastri,81,PIA,Oscar,Piastri,2001-04-06,Australian,mclaren,McLaren,British,Oscar Piastri,2024,-1.0
26569,1135,832,6,55,10.0,5.0,5,5,10.0,72,1,0,2024,15,39,Dutch Grand Prix,2024-08-25,13:00:00,sainz,55,SAI,Carlos,Sainz,1994-09-01,Spanish,ferrari,Ferrari,Italian,Carlos Sainz,2024,5.0
26570,1135,815,9,11,5.0,6.0,6,6,8.0,72,1,0,2024,15,39,Dutch Grand Prix,2024-08-25,13:00:00,perez,11,PER,Sergio,Pérez,1990-01-26,Mexican,red_bull,Red Bull,Austrian,Sergio Pérez,2024,-1.0
26571,1135,847,131,63,4.0,7.0,7,7,6.0,72,1,0,2024,15,39,Dutch Grand Prix,2024-08-25,13:00:00,russell,63,RUS,George,Russell,1998-02-15,British,mercedes,Mercedes,German,George Russell,2024,-3.0
26572,1135,1,131,44,14.0,8.0,8,8,4.0,72,1,0,2024,15,39,Dutch Grand Prix,2024-08-25,13:00:00,hamilton,44,HAM,Lewis,Hamilton,1985-01-07,British,mercedes,Mercedes,German,Lewis Hamilton,2024,6.0
26573,1135,842,214,10,9.0,9.0,9,9,2.0,71,11,0,2024,15,39,Dutch Grand Prix,2024-08-25,13:00:00,gasly,10,GAS,Pierre,Gasly,1996-02-07,French,alpine,Alpine F1 Team,French,Pierre Gasly,2024,0.0
26574,1135,4,117,14,7.0,10.0,10,10,1.0,71,11,0,2024,15,39,Dutch Grand Prix,2024-08-25,13:00:00,alonso,14,ALO,Fernando,Alonso,1981-07-29,Spanish,aston_martin,Aston Martin,British,Fernando Alonso,2024,-3.0
26575,1135,807,210,27,12.0,11.0,11,11,0.0,71,11,0,2024,15,39,Dutch Grand Prix,2024-08-25,13:00:00,hulkenberg,27,HUL,Nico,Hülkenberg,1987-08-19,German,haas,Haas F1 Team,American,Nico Hülkenberg,2024,1.0
26576,1135,817,215,3,13.0,12.0,12,12,0.0,71,11,0,2024,15,39,Dutch Grand Prix,2024-08-25,13:00:00,ricciardo,3,RIC,Daniel,Ricciardo,1989-07-01,Australian,rb,RB F1 Team,Italian,Daniel Ricciardo,2024,1.0
26577,1135,840,117,18,8.0,13.0,13,13,0.0,71,11,0,2024,15,39,Dutch Grand Prix,2024-08-25,13:00:00,stroll,18,STR,Lance,Stroll,1998-10-29,Canadian,aston_martin,Aston Martin,British,Lance Stroll,2024,-5.0
26578,1135,848,3,23,19.0,14.0,14,14,0.0,71,11,0,2024,15,39,Dutch Grand Prix,2024-08-25,13:00:00,albon,23,ALB,Alexander,Albon,1996-03-23,Thai,williams,Williams,British,Alexander Albon,2024,5.0
26579,1135,839,214,31,15.0,15.0,15,15,0.0,71,11,0,2024,15,39,Dutch Grand Prix,2024-08-25,13:00:00,ocon,31,OCO,Esteban,Ocon,1996-09-17,French,alpine,Alpine F1 Team,French,Esteban Ocon,2024,0.0
26580,1135,858,3,2,18.0,16.0,16,16,0.0,71,11,0,2024,15,39,Dutch Grand Prix,2024-08-25,13:00:00,sargeant,2,SAR,Logan,Sargeant,2000-12-31,American,williams,Williams,British,Logan Sargeant,2024,2.0
26581,1135,852,215,22,11.0,17.0,17,17,0.0,71,11,0,2024,15,39,Dutch Grand Prix,2024-08-25,13:00:00,tsunoda,22,TSU,Yuki,Tsunoda,2000-05-11,Japanese,rb,RB F1 Team,Italian,Yuki Tsunoda,2024,-6.0
26582,1135,825,210,20,0.0,18.0,18,18,0.0,71,11,0,2024,15,39,Dutch Grand Prix,2024-08-25,13:00:00,kevin_magnussen,20,MAG,Kevin,Magnussen,1992-10-05,Danish,haas,Haas F1 Team,American,Kevin Magnussen,2024,-18.0
26583,1135,822,15,77,16.0,19.0,19,19,0.0,70,12,0,2024,15,39,Dutch Grand Prix,2024-08-25,13:00:00,bottas,77,BOT,Valtteri,Bottas,1989-08-28,Finnish,sauber,Sauber,Swiss,Valtteri Bottas,2024,-3.0
26584,1135,855,15,24,17.0,20.0,20,20,0.0,70,12,0,2024,15,39,Dutch Grand Prix,2024-08-25,13:00:00,zhou,24,ZHO,Guanyu,Zhou,1999-05-30,Chinese,sauber,Sauber,Swiss,Guanyu Zhou,2024,-3.0
26585,1136,844,6,16,4.0,1.0,1,1,25.0,53,1,0,2024,16,14,Italian Grand Prix,2024-09-01,13:00:00,leclerc,16,LEC,Charles,Leclerc,1997-10-16,Monegasque,ferrari,Ferrari,Italian,Charles Leclerc,2024,3.0
26586,1136,857,1,81,2.0,2.0,2,2,18.0,53,1,0,2024,16,14,Italian Grand Prix,2024-09-01,13:00:00,piastri,81,PIA,Oscar,Piastri,2001-04-06,Australian,mclaren,McLaren,British,Oscar Piastri,2024,0.0
26587,1136,846,1,4,1.0,3.0,3,3,16.0,53,1,0,2024,16,14,Italian Grand Prix,2024-09-01,13:00:00,norris,4,NOR,Lando,Norris,1999-11-13,British,mclaren,McLaren,British,Lando Norris,2024,-2.0
26588,1136,832,6,55,5.0,4.0,4,4,12.0,53,1,0,2024,16,14,Italian Grand Prix,2024-09-01,13:00:00,sainz,55,SAI,Carlos,Sainz,1994-09-01,Spanish,ferrari,Ferrari,Italian,Carlos Sainz,2024,1.0
26589,1136,1,131,44,6.0,5.0,5,5,10.0,53,1,0,2024,16,14,Italian Grand Prix,2024-09-01,13:00:00,hamilton,44,HAM,Lewis,Hamilton,1985-01-07,British,mercedes,Mercedes,German,Lewis Hamilton,2024,1.0
26590,1136,830,9,1,7.0,6.0,6,6,8.0,53,1,0,2024,16,14,Italian Grand Prix,2024-09-01,13:00:00,max_verstappen,33,VER,Max,Verstappen,1997-09-30,Dutch,red_bull,Red Bull,Austrian,Max Verstappen,2024,1.0
26591,1136,847,131,63,3.0,7.0,7,7,6.0,53,1,0,2024,16,14,Italian Grand Prix,2024-09-01,13:00:00,russell,63,RUS,George,Russell,1998-02-15,British,mercedes,Mercedes,German,George Russell,2024,-4.0
26592,1136,815,9,11,8.0,8.0,8,8,4.0,53,1,0,2024,16,14,Italian Grand Prix,2024-09-01,13:00:00,perez,11,PER,Sergio,Pérez,1990-01-26,Mexican,red_bull,Red Bull,Austrian,Sergio Pérez,2024,0.0
26593,1136,848,3,23,9.0,9.0,9,9,2.0,53,1,0,2024,16,14,Italian Grand Prix,2024-09-01,13:00:00,albon,23,ALB,Alexander,Albon,1996-03-23,Thai,williams,Williams,British,Alexander Albon,2024,0.0
26594,1136,825,210,20,13.0,10.0,10,10,1.0,53,1,0,2024,16,14,Italian Grand Prix,2024-09-01,13:00:00,kevin_magnussen,20,MAG,Kevin,Magnussen,1992-10-05,Danish,haas,Haas F1 Team,American,Kevin Magnussen,2024,3.0
26595,1136,4,117,14,11.0,11.0,11,11,0.0,53,1,0,2024,16,14,Italian Grand Prix,2024-09-01,13:00:00,alonso,14,ALO,Fernando,Alonso,1981-07-29,Spanish,aston_martin,Aston Martin,British,Fernando Alonso,2024,0.0
26596,1136,861,3,43,18.0,12.0,12,12,0.0,53,1,0,2024,16,14,Italian Grand Prix,2024-09-01,13:00:00,colapinto,43,COL,Franco,Colapinto,2003-05-27,Argentinian ,williams,Williams,British,Franco Colapinto,2024,6.0
26597,1136,817,215,3,12.0,13.0,13,13,0.0,53,1,0,2024,16,14,Italian Grand Prix,2024-09-01,13:00:00,ricciardo,3,RIC,Daniel,Ricciardo,1989-07-01,Australian,rb,RB F1 Team,Italian,Daniel Ricciardo,2024,-1.0
26598,1136,839,214,31,15.0,14.0,14,14,0.0,52,11,0,2024,16,14,Italian Grand Prix,2024-09-01,13:00:00,ocon,31,OCO,Esteban,Ocon,1996-09-17,French,alpine,Alpine F1 Team,French,Esteban Ocon,2024,1.0
26599,1136,842,214,10,14.0,15.0,15,15,0.0,52,11,0,2024,16,14,Italian Grand Prix,2024-09-01,13:00:00,gasly,10,GAS,Pierre,Gasly,1996-02-07,French,alpine,Alpine F1 Team,French,Pierre Gasly,2024,-1.0
26600,1136,822,15,77,19.0,16.0,16,16,0.0,52,11,0,2024,16,14,Italian Grand Prix,2024-09-01,13:00:00,bottas,77,BOT,Valtteri,Bottas,1989-08-28,Finnish,sauber,Sauber,Swiss,Valtteri Bottas,2024,3.0
26601,1136,807,210,27,10.0,17.0,17,17,0.0,52,11,0,2024,16,14,Italian Grand Prix,2024-09-01,13:00:00,hulkenberg,27,HUL,Nico,Hülkenberg,1987-08-19,German,haas,Haas F1 Team,American,Nico Hülkenberg,2024,-7.0
26602,1136,855,15,24,20.0,18.0,18,18,0.0,52,11,0,2024,16,14,Italian Grand Prix,2024-09-01,13:00:00,zhou,24,ZHO,Guanyu,Zhou,1999-05-30,Chinese,sauber,Sauber,Swiss,Guanyu Zhou,2024,2.0
26603,1136,840,117,18,17.0,19.0,19,19,0.0,52,11,0,2024,16,14,Italian Grand Prix,2024-09-01,13:00:00,stroll,18,STR,Lance,Stroll,1998-10-29,Canadian,aston_martin,Aston Martin,British,Lance Stroll,2024,-2.0
26604,1136,852,215,22,16.0,0.0,R,20,0.0,7,25,1,2024,16,14,Italian Grand Prix,2024-09-01,13:00:00,tsunoda,22,TSU,Yuki,Tsunoda,2000-05-11,Japanese,rb,RB F1 Team,Italian,Yuki Tsunoda,2024,16.0
26605,1137,857,1,81,2.0,1.0,1,1,25.0,51,1,0,2024,17,73,Azerbaijan Grand Prix,2024-09-15,11:00:00,piastri,81,PIA,Oscar,Piastri,2001-04-06,Australian,mclaren,McLaren,British,Oscar Piastri,2024,1.0
26606,1137,844,6,16,1.0,2.0,2,2,18.0,51,1,0,2024,17,73,Azerbaijan Grand Prix,2024-09-15,11:00:00,leclerc,16,LEC,Charles,Leclerc,1997-10-16,Monegasque,ferrari,Ferrari,Italian,Charles Leclerc,2024,-1.0
26607,1137,847,131,63,5.0,3.0,3,3,15.0,51,1,0,2024,17,73,Azerbaijan Grand Prix,2024-09-15,11:00:00,russell,63,RUS,George,Russell,1998-02-15,British,mercedes,Mercedes,German,George Russell,2024,2.0
26608,1137,846,1,4,15.0,4.0,4,4,13.0,51,1,0,2024,17,73,Azerbaijan Grand Prix,2024-09-15,11:00:00,norris,4,NOR,Lando,Norris,1999-11-13,British,mclaren,McLaren,British,Lando Norris,2024,11.0
26609,1137,830,9,1,6.0,5.0,5,5,10.0,51,1,0,2024,17,73,Azerbaijan Grand Prix,2024-09-15,11:00:00,max_verstappen,33,VER,Max,Verstappen,1997-09-30,Dutch,red_bull,Red Bull,Austrian,Max Verstappen,2024,1.0
26610,1137,4,117,14,7.0,6.0,6,6,8.0,51,1,0,2024,17,73,Azerbaijan Grand Prix,2024-09-15,11:00:00,alonso,14,ALO,Fernando,Alonso,1981-07-29,Spanish,aston_martin,Aston Martin,British,Fernando Alonso,2024,1.0
26611,1137,848,3,23,9.0,7.0,7,7,6.0,51,1,0,2024,17,73,Azerbaijan Grand Prix,2024-09-15,11:00:00,albon,23,ALB,Alexander,Albon,1996-03-23,Thai,williams,Williams,British,Alexander Albon,2024,2.0
26612,1137,861,3,43,8.0,8.0,8,8,4.0,51,1,0,2024,17,73,Azerbaijan Grand Prix,2024-09-15,11:00:00,colapinto,43,COL,Franco,Colapinto,2003-05-27,Argentinian ,williams,Williams,British,Franco Colapinto,2024,0.0
26613,1137,1,131,44,0.0,9.0,9,9,2.0,51,1,0,2024,17,73,Azerbaijan Grand Prix,2024-09-15,11:00:00,hamilton,44,HAM,Lewis,Hamilton,1985-01-07,British,mercedes,Mercedes,German,Lewis Hamilton,2024,-9.0
26614,1137,860,210,50,10.0,10.0,10,10,1.0,51,1,0,2024,17,73,Azerbaijan Grand Prix,2024-09-15,11:00:00,bearman,38,BEA,Oliver,Bearman,2005-05-08,British,haas,Haas F1 Team,American,Oliver Bearman,2024,0.0
26615,1137,807,210,27,12.0,11.0,11,11,0.0,51,1,0,2024,17,73,Azerbaijan Grand Prix,2024-09-15,11:00:00,hulkenberg,27,HUL,Nico,Hülkenberg,1987-08-19,German,haas,Haas F1 Team,American,Nico Hülkenberg,2024,1.0
26616,1137,842,214,10,18.0,12.0,12,12,0.0,51,1,0,2024,17,73,Azerbaijan Grand Prix,2024-09-15,11:00:00,gasly,10,GAS,Pierre,Gasly,1996-02-07,French,alpine,Alpine F1 Team,French,Pierre Gasly,2024,6.0
26617,1137,817,215,3,14.0,13.0,13,13,0.0,51,1,0,2024,17,73,Azerbaijan Grand Prix,2024-09-15,11:00:00,ricciardo,3,RIC,Daniel,Ricciardo,1989-07-01,Australian,rb,RB F1 Team,Italian,Daniel Ricciardo,2024,1.0
26618,1137,855,15,24,17.0,14.0,14,14,0.0,51,1,0,2024,17,73,Azerbaijan Grand Prix,2024-09-15,11:00:00,zhou,24,ZHO,Guanyu,Zhou,1999-05-30,Chinese,sauber,Sauber,Swiss,Guanyu Zhou,2024,3.0
26619,1137,839,214,31,0.0,15.0,15,15,0.0,50,11,0,2024,17,73,Azerbaijan Grand Prix,2024-09-15,11:00:00,ocon,31,OCO,Esteban,Ocon,1996-09-17,French,alpine,Alpine F1 Team,French,Esteban Ocon,2024,-15.0
26620,1137,822,15,77,16.0,16.0,16,16,0.0,50,11,0,2024,17,73,Azerbaijan Grand Prix,2024-09-15,11:00:00,bottas,77,BOT,Valtteri,Bottas,1989-08-28,Finnish,sauber,Sauber,Swiss,Valtteri Bottas,2024,0.0
26621,1137,815,9,11,4.0,17.0,17,17,0.0,49,31,0,2024,17,73,Azerbaijan Grand Prix,2024-09-15,11:00:00,perez,11,PER,Sergio,Pérez,1990-01-26,Mexican,red_bull,Red Bull,Austrian,Sergio Pérez,2024,-13.0
26622,1137,832,6,55,3.0,18.0,18,18,0.0,49,31,0,2024,17,73,Azerbaijan Grand Prix,2024-09-15,11:00:00,sainz,55,SAI,Carlos,Sainz,1994-09-01,Spanish,ferrari,Ferrari,Italian,Carlos Sainz,2024,-15.0
26623,1137,840,117,18,13.0,19.0,19,19,0.0,45,31,0,2024,17,73,Azerbaijan Grand Prix,2024-09-15,11:00:00,stroll,18,STR,Lance,Stroll,1998-10-29,Canadian,aston_martin,Aston Martin,British,Lance Stroll,2024,-6.0
26624,1137,852,215,22,11.0,0.0,R,20,0.0,14,31,1,2024,17,73,Azerbaijan Grand Prix,2024-09-15,11:00:00,tsunoda,22,TSU,Yuki,Tsunoda,2000-05-11,Japanese,rb,RB F1 Team,Italian,Yuki Tsunoda,2024,11.0
26625,1138,846,1,4,1.0,1.0,1,1,25.0,62,1,0,2024,18,15,Singapore Grand Prix,2024-09-22,12:00:00,norris,4,NOR,Lando,Norris,1999-11-13,British,mclaren,McLaren,British,Lando Norris,2024,0.0
26626,1138,830,9,1,2.0,2.0,2,2,18.0,62,1,0,2024,18,15,Singapore Grand Prix,2024-09-22,12:00:00,max_verstappen,33,VER,Max,Verstappen,1997-09-30,Dutch,red_bull,Red Bull,Austrian,Max Verstappen,2024,0.0
26627,1138,857,1,81,5.0,3.0,3,3,15.0,62,1,0,2024,18,15,Singapore Grand Prix,2024-09-22,12:00:00,piastri,81,PIA,Oscar,Piastri,2001-04-06,Australian,mclaren,McLaren,British,Oscar Piastri,2024,2.0
26628,1138,847,131,63,4.0,4.0,4,4,12.0,62,1,0,2024,18,15,Singapore Grand Prix,2024-09-22,12:00:00,russell,63,RUS,George,Russell,1998-02-15,British,mercedes,Mercedes,German,George Russell,2024,0.0
26629,1138,844,6,16,9.0,5.0,5,5,10.0,62,1,0,2024,18,15,Singapore Grand Prix,2024-09-22,12:00:00,leclerc,16,LEC,Charles,Leclerc,1997-10-16,Monegasque,ferrari,Ferrari,Italian,Charles Leclerc,2024,4.0
26630,1138,1,131,44,3.0,6.0,6,6,8.0,62,1,0,2024,18,15,Singapore Grand Prix,2024-09-22,12:00:00,hamilton,44,HAM,Lewis,Hamilton,1985-01-07,British,mercedes,Mercedes,German,Lewis Hamilton,2024,-3.0
26631,1138,832,6,55,10.0,7.0,7,7,6.0,62,1,0,2024,18,15,Singapore Grand Prix,2024-09-22,12:00:00,sainz,55,SAI,Carlos,Sainz,1994-09-01,Spanish,ferrari,Ferrari,Italian,Carlos Sainz,2024,3.0
26632,1138,4,117,14,7.0,8.0,8,8,4.0,61,11,0,2024,18,15,Singapore Grand Prix,2024-09-22,12:00:00,alonso,14,ALO,Fernando,Alonso,1981-07-29,Spanish,aston_martin,Aston Martin,British,Fernando Alonso,2024,-1.0
26633,1138,807,210,27,6.0,9.0,9,9,2.0,61,11,0,2024,18,15,Singapore Grand Prix,2024-09-22,12:00:00,hulkenberg,27,HUL,Nico,Hülkenberg,1987-08-19,German,haas,Haas F1 Team,American,Nico Hülkenberg,2024,-3.0
26634,1138,815,9,11,13.0,10.0,10,10,1.0,61,11,0,2024,18,15,Singapore Grand Prix,2024-09-22,12:00:00,perez,11,PER,Sergio,Pérez,1990-01-26,Mexican,red_bull,Red Bull,Austrian,Sergio Pérez,2024,3.0
26635,1138,861,3,43,12.0,11.0,11,11,0.0,61,11,0,2024,18,15,Singapore Grand Prix,2024-09-22,12:00:00,colapinto,43,COL,Franco,Colapinto,2003-05-27,Argentinian ,williams,Williams,British,Franco Colapinto,2024,1.0
26636,1138,852,215,22,8.0,12.0,12,12,0.0,61,11,0,2024,18,15,Singapore Grand Prix,2024-09-22,12:00:00,tsunoda,22,TSU,Yuki,Tsunoda,2000-05-11,Japanese,rb,RB F1 Team,Italian,Yuki Tsunoda,2024,-4.0
26637,1138,839,214,31,15.0,13.0,13,13,0.0,61,11,0,2024,18,15,Singapore Grand Prix,2024-09-22,12:00:00,ocon,31,OCO,Esteban,Ocon,1996-09-17,French,alpine,Alpine F1 Team,French,Esteban Ocon,2024,2.0
26638,1138,840,117,18,17.0,14.0,14,14,0.0,61,11,0,2024,18,15,Singapore Grand Prix,2024-09-22,12:00:00,stroll,18,STR,Lance,Stroll,1998-10-29,Canadian,aston_martin,Aston Martin,British,Lance Stroll,2024,3.0
26639,1138,855,15,24,20.0,15.0,15,15,0.0,61,11,0,2024,18,15,Singapore Grand Prix,2024-09-22,12:00:00,zhou,24,ZHO,Guanyu,Zhou,1999-05-30,Chinese,sauber,Sauber,Swiss,Guanyu Zhou,2024,5.0
26640,1138,822,15,77,19.0,16.0,16,16,0.0,61,11,0,2024,18,15,Singapore Grand Prix,2024-09-22,12:00:00,bottas,77,BOT,Valtteri,Bottas,1989-08-28,Finnish,sauber,Sauber,Swiss,Valtteri Bottas,2024,3.0
26641,1138,842,214,10,18.0,17.0,17,17,0.0,61,11,0,2024,18,15,Singapore Grand Prix,2024-09-22,12:00:00,gasly,10,GAS,Pierre,Gasly,1996-02-07,French,alpine,Alpine F1 Team,French,Pierre Gasly,2024,1.0
26642,1138,817,215,3,16.0,18.0,18,18,0.0,61,11,0,2024,18,15,Singapore Grand Prix,2024-09-22,12:00:00,ricciardo,3,RIC,Daniel,Ricciardo,1989-07-01,Australian,rb,RB F1 Team,Italian,Daniel Ricciardo,2024,-2.0
26643,1138,825,210,20,14.0,19.0,19,19,0.0,57,3,0,2024,18,15,Singapore Grand Prix,2024-09-22,12:00:00,kevin_magnussen,20,MAG,Kevin,Magnussen,1992-10-05,Danish,haas,Haas F1 Team,American,Kevin Magnussen,2024,-5.0
26644,1138,848,3,23,11.0,0.0,R,20,0.0,15,131,1,2024,18,15,Singapore Grand Prix,2024-09-22,12:00:00,albon,23,ALB,Alexander,Albon,1996-03-23,Thai,williams,Williams,British,Alexander Albon,2024,11.0
26645,1139,844,6,16,4.0,1.0,1,1,25.0,56,1,0,2024,19,69,United States Grand Prix,2024-10-20,19:00:00,leclerc,16,LEC,Charles,Leclerc,1997-10-16,Monegasque,ferrari,Ferrari,Italian,Charles Leclerc,2024,3.0
26646,1139,832,6,55,3.0,2.0,2,2,18.0,56,1,0,2024,19,69,United States Grand Prix,2024-10-20,19:00:00,sainz,55,SAI,Carlos,Sainz,1994-09-01,Spanish,ferrari,Ferrari,Italian,Carlos Sainz,2024,1.0
26647,1139,830,9,1,2.0,3.0,3,3,15.0,56,1,0,2024,19,69,United States Grand Prix,2024-10-20,19:00:00,max_verstappen,33,VER,Max,Verstappen,1997-09-30,Dutch,red_bull,Red Bull,Austrian,Max Verstappen,2024,-1.0
26648,1139,846,1,4,1.0,4.0,4,4,12.0,56,1,0,2024,19,69,United States Grand Prix,2024-10-20,19:00:00,norris,4,NOR,Lando,Norris,1999-11-13,British,mclaren,McLaren,British,Lando Norris,2024,-3.0
26649,1139,857,1,81,5.0,5.0,5,5,10.0,56,1,0,2024,19,69,United States Grand Prix,2024-10-20,19:00:00,piastri,81,PIA,Oscar,Piastri,2001-04-06,Australian,mclaren,McLaren,British,Oscar Piastri,2024,0.0
26650,1139,847,131,63,20.0,6.0,6,6,8.0,56,1,0,2024,19,69,United States Grand Prix,2024-10-20,19:00:00,russell,63,RUS,George,Russell,1998-02-15,British,mercedes,Mercedes,German,George Russell,2024,14.0
26651,1139,815,9,11,9.0,7.0,7,7,6.0,56,1,0,2024,19,69,United States Grand Prix,2024-10-20,19:00:00,perez,11,PER,Sergio,Pérez,1990-01-26,Mexican,red_bull,Red Bull,Austrian,Sergio Pérez,2024,2.0
26652,1139,807,210,27,11.0,8.0,8,8,4.0,56,1,0,2024,19,69,United States Grand Prix,2024-10-20,19:00:00,hulkenberg,27,HUL,Nico,Hülkenberg,1987-08-19,German,haas,Haas F1 Team,American,Nico Hülkenberg,2024,3.0
26653,1139,859,215,30,19.0,9.0,9,9,2.0,56,1,0,2024,19,69,United States Grand Prix,2024-10-20,19:00:00,lawson,30,LAW,Liam,Lawson,2002-02-11,New Zealander,rb,RB F1 Team,Italian,Liam Lawson,2024,10.0
26654,1139,861,3,43,15.0,10.0,10,10,1.0,56,1,0,2024,19,69,United States Grand Prix,2024-10-20,19:00:00,colapinto,43,COL,Franco,Colapinto,2003-05-27,Argentinian ,williams,Williams,British,Franco Colapinto,2024,5.0
26655,1139,825,210,20,8.0,11.0,11,11,0.0,56,1,0,2024,19,69,United States Grand Prix,2024-10-20,19:00:00,kevin_magnussen,20,MAG,Kevin,Magnussen,1992-10-05,Danish,haas,Haas F1 Team,American,Kevin Magnussen,2024,-3.0
26656,1139,842,214,10,6.0,12.0,12,12,0.0,56,1,0,2024,19,69,United States Grand Prix,2024-10-20,19:00:00,gasly,10,GAS,Pierre,Gasly,1996-02-07,French,alpine,Alpine F1 Team,French,Pierre Gasly,2024,-6.0
26657,1139,4,117,14,7.0,13.0,13,13,0.0,55,11,0,2024,19,69,United States Grand Prix,2024-10-20,19:00:00,alonso,14,ALO,Fernando,Alonso,1981-07-29,Spanish,aston_martin,Aston Martin,British,Fernando Alonso,2024,-6.0
26658,1139,852,215,22,10.0,14.0,14,14,0.0,55,11,0,2024,19,69,United States Grand Prix,2024-10-20,19:00:00,tsunoda,22,TSU,Yuki,Tsunoda,2000-05-11,Japanese,rb,RB F1 Team,Italian,Yuki Tsunoda,2024,-4.0
26659,1139,840,117,18,13.0,15.0,15,15,0.0,55,11,0,2024,19,69,United States Grand Prix,2024-10-20,19:00:00,stroll,18,STR,Lance,Stroll,1998-10-29,Canadian,aston_martin,Aston Martin,British,Lance Stroll,2024,-2.0
26660,1139,848,3,23,14.0,16.0,16,16,0.0,55,11,0,2024,19,69,United States Grand Prix,2024-10-20,19:00:00,albon,23,ALB,Alexander,Albon,1996-03-23,Thai,williams,Williams,British,Alexander Albon,2024,-2.0
26661,1139,822,15,77,16.0,17.0,17,17,0.0,55,11,0,2024,19,69,United States Grand Prix,2024-10-20,19:00:00,bottas,77,BOT,Valtteri,Bottas,1989-08-28,Finnish,sauber,Sauber,Swiss,Valtteri Bottas,2024,-1.0
26662,1139,839,214,31,12.0,18.0,18,18,0.0,55,11,0,2024,19,69,United States Grand Prix,2024-10-20,19:00:00,ocon,31,OCO,Esteban,Ocon,1996-09-17,French,alpine,Alpine F1 Team,French,Esteban Ocon,2024,-6.0
26663,1139,855,15,24,18.0,19.0,19,19,0.0,55,11,0,2024,19,69,United States Grand Prix,2024-10-20,19:00:00,zhou,24,ZHO,Guanyu,Zhou,1999-05-30,Chinese,sauber,Sauber,Swiss,Guanyu Zhou,2024,-1.0
26664,1139,1,131,44,17.0,0.0,R,20,0.0,1,20,1,2024,19,69,United States Grand Prix,2024-10-20,19:00:00,hamilton,44,HAM,Lewis,Hamilton,1985-01-07,British,mercedes,Mercedes,German,Lewis Hamilton,2024,17.0
26665,1140,832,6,55,1.0,1.0,1,1,25.0,71,1,0,2024,20,32,Mexico City Grand Prix,2024-10-27,20:00:00,sainz,55,SAI,Carlos,Sainz,1994-09-01,Spanish,ferrari,Ferrari,Italian,Carlos Sainz,2024,0.0
26666,1140,846,1,4,3.0,2.0,2,2,18.0,71,1,0,2024,20,32,Mexico City Grand Prix,2024-10-27,20:00:00,norris,4,NOR,Lando,Norris,1999-11-13,British,mclaren,McLaren,British,Lando Norris,2024,1.0
26667,1140,844,6,16,4.0,3.0,3,3,16.0,71,1,0,2024,20,32,Mexico City Grand Prix,2024-10-27,20:00:00,leclerc,16,LEC,Charles,Leclerc,1997-10-16,Monegasque,ferrari,Ferrari,Italian,Charles Leclerc,2024,1.0
26668,1140,1,131,44,6.0,4.0,4,4,12.0,71,1,0,2024,20,32,Mexico City Grand Prix,2024-10-27,20:00:00,hamilton,44,HAM,Lewis,Hamilton,1985-01-07,British,mercedes,Mercedes,German,Lewis Hamilton,2024,2.0
26669,1140,847,131,63,5.0,5.0,5,5,10.0,71,1,0,2024,20,32,Mexico City Grand Prix,2024-10-27,20:00:00,russell,63,RUS,George,Russell,1998-02-15,British,mercedes,Mercedes,German,George Russell,2024,0.0
26670,1140,830,9,1,2.0,6.0,6,6,8.0,71,1,0,2024,20,32,Mexico City Grand Prix,2024-10-27,20:00:00,max_verstappen,33,VER,Max,Verstappen,1997-09-30,Dutch,red_bull,Red Bull,Austrian,Max Verstappen,2024,-4.0
26671,1140,825,210,20,7.0,7.0,7,7,6.0,71,1,0,2024,20,32,Mexico City Grand Prix,2024-10-27,20:00:00,kevin_magnussen,20,MAG,Kevin,Magnussen,1992-10-05,Danish,haas,Haas F1 Team,American,Kevin Magnussen,2024,0.0
26672,1140,857,1,81,17.0,8.0,8,8,4.0,71,1,0,2024,20,32,Mexico City Grand Prix,2024-10-27,20:00:00,piastri,81,PIA,Oscar,Piastri,2001-04-06,Australian,mclaren,McLaren,British,Oscar Piastri,2024,9.0
26673,1140,807,210,27,10.0,9.0,9,9,2.0,70,11,0,2024,20,32,Mexico City Grand Prix,2024-10-27,20:00:00,hulkenberg,27,HUL,Nico,Hülkenberg,1987-08-19,German,haas,Haas F1 Team,American,Nico Hülkenberg,2024,1.0
26674,1140,842,214,10,8.0,10.0,10,10,1.0,70,11,0,2024,20,32,Mexico City Grand Prix,2024-10-27,20:00:00,gasly,10,GAS,Pierre,Gasly,1996-02-07,French,alpine,Alpine F1 Team,French,Pierre Gasly,2024,-2.0
26675,1140,840,117,18,14.0,11.0,11,11,0.0,70,11,0,2024,20,32,Mexico City Grand Prix,2024-10-27,20:00:00,stroll,18,STR,Lance,Stroll,1998-10-29,Canadian,aston_martin,Aston Martin,British,Lance Stroll,2024,3.0
26676,1140,861,3,43,16.0,12.0,12,12,0.0,70,11,0,2024,20,32,Mexico City Grand Prix,2024-10-27,20:00:00,colapinto,43,COL,Franco,Colapinto,2003-05-27,Argentinian ,williams,Williams,British,Franco Colapinto,2024,4.0
26677,1140,839,214,31,0.0,13.0,13,13,0.0,70,11,0,2024,20,32,Mexico City Grand Prix,2024-10-27,20:00:00,ocon,31,OCO,Esteban,Ocon,1996-09-17,French,alpine,Alpine F1 Team,French,Esteban Ocon,2024,-13.0
26678,1140,822,15,77,15.0,14.0,14,14,0.0,70,11,0,2024,20,32,Mexico City Grand Prix,2024-10-27,20:00:00,bottas,77,BOT,Valtteri,Bottas,1989-08-28,Finnish,sauber,Sauber,Swiss,Valtteri Bottas,2024,1.0
26679,1140,855,15,24,19.0,15.0,15,15,0.0,70,11,0,2024,20,32,Mexico City Grand Prix,2024-10-27,20:00:00,zhou,24,ZHO,Guanyu,Zhou,1999-05-30,Chinese,sauber,Sauber,Swiss,Guanyu Zhou,2024,4.0
26680,1140,859,215,30,12.0,16.0,16,16,0.0,70,11,0,2024,20,32,Mexico City Grand Prix,2024-10-27,20:00:00,lawson,30,LAW,Liam,Lawson,2002-02-11,New Zealander,rb,RB F1 Team,Italian,Liam Lawson,2024,-4.0
26681,1140,815,9,11,18.0,17.0,17,17,0.0,70,11,0,2024,20,32,Mexico City Grand Prix,2024-10-27,20:00:00,perez,11,PER,Sergio,Pérez,1990-01-26,Mexican,red_bull,Red Bull,Austrian,Sergio Pérez,2024,1.0
26682,1140,4,117,14,13.0,0.0,R,18,0.0,15,23,1,2024,20,32,Mexico City Grand Prix,2024-10-27,20:00:00,alonso,14,ALO,Fernando,Alonso,1981-07-29,Spanish,aston_martin,Aston Martin,British,Fernando Alonso,2024,13.0
26683,1140,848,3,23,9.0,0.0,R,19,0.0,0,4,1,2024,20,32,Mexico City Grand Prix,2024-10-27,20:00:00,albon,23,ALB,Alexander,Albon,1996-03-23,Thai,williams,Williams,British,Alexander Albon,2024,9.0
26684,1140,852,215,22,11.0,0.0,R,20,0.0,0,4,1,2024,20,32,Mexico City Grand Prix,2024-10-27,20:00:00,tsunoda,22,TSU,Yuki,Tsunoda,2000-05-11,Japanese,rb,RB F1 Team,Italian,Yuki Tsunoda,2024,11.0
26685,1141,830,9,1,17.0,1.0,1,1,26.0,69,1,0,2024,21,18,São Paulo Grand Prix,2024-11-03,17:00:00,max_verstappen,33,VER,Max,Verstappen,1997-09-30,Dutch,red_bull,Red Bull,Austrian,Max Verstappen,2024,16.0
26686,1141,839,214,31,4.0,2.0,2,2,18.0,69,1,0,2024,21,18,São Paulo Grand Prix,2024-11-03,17:00:00,ocon,31,OCO,Esteban,Ocon,1996-09-17,French,alpine,Alpine F1 Team,French,Esteban Ocon,2024,2.0
26687,1141,842,214,10,13.0,3.0,3,3,15.0,69,1,0,2024,21,18,São Paulo Grand Prix,2024-11-03,17:00:00,gasly,10,GAS,Pierre,Gasly,1996-02-07,French,alpine,Alpine F1 Team,French,Pierre Gasly,2024,10.0
26688,1141,847,131,63,2.0,4.0,4,4,12.0,69,1,0,2024,21,18,São Paulo Grand Prix,2024-11-03,17:00:00,russell,63,RUS,George,Russell,1998-02-15,British,mercedes,Mercedes,German,George Russell,2024,-2.0
26689,1141,844,6,16,6.0,5.0,5,5,10.0,69,1,0,2024,21,18,São Paulo Grand Prix,2024-11-03,17:00:00,leclerc,16,LEC,Charles,Leclerc,1997-10-16,Monegasque,ferrari,Ferrari,Italian,Charles Leclerc,2024,1.0
26690,1141,846,1,4,1.0,6.0,6,6,8.0,69,1,0,2024,21,18,São Paulo Grand Prix,2024-11-03,17:00:00,norris,4,NOR,Lando,Norris,1999-11-13,British,mclaren,McLaren,British,Lando Norris,2024,-5.0
26691,1141,852,215,22,3.0,7.0,7,7,6.0,69,1,0,2024,21,18,São Paulo Grand Prix,2024-11-03,17:00:00,tsunoda,22,TSU,Yuki,Tsunoda,2000-05-11,Japanese,rb,RB F1 Team,Italian,Yuki Tsunoda,2024,-4.0
26692,1141,857,1,81,8.0,8.0,8,8,4.0,69,1,0,2024,21,18,São Paulo Grand Prix,2024-11-03,17:00:00,piastri,81,PIA,Oscar,Piastri,2001-04-06,Australian,mclaren,McLaren,British,Oscar Piastri,2024,0.0
26693,1141,859,215,30,5.0,9.0,9,9,2.0,69,1,0,2024,21,18,São Paulo Grand Prix,2024-11-03,17:00:00,lawson,30,LAW,Liam,Lawson,2002-02-11,New Zealander,rb,RB F1 Team,Italian,Liam Lawson,2024,-4.0
26694,1141,1,131,44,14.0,10.0,10,10,1.0,69,1,0,2024,21,18,São Paulo Grand Prix,2024-11-03,17:00:00,hamilton,44,HAM,Lewis,Hamilton,1985-01-07,British,mercedes,Mercedes,German,Lewis Hamilton,2024,4.0
26695,1141,815,9,11,12.0,11.0,11,11,0.0,69,1,0,2024,21,18,São Paulo Grand Prix,2024-11-03,17:00:00,perez,11,PER,Sergio,Pérez,1990-01-26,Mexican,red_bull,Red Bull,Austrian,Sergio Pérez,2024,1.0
26696,1141,860,210,50,15.0,12.0,12,12,0.0,69,1,0,2024,21,18,São Paulo Grand Prix,2024-11-03,17:00:00,bearman,38,BEA,Oliver,Bearman,2005-05-08,British,haas,Haas F1 Team,American,Oliver Bearman,2024,3.0
26697,1141,822,15,77,11.0,13.0,13,13,0.0,69,1,0,2024,21,18,São Paulo Grand Prix,2024-11-03,17:00:00,bottas,77,BOT,Valtteri,Bottas,1989-08-28,Finnish,sauber,Sauber,Swiss,Valtteri Bottas,2024,-2.0
26698,1141,4,117,14,9.0,14.0,14,14,0.0,69,1,0,2024,21,18,São Paulo Grand Prix,2024-11-03,17:00:00,alonso,14,ALO,Fernando,Alonso,1981-07-29,Spanish,aston_martin,Aston Martin,British,Fernando Alonso,2024,-5.0
26699,1141,855,15,24,19.0,15.0,15,15,0.0,69,1,0,2024,21,18,São Paulo Grand Prix,2024-11-03,17:00:00,zhou,24,ZHO,Guanyu,Zhou,1999-05-30,Chinese,sauber,Sauber,Swiss,Guanyu Zhou,2024,4.0
26700,1141,832,6,55,0.0,0.0,R,16,0.0,38,3,1,2024,21,18,São Paulo Grand Prix,2024-11-03,17:00:00,sainz,55,SAI,Carlos,Sainz,1994-09-01,Spanish,ferrari,Ferrari,Italian,Carlos Sainz,2024,0.0
26701,1141,861,3,43,16.0,0.0,R,17,0.0,30,3,1,2024,21,18,São Paulo Grand Prix,2024-11-03,17:00:00,colapinto,43,COL,Franco,Colapinto,2003-05-27,Argentinian ,williams,Williams,British,Franco Colapinto,2024,16.0
26702,1141,848,3,23,7.0,0.0,W,18,0.0,0,54,1,2024,21,18,São Paulo Grand Prix,2024-11-03,17:00:00,albon,23,ALB,Alexander,Albon,1996-03-23,Thai,williams,Williams,British,Alexander Albon,2024,7.0
26703,1141,840,117,18,10.0,0.0,W,19,0.0,0,54,1,2024,21,18,São Paulo Grand Prix,2024-11-03,17:00:00,stroll,18,STR,Lance,Stroll,1998-10-29,Canadian,aston_martin,Aston Martin,British,Lance Stroll,2024,10.0
26704,1141,807,210,27,17.0,0.0,D,20,0.0,0,2,1,2024,21,18,São Paulo Grand Prix,2024-11-03,17:00:00,hulkenberg,27,HUL,Nico,Hülkenberg,1987-08-19,German,haas,Haas F1 Team,American,Nico Hülkenberg,2024,17.0
26705,1142,847,131,63,1.0,1.0,1,1,25.0,50,1,0,2024,22,80,Las Vegas Grand Prix,2024-11-23,06:00:00,russell,63,RUS,George,Russell,1998-02-15,British,mercedes,Mercedes,German,George Russell,2024,0.0
26706,1142,1,131,44,10.0,2.0,2,2,18.0,50,1,0,2024,22,80,Las Vegas Grand Prix,2024-11-23,06:00:00,hamilton,44,HAM,Lewis,Hamilton,1985-01-07,British,mercedes,Mercedes,German,Lewis Hamilton,2024,8.0
26707,1142,832,6,55,2.0,3.0,3,3,15.0,50,1,0,2024,22,80,Las Vegas Grand Prix,2024-11-23,06:00:00,sainz,55,SAI,Carlos,Sainz,1994-09-01,Spanish,ferrari,Ferrari,Italian,Carlos Sainz,2024,-1.0
26708,1142,844,6,16,4.0,4.0,4,4,12.0,50,1,0,2024,22,80,Las Vegas Grand Prix,2024-11-23,06:00:00,leclerc,16,LEC,Charles,Leclerc,1997-10-16,Monegasque,ferrari,Ferrari,Italian,Charles Leclerc,2024,0.0
26709,1142,830,9,1,5.0,5.0,5,5,10.0,50,1,0,2024,22,80,Las Vegas Grand Prix,2024-11-23,06:00:00,max_verstappen,33,VER,Max,Verstappen,1997-09-30,Dutch,red_bull,Red Bull,Austrian,Max Verstappen,2024,0.0
26710,1142,846,1,4,6.0,6.0,6,6,9.0,50,1,0,2024,22,80,Las Vegas Grand Prix,2024-11-23,06:00:00,norris,4,NOR,Lando,Norris,1999-11-13,British,mclaren,McLaren,British,Lando Norris,2024,0.0
26711,1142,857,1,81,8.0,7.0,7,7,6.0,50,1,0,2024,22,80,Las Vegas Grand Prix,2024-11-23,06:00:00,piastri,81,PIA,Oscar,Piastri,2001-04-06,Australian,mclaren,McLaren,British,Oscar Piastri,2024,1.0
26712,1142,807,210,27,9.0,8.0,8,8,4.0,50,1,0,2024,22,80,Las Vegas Grand Prix,2024-11-23,06:00:00,hulkenberg,27,HUL,Nico,Hülkenberg,1987-08-19,German,haas,Haas F1 Team,American,Nico Hülkenberg,2024,1.0
26713,1142,852,215,22,7.0,9.0,9,9,2.0,50,1,0,2024,22,80,Las Vegas Grand Prix,2024-11-23,06:00:00,tsunoda,22,TSU,Yuki,Tsunoda,2000-05-11,Japanese,rb,RB F1 Team,Italian,Yuki Tsunoda,2024,-2.0
26714,1142,815,9,11,15.0,10.0,10,10,1.0,50,1,0,2024,22,80,Las Vegas Grand Prix,2024-11-23,06:00:00,perez,11,PER,Sergio,Pérez,1990-01-26,Mexican,red_bull,Red Bull,Austrian,Sergio Pérez,2024,5.0
26715,1142,4,117,14,16.0,11.0,11,11,0.0,50,1,0,2024,22,80,Las Vegas Grand Prix,2024-11-23,06:00:00,alonso,14,ALO,Fernando,Alonso,1981-07-29,Spanish,aston_martin,Aston Martin,British,Fernando Alonso,2024,5.0
26716,1142,825,210,20,12.0,12.0,12,12,0.0,50,1,0,2024,22,80,Las Vegas Grand Prix,2024-11-23,06:00:00,kevin_magnussen,20,MAG,Kevin,Magnussen,1992-10-05,Danish,haas,Haas F1 Team,American,Kevin Magnussen,2024,0.0
26717,1142,855,15,24,13.0,13.0,13,13,0.0,50,1,0,2024,22,80,Las Vegas Grand Prix,2024-11-23,06:00:00,zhou,24,ZHO,Guanyu,Zhou,1999-05-30,Chinese,sauber,Sauber,Swiss,Guanyu Zhou,2024,0.0
26718,1142,861,3,43,0.0,14.0,14,14,0.0,50,1,0,2024,22,80,Las Vegas Grand Prix,2024-11-23,06:00:00,colapinto,43,COL,Franco,Colapinto,2003-05-27,Argentinian ,williams,Williams,British,Franco Colapinto,2024,-14.0
26719,1142,840,117,18,18.0,15.0,15,15,0.0,50,1,0,2024,22,80,Las Vegas Grand Prix,2024-11-23,06:00:00,stroll,18,STR,Lance,Stroll,1998-10-29,Canadian,aston_martin,Aston Martin,British,Lance Stroll,2024,3.0
26720,1142,859,215,30,14.0,16.0,16,16,0.0,50,1,0,2024,22,80,Las Vegas Grand Prix,2024-11-23,06:00:00,lawson,30,LAW,Liam,Lawson,2002-02-11,New Zealander,rb,RB F1 Team,Italian,Liam Lawson,2024,-2.0
26721,1142,839,214,31,11.0,17.0,17,17,0.0,49,11,0,2024,22,80,Las Vegas Grand Prix,2024-11-23,06:00:00,ocon,31,OCO,Esteban,Ocon,1996-09-17,French,alpine,Alpine F1 Team,French,Esteban Ocon,2024,-6.0
26722,1142,822,15,77,19.0,18.0,18,18,0.0,49,11,0,2024,22,80,Las Vegas Grand Prix,2024-11-23,06:00:00,bottas,77,BOT,Valtteri,Bottas,1989-08-28,Finnish,sauber,Sauber,Swiss,Valtteri Bottas,2024,1.0
26723,1142,848,3,23,17.0,0.0,R,19,0.0,25,21,1,2024,22,80,Las Vegas Grand Prix,2024-11-23,06:00:00,albon,23,ALB,Alexander,Albon,1996-03-23,Thai,williams,Williams,British,Alexander Albon,2024,17.0
26724,1142,842,214,10,3.0,0.0,R,20,0.0,15,5,1,2024,22,80,Las Vegas Grand Prix,2024-11-23,06:00:00,gasly,10,GAS,Pierre,Gasly,1996-02-07,French,alpine,Alpine F1 Team,French,Pierre Gasly,2024,3.0
26725,1143,830,9,1,2.0,1.0,1,1,25.0,57,1,0,2024,23,78,Qatar Grand Prix,2024-12-01,17:00:00,max_verstappen,33,VER,Max,Verstappen,1997-09-30,Dutch,red_bull,Red Bull,Austrian,Max Verstappen,2024,1.0
26726,1143,844,6,16,5.0,2.0,2,2,18.0,57,1,0,2024,23,78,Qatar Grand Prix,2024-12-01,17:00:00,leclerc,16,LEC,Charles,Leclerc,1997-10-16,Monegasque,ferrari,Ferrari,Italian,Charles Leclerc,2024,3.0
26727,1143,857,1,81,4.0,3.0,3,3,15.0,57,1,0,2024,23,78,Qatar Grand Prix,2024-12-01,17:00:00,piastri,81,PIA,Oscar,Piastri,2001-04-06,Australian,mclaren,McLaren,British,Oscar Piastri,2024,1.0
26728,1143,847,131,63,1.0,4.0,4,4,12.0,57,1,0,2024,23,78,Qatar Grand Prix,2024-12-01,17:00:00,russell,63,RUS,George,Russell,1998-02-15,British,mercedes,Mercedes,German,George Russell,2024,-3.0
26729,1143,842,214,10,11.0,5.0,5,5,10.0,57,1,0,2024,23,78,Qatar Grand Prix,2024-12-01,17:00:00,gasly,10,GAS,Pierre,Gasly,1996-02-07,French,alpine,Alpine F1 Team,French,Pierre Gasly,2024,6.0
26730,1143,832,6,55,7.0,6.0,6,6,8.0,57,1,0,2024,23,78,Qatar Grand Prix,2024-12-01,17:00:00,sainz,55,SAI,Carlos,Sainz,1994-09-01,Spanish,ferrari,Ferrari,Italian,Carlos Sainz,2024,1.0
26731,1143,4,117,14,8.0,7.0,7,7,6.0,57,1,0,2024,23,78,Qatar Grand Prix,2024-12-01,17:00:00,alonso,14,ALO,Fernando,Alonso,1981-07-29,Spanish,aston_martin,Aston Martin,British,Fernando Alonso,2024,1.0
26732,1143,855,15,24,12.0,8.0,8,8,4.0,57,1,0,2024,23,78,Qatar Grand Prix,2024-12-01,17:00:00,zhou,24,ZHO,Guanyu,Zhou,1999-05-30,Chinese,sauber,Sauber,Swiss,Guanyu Zhou,2024,4.0
26733,1143,825,210,20,10.0,9.0,9,9,2.0,57,1,0,2024,23,78,Qatar Grand Prix,2024-12-01,17:00:00,kevin_magnussen,20,MAG,Kevin,Magnussen,1992-10-05,Danish,haas,Haas F1 Team,American,Kevin Magnussen,2024,1.0
26734,1143,846,1,4,3.0,10.0,10,10,2.0,57,1,0,2024,23,78,Qatar Grand Prix,2024-12-01,17:00:00,norris,4,NOR,Lando,Norris,1999-11-13,British,mclaren,McLaren,British,Lando Norris,2024,-7.0
26735,1143,822,15,77,13.0,11.0,11,11,0.0,57,1,0,2024,23,78,Qatar Grand Prix,2024-12-01,17:00:00,bottas,77,BOT,Valtteri,Bottas,1989-08-28,Finnish,sauber,Sauber,Swiss,Valtteri Bottas,2024,2.0
26736,1143,1,131,44,6.0,12.0,12,12,0.0,57,1,0,2024,23,78,Qatar Grand Prix,2024-12-01,17:00:00,hamilton,44,HAM,Lewis,Hamilton,1985-01-07,British,mercedes,Mercedes,German,Lewis Hamilton,2024,-6.0
26737,1143,852,215,22,14.0,13.0,13,13,0.0,57,1,0,2024,23,78,Qatar Grand Prix,2024-12-01,17:00:00,tsunoda,22,TSU,Yuki,Tsunoda,2000-05-11,Japanese,rb,RB F1 Team,Italian,Yuki Tsunoda,2024,1.0
26738,1143,859,215,30,17.0,14.0,14,14,0.0,57,1,0,2024,23,78,Qatar Grand Prix,2024-12-01,17:00:00,lawson,30,LAW,Liam,Lawson,2002-02-11,New Zealander,rb,RB F1 Team,Italian,Liam Lawson,2024,3.0
26739,1143,848,3,23,16.0,15.0,15,15,0.0,56,11,0,2024,23,78,Qatar Grand Prix,2024-12-01,17:00:00,albon,23,ALB,Alexander,Albon,1996-03-23,Thai,williams,Williams,British,Alexander Albon,2024,1.0
26740,1143,807,210,27,18.0,0.0,R,16,0.0,39,20,1,2024,23,78,Qatar Grand Prix,2024-12-01,17:00:00,hulkenberg,27,HUL,Nico,Hülkenberg,1987-08-19,German,haas,Haas F1 Team,American,Nico Hülkenberg,2024,18.0
26741,1143,815,9,11,9.0,0.0,R,17,0.0,38,20,1,2024,23,78,Qatar Grand Prix,2024-12-01,17:00:00,perez,11,PER,Sergio,Pérez,1990-01-26,Mexican,red_bull,Red Bull,Austrian,Sergio Pérez,2024,9.0
26742,1143,840,117,18,15.0,0.0,R,18,0.0,8,130,1,2024,23,78,Qatar Grand Prix,2024-12-01,17:00:00,stroll,18,STR,Lance,Stroll,1998-10-29,Canadian,aston_martin,Aston Martin,British,Lance Stroll,2024,15.0
26743,1143,861,3,43,19.0,0.0,R,19,0.0,0,4,1,2024,23,78,Qatar Grand Prix,2024-12-01,17:00:00,colapinto,43,COL,Franco,Colapinto,2003-05-27,Argentinian ,williams,Williams,British,Franco Colapinto,2024,19.0
26744,1143,839,214,31,20.0,0.0,R,20,0.0,0,4,1,2024,23,78,Qatar Grand Prix,2024-12-01,17:00:00,ocon,31,OCO,Esteban,Ocon,1996-09-17,French,alpine,Alpine F1 Team,French,Esteban Ocon,2024,20.0
26745,1144,846,1,4,1.0,1.0,1,1,25.0,58,1,0,2024,24,24,Abu Dhabi Grand Prix,2024-12-08,13:00:00,norris,4,NOR,Lando,Norris,1999-11-13,British,mclaren,McLaren,British,Lando Norris,2024,0.0
26746,1144,832,6,55,3.0,2.0,2,2,18.0,58,1,0,2024,24,24,Abu Dhabi Grand Prix,2024-12-08,13:00:00,sainz,55,SAI,Carlos,Sainz,1994-09-01,Spanish,ferrari,Ferrari,Italian,Carlos Sainz,2024,1.0
26747,1144,844,6,16,19.0,3.0,3,3,15.0,58,1,0,2024,24,24,Abu Dhabi Grand Prix,2024-12-08,13:00:00,leclerc,16,LEC,Charles,Leclerc,1997-10-16,Monegasque,ferrari,Ferrari,Italian,Charles Leclerc,2024,16.0
26748,1144,1,131,44,16.0,4.0,4,4,12.0,58,1,0,2024,24,24,Abu Dhabi Grand Prix,2024-12-08,13:00:00,hamilton,44,HAM,Lewis,Hamilton,1985-01-07,British,mercedes,Mercedes,German,Lewis Hamilton,2024,12.0
26749,1144,847,131,63,6.0,5.0,5,5,10.0,58,1,0,2024,24,24,Abu Dhabi Grand Prix,2024-12-08,13:00:00,russell,63,RUS,George,Russell,1998-02-15,British,mercedes,Mercedes,German,George Russell,2024,1.0
26750,1144,830,9,1,4.0,6.0,6,6,8.0,58,1,0,2024,24,24,Abu Dhabi Grand Prix,2024-12-08,13:00:00,max_verstappen,33,VER,Max,Verstappen,1997-09-30,Dutch,red_bull,Red Bull,Austrian,Max Verstappen,2024,-2.0
26751,1144,842,214,10,5.0,7.0,7,7,6.0,58,1,0,2024,24,24,Abu Dhabi Grand Prix,2024-12-08,13:00:00,gasly,10,GAS,Pierre,Gasly,1996-02-07,French,alpine,Alpine F1 Team,French,Pierre Gasly,2024,-2.0
26752,1144,807,210,27,7.0,8.0,8,8,4.0,58,1,0,2024,24,24,Abu Dhabi Grand Prix,2024-12-08,13:00:00,hulkenberg,27,HUL,Nico,Hülkenberg,1987-08-19,German,haas,Haas F1 Team,American,Nico Hülkenberg,2024,-1.0
26753,1144,4,117,14,8.0,9.0,9,9,2.0,58,1,0,2024,24,24,Abu Dhabi Grand Prix,2024-12-08,13:00:00,alonso,14,ALO,Fernando,Alonso,1981-07-29,Spanish,aston_martin,Aston Martin,British,Fernando Alonso,2024,-1.0
26754,1144,857,1,81,2.0,10.0,10,10,1.0,58,1,0,2024,24,24,Abu Dhabi Grand Prix,2024-12-08,13:00:00,piastri,81,PIA,Oscar,Piastri,2001-04-06,Australian,mclaren,McLaren,British,Oscar Piastri,2024,-8.0
26755,1144,848,3,23,18.0,11.0,11,11,0.0,57,11,0,2024,24,24,Abu Dhabi Grand Prix,2024-12-08,13:00:00,albon,23,ALB,Alexander,Albon,1996-03-23,Thai,williams,Williams,British,Alexander Albon,2024,7.0
26756,1144,852,215,22,11.0,12.0,12,12,0.0,57,11,0,2024,24,24,Abu Dhabi Grand Prix,2024-12-08,13:00:00,tsunoda,22,TSU,Yuki,Tsunoda,2000-05-11,Japanese,rb,RB F1 Team,Italian,Yuki Tsunoda,2024,-1.0
26757,1144,855,15,24,15.0,13.0,13,13,0.0,57,11,0,2024,24,24,Abu Dhabi Grand Prix,2024-12-08,13:00:00,zhou,24,ZHO,Guanyu,Zhou,1999-05-30,Chinese,sauber,Sauber,Swiss,Guanyu Zhou,2024,2.0
26758,1144,840,117,18,13.0,14.0,14,14,0.0,57,11,0,2024,24,24,Abu Dhabi Grand Prix,2024-12-08,13:00:00,stroll,18,STR,Lance,Stroll,1998-10-29,Canadian,aston_martin,Aston Martin,British,Lance Stroll,2024,-1.0
26759,1144,862,214,61,17.0,15.0,15,15,0.0,57,11,0,2024,24,24,Abu Dhabi Grand Prix,2024-12-08,13:00:00,doohan,61,DOO,Jack,Doohan,2003-01-20,Australian,alpine,Alpine F1 Team,French,Jack Doohan,2024,2.0
26760,1144,825,210,20,14.0,16.0,16,16,0.0,57,11,0,2024,24,24,Abu Dhabi Grand Prix,2024-12-08,13:00:00,kevin_magnussen,20,MAG,Kevin,Magnussen,1992-10-05,Danish,haas,Haas F1 Team,American,Kevin Magnussen,2024,-2.0
26761,1144,859,215,30,12.0,17.0,17,17,0.0,55,5,0,2024,24,24,Abu Dhabi Grand Prix,2024-12-08,13:00:00,lawson,30,LAW,Liam,Lawson,2002-02-11,New Zealander,rb,RB F1 Team,Italian,Liam Lawson,2024,-5.0
26762,1144,822,15,77,9.0,0.0,R,18,0.0,30,130,1,2024,24,24,Abu Dhabi Grand Prix,2024-12-08,13:00:00,bottas,77,BOT,Valtteri,Bottas,1989-08-28,Finnish,sauber,Sauber,Swiss,Valtteri Bottas,2024,9.0
26763,1144,861,3,43,20.0,0.0,R,19,0.0,26,5,1,2024,24,24,Abu Dhabi Grand Prix,2024-12-08,13:00:00,colapinto,43,COL,Franco,Colapinto,2003-05-27,Argentinian ,williams,Williams,British,Franco Colapinto,2024,20.0
26764,1144,815,9,11,10.0,0.0,R,20,0.0,0,4,1,2024,24,24,Abu Dhabi Grand Prix,2024-12-08,13:00:00,perez,11,PER,Sergio,Pérez,1990-01-26,Mexican,red_bull,Red Bull,Austrian,Sergio Pérez,2024,10.0
26765,1145,846,1,4,1.0,1.0,1,1,25.0,57,1,0,2025,1,1,Australian Grand Prix,2025-03-16,04:00:00,norris,4,NOR,Lando,Norris,1999-11-13,British,mclaren,McLaren,British,Lando Norris,2025,0.0
26766,1145,830,9,1,3.0,2.0,2,2,18.0,57,1,0,2025,1,1,Australian Grand Prix,2025-03-16,04:00:00,max_verstappen,33,VER,Max,Verstappen,1997-09-30,Dutch,red_bull,Red Bull,Austrian,Max Verstappen,2025,1.0
26767,1145,847,131,63,4.0,3.0,3,3,15.0,57,1,0,2025,1,1,Australian Grand Prix,2025-03-16,04:00:00,russell,63,RUS,George,Russell,1998-02-15,British,mercedes,Mercedes,German,George Russell,2025,1.0
26768,1145,863,131,12,16.0,4.0,4,4,12.0,57,1,0,2025,1,1,Australian Grand Prix,2025-03-16,04:00:00,antonelli,12,ANT,Andrea Kimi,Antonelli,2006-08-25,Italian,mercedes,Mercedes,German,Andrea Kimi Antonelli,2025,12.0
26769,1145,848,3,23,6.0,5.0,5,5,10.0,57,1,0,2025,1,1,Australian Grand Prix,2025-03-16,04:00:00,albon,23,ALB,Alexander,Albon,1996-03-23,Thai,williams,Williams,British,Alexander Albon,2025,1.0
26770,1145,840,117,18,13.0,6.0,6,6,8.0,57,1,0,2025,1,1,Australian Grand Prix,2025-03-16,04:00:00,stroll,18,STR,Lance,Stroll,1998-10-29,Canadian,aston_martin,Aston Martin,British,Lance Stroll,2025,7.0
26771,1145,807,15,27,17.0,7.0,7,7,6.0,57,1,0,2025,1,1,Australian Grand Prix,2025-03-16,04:00:00,hulkenberg,27,HUL,Nico,Hülkenberg,1987-08-19,German,sauber,Sauber,Swiss,Nico Hülkenberg,2025,10.0
26772,1145,844,6,16,7.0,8.0,8,8,4.0,57,1,0,2025,1,1,Australian Grand Prix,2025-03-16,04:00:00,leclerc,16,LEC,Charles,Leclerc,1997-10-16,Monegasque,ferrari,Ferrari,Italian,Charles Leclerc,2025,-1.0
26773,1145,857,1,81,2.0,9.0,9,9,2.0,57,1,0,2025,1,1,Australian Grand Prix,2025-03-16,04:00:00,piastri,81,PIA,Oscar,Piastri,2001-04-06,Australian,mclaren,McLaren,British,Oscar Piastri,2025,-7.0
26774,1145,1,6,44,8.0,10.0,10,10,1.0,57,1,0,2025,1,1,Australian Grand Prix,2025-03-16,04:00:00,hamilton,44,HAM,Lewis,Hamilton,1985-01-07,British,ferrari,Ferrari,Italian,Lewis Hamilton,2025,-2.0
26775,1145,842,214,10,9.0,11.0,11,11,0.0,57,1,0,2025,1,1,Australian Grand Prix,2025-03-16,04:00:00,gasly,10,GAS,Pierre,Gasly,1996-02-07,French,alpine,Alpine F1 Team,French,Pierre Gasly,2025,-2.0
26776,1145,852,215,22,5.0,12.0,12,12,0.0,57,1,0,2025,1,1,Australian Grand Prix,2025-03-16,04:00:00,tsunoda,22,TSU,Yuki,Tsunoda,2000-05-11,Japanese,rb,RB F1 Team,Italian,Yuki Tsunoda,2025,-7.0
26777,1145,839,210,31,19.0,13.0,13,13,0.0,57,1,0,2025,1,1,Australian Grand Prix,2025-03-16,04:00:00,ocon,31,OCO,Esteban,Ocon,1996-09-17,French,haas,Haas F1 Team,American,Esteban Ocon,2025,6.0
26778,1145,860,210,87,20.0,14.0,14,14,0.0,57,1,0,2025,1,1,Australian Grand Prix,2025-03-16,04:00:00,bearman,38,BEA,Oliver,Bearman,2005-05-08,British,haas,Haas F1 Team,American,Oliver Bearman,2025,6.0
26779,1145,859,9,30,18.0,15.0,R,15,0.0,46,3,0,2025,1,1,Australian Grand Prix,2025-03-16,04:00:00,lawson,30,LAW,Liam,Lawson,2002-02-11,New Zealander,red_bull,Red Bull,Austrian,Liam Lawson,2025,3.0
26780,1145,864,15,5,15.0,16.0,R,16,0.0,45,3,0,2025,1,1,Australian Grand Prix,2025-03-16,04:00:00,bortoleto,5,BOR,Gabriel,Bortoleto,2004-10-14,Brazilian,sauber,Sauber,Swiss,Gabriel Bortoleto,2025,-1.0
26781,1145,4,117,14,12.0,17.0,R,17,0.0,32,3,0,2025,1,1,Australian Grand Prix,2025-03-16,04:00:00,alonso,14,ALO,Fernando,Alonso,1981-07-29,Spanish,aston_martin,Aston Martin,British,Fernando Alonso,2025,-5.0
26782,1145,832,3,55,10.0,18.0,R,18,0.0,0,3,0,2025,1,1,Australian Grand Prix,2025-03-16,04:00:00,sainz,55,SAI,Carlos,Sainz,1994-09-01,Spanish,williams,Williams,British,Carlos Sainz,2025,-8.0
26783,1145,862,214,7,14.0,19.0,R,19,0.0,0,3,0,2025,1,1,Australian Grand Prix,2025-03-16,04:00:00,doohan,61,DOO,Jack,Doohan,2003-01-20,Australian,alpine,Alpine F1 Team,French,Jack Doohan,2025,-5.0
26784,1145,865,215,6,11.0,20.0,R,20,0.0,0,3,0,2025,1,1,Australian Grand Prix,2025-03-16,04:00:00,hadjar,6,HAD,Isack,Hadjar,2004-09-28,French,rb,RB F1 Team,Italian,Isack Hadjar,2025,-9.0
26785,1146,857,1,81,1.0,1.0,1,1,25.0,56,1,0,2025,2,17,Chinese Grand Prix,2025-03-23,07:00:00,piastri,81,PIA,Oscar,Piastri,2001-04-06,Australian,mclaren,McLaren,British,Oscar Piastri,2025,0.0
26786,1146,846,1,4,3.0,2.0,2,2,18.0,56,1,0,2025,2,17,Chinese Grand Prix,2025-03-23,07:00:00,norris,4,NOR,Lando,Norris,1999-11-13,British,mclaren,McLaren,British,Lando Norris,2025,1.0
26787,1146,847,131,63,2.0,3.0,3,3,15.0,56,1,0,2025,2,17,Chinese Grand Prix,2025-03-23,07:00:00,russell,63,RUS,George,Russell,1998-02-15,British,mercedes,Mercedes,German,George Russell,2025,-1.0
26788,1146,830,9,1,4.0,4.0,4,4,12.0,56,1,0,2025,2,17,Chinese Grand Prix,2025-03-23,07:00:00,max_verstappen,33,VER,Max,Verstappen,1997-09-30,Dutch,red_bull,Red Bull,Austrian,Max Verstappen,2025,0.0
26789,1146,839,210,31,11.0,5.0,5,5,10.0,56,1,0,2025,2,17,Chinese Grand Prix,2025-03-23,07:00:00,ocon,31,OCO,Esteban,Ocon,1996-09-17,French,haas,Haas F1 Team,American,Esteban Ocon,2025,6.0
26790,1146,863,131,12,8.0,6.0,6,6,8.0,56,1,0,2025,2,17,Chinese Grand Prix,2025-03-23,07:00:00,antonelli,12,ANT,Andrea Kimi,Antonelli,2006-08-25,Italian,mercedes,Mercedes,German,Andrea Kimi Antonelli,2025,2.0
26791,1146,848,3,23,10.0,7.0,7,7,6.0,56,1,0,2025,2,17,Chinese Grand Prix,2025-03-23,07:00:00,albon,23,ALB,Alexander,Albon,1996-03-23,Thai,williams,Williams,British,Alexander Albon,2025,3.0
26792,1146,860,210,87,17.0,8.0,8,8,4.0,56,1,0,2025,2,17,Chinese Grand Prix,2025-03-23,07:00:00,bearman,38,BEA,Oliver,Bearman,2005-05-08,British,haas,Haas F1 Team,American,Oliver Bearman,2025,9.0
26793,1146,840,117,18,14.0,9.0,9,9,2.0,56,1,0,2025,2,17,Chinese Grand Prix,2025-03-23,07:00:00,stroll,18,STR,Lance,Stroll,1998-10-29,Canadian,aston_martin,Aston Martin,British,Lance Stroll,2025,5.0
26794,1146,832,3,55,15.0,10.0,10,10,1.0,56,1,0,2025,2,17,Chinese Grand Prix,2025-03-23,07:00:00,sainz,55,SAI,Carlos,Sainz,1994-09-01,Spanish,williams,Williams,British,Carlos Sainz,2025,5.0
26795,1146,865,215,6,7.0,11.0,11,11,0.0,56,1,0,2025,2,17,Chinese Grand Prix,2025-03-23,07:00:00,hadjar,6,HAD,Isack,Hadjar,2004-09-28,French,rb,RB F1 Team,Italian,Isack Hadjar,2025,-4.0
26796,1146,859,9,30,20.0,12.0,12,12,0.0,56,1,0,2025,2,17,Chinese Grand Prix,2025-03-23,07:00:00,lawson,30,LAW,Liam,Lawson,2002-02-11,New Zealander,red_bull,Red Bull,Austrian,Liam Lawson,2025,8.0
26797,1146,862,214,7,18.0,13.0,13,13,0.0,56,1,0,2025,2,17,Chinese Grand Prix,2025-03-23,07:00:00,doohan,61,DOO,Jack,Doohan,2003-01-20,Australian,alpine,Alpine F1 Team,French,Jack Doohan,2025,5.0
26798,1146,864,15,5,19.0,14.0,14,14,0.0,55,11,0,2025,2,17,Chinese Grand Prix,2025-03-23,07:00:00,bortoleto,5,BOR,Gabriel,Bortoleto,2004-10-14,Brazilian,sauber,Sauber,Swiss,Gabriel Bortoleto,2025,5.0
26799,1146,807,15,27,12.0,15.0,15,15,0.0,55,11,0,2025,2,17,Chinese Grand Prix,2025-03-23,07:00:00,hulkenberg,27,HUL,Nico,Hülkenberg,1987-08-19,German,sauber,Sauber,Swiss,Nico Hülkenberg,2025,-3.0
26800,1146,852,215,22,9.0,16.0,16,16,0.0,55,11,0,2025,2,17,Chinese Grand Prix,2025-03-23,07:00:00,tsunoda,22,TSU,Yuki,Tsunoda,2000-05-11,Japanese,rb,RB F1 Team,Italian,Yuki Tsunoda,2025,-7.0
26801,1146,4,117,14,13.0,17.0,R,17,0.0,4,23,0,2025,2,17,Chinese Grand Prix,2025-03-23,07:00:00,alonso,14,ALO,Fernando,Alonso,1981-07-29,Spanish,aston_martin,Aston Martin,British,Fernando Alonso,2025,-4.0
26802,1146,844,6,16,6.0,18.0,D,18,0.0,0,92,0,2025,2,17,Chinese Grand Prix,2025-03-23,07:00:00,leclerc,16,LEC,Charles,Leclerc,1997-10-16,Monegasque,ferrari,Ferrari,Italian,Charles Leclerc,2025,-12.0
26803,1146,1,6,44,5.0,19.0,D,19,0.0,0,2,0,2025,2,17,Chinese Grand Prix,2025-03-23,07:00:00,hamilton,44,HAM,Lewis,Hamilton,1985-01-07,British,ferrari,Ferrari,Italian,Lewis Hamilton,2025,-14.0
26804,1146,842,214,10,16.0,20.0,D,20,0.0,0,92,0,2025,2,17,Chinese Grand Prix,2025-03-23,07:00:00,gasly,10,GAS,Pierre,Gasly,1996-02-07,French,alpine,Alpine F1 Team,French,Pierre Gasly,2025,-4.0
26805,1147,830,9,1,1.0,1.0,1,1,25.0,53,1,0,2025,3,22,Japanese Grand Prix,2025-04-06,05:00:00,max_verstappen,33,VER,Max,Verstappen,1997-09-30,Dutch,red_bull,Red Bull,Austrian,Max Verstappen,2025,0.0
26806,1147,846,1,4,2.0,2.0,2,2,18.0,53,1,0,2025,3,22,Japanese Grand Prix,2025-04-06,05:00:00,norris,4,NOR,Lando,Norris,1999-11-13,British,mclaren,McLaren,British,Lando Norris,2025,0.0
26807,1147,857,1,81,3.0,3.0,3,3,15.0,53,1,0,2025,3,22,Japanese Grand Prix,2025-04-06,05:00:00,piastri,81,PIA,Oscar,Piastri,2001-04-06,Australian,mclaren,McLaren,British,Oscar Piastri,2025,0.0
26808,1147,844,6,16,4.0,4.0,4,4,12.0,53,1,0,2025,3,22,Japanese Grand Prix,2025-04-06,05:00:00,leclerc,16,LEC,Charles,Leclerc,1997-10-16,Monegasque,ferrari,Ferrari,Italian,Charles Leclerc,2025,0.0
26809,1147,847,131,63,5.0,5.0,5,5,10.0,53,1,0,2025,3,22,Japanese Grand Prix,2025-04-06,05:00:00,russell,63,RUS,George,Russell,1998-02-15,British,mercedes,Mercedes,German,George Russell,2025,0.0
26810,1147,863,131,12,6.0,6.0,6,6,8.0,53,1,0,2025,3,22,Japanese Grand Prix,2025-04-06,05:00:00,antonelli,12,ANT,Andrea Kimi,Antonelli,2006-08-25,Italian,mercedes,Mercedes,German,Andrea Kimi Antonelli,2025,0.0
26811,1147,1,6,44,8.0,7.0,7,7,6.0,53,1,0,2025,3,22,Japanese Grand Prix,2025-04-06,05:00:00,hamilton,44,HAM,Lewis,Hamilton,1985-01-07,British,ferrari,Ferrari,Italian,Lewis Hamilton,2025,1.0
26812,1147,865,215,6,7.0,8.0,8,8,4.0,53,1,0,2025,3,22,Japanese Grand Prix,2025-04-06,05:00:00,hadjar,6,HAD,Isack,Hadjar,2004-09-28,French,rb,RB F1 Team,Italian,Isack Hadjar,2025,-1.0
26813,1147,848,3,23,9.0,9.0,9,9,2.0,53,1,0,2025,3,22,Japanese Grand Prix,2025-04-06,05:00:00,albon,23,ALB,Alexander,Albon,1996-03-23,Thai,williams,Williams,British,Alexander Albon,2025,0.0
26814,1147,860,210,87,10.0,10.0,10,10,1.0,53,1,0,2025,3,22,Japanese Grand Prix,2025-04-06,05:00:00,bearman,38,BEA,Oliver,Bearman,2005-05-08,British,haas,Haas F1 Team,American,Oliver Bearman,2025,0.0
26815,1147,4,117,14,12.0,11.0,11,11,0.0,53,1,0,2025,3,22,Japanese Grand Prix,2025-04-06,05:00:00,alonso,14,ALO,Fernando,Alonso,1981-07-29,Spanish,aston_martin,Aston Martin,British,Fernando Alonso,2025,1.0
26816,1147,852,9,22,14.0,12.0,12,12,0.0,53,1,0,2025,3,22,Japanese Grand Prix,2025-04-06,05:00:00,tsunoda,22,TSU,Yuki,Tsunoda,2000-05-11,Japanese,red_bull,Red Bull,Austrian,Yuki Tsunoda,2025,2.0
26817,1147,842,214,10,11.0,13.0,13,13,0.0,53,1,0,2025,3,22,Japanese Grand Prix,2025-04-06,05:00:00,gasly,10,GAS,Pierre,Gasly,1996-02-07,French,alpine,Alpine F1 Team,French,Pierre Gasly,2025,-2.0
26818,1147,832,3,55,15.0,14.0,14,14,0.0,53,1,0,2025,3,22,Japanese Grand Prix,2025-04-06,05:00:00,sainz,55,SAI,Carlos,Sainz,1994-09-01,Spanish,williams,Williams,British,Carlos Sainz,2025,1.0
26819,1147,862,214,7,19.0,15.0,15,15,0.0,53,1,0,2025,3,22,Japanese Grand Prix,2025-04-06,05:00:00,doohan,61,DOO,Jack,Doohan,2003-01-20,Australian,alpine,Alpine F1 Team,French,Jack Doohan,2025,4.0
26820,1147,807,15,27,16.0,16.0,16,16,0.0,53,1,0,2025,3,22,Japanese Grand Prix,2025-04-06,05:00:00,hulkenberg,27,HUL,Nico,Hülkenberg,1987-08-19,German,sauber,Sauber,Swiss,Nico Hülkenberg,2025,0.0
26821,1147,859,215,30,13.0,17.0,17,17,0.0,53,1,0,2025,3,22,Japanese Grand Prix,2025-04-06,05:00:00,lawson,30,LAW,Liam,Lawson,2002-02-11,New Zealander,rb,RB F1 Team,Italian,Liam Lawson,2025,-4.0
26822,1147,839,210,31,18.0,18.0,18,18,0.0,53,1,0,2025,3,22,Japanese Grand Prix,2025-04-06,05:00:00,ocon,31,OCO,Esteban,Ocon,1996-09-17,French,haas,Haas F1 Team,American,Esteban Ocon,2025,0.0
26823,1147,864,15,5,17.0,19.0,19,19,0.0,53,1,0,2025,3,22,Japanese Grand Prix,2025-04-06,05:00:00,bortoleto,5,BOR,Gabriel,Bortoleto,2004-10-14,Brazilian,sauber,Sauber,Swiss,Gabriel Bortoleto,2025,-2.0
26824,1147,840,117,18,20.0,20.0,20,20,0.0,52,11,0,2025,3,22,Japanese Grand Prix,2025-04-06,05:00:00,stroll,18,STR,Lance,Stroll,1998-10-29,Canadian,aston_martin,Aston Martin,British,Lance Stroll,2025,0.0
26825,1148,857,1,81,1.0,1.0,1,1,25.0,57,1,0,2025,4,3,Bahrain Grand Prix,2025-04-13,15:00:00,piastri,81,PIA,Oscar,Piastri,2001-04-06,Australian,mclaren,McLaren,British,Oscar Piastri,2025,0.0
26826,1148,847,131,63,3.0,2.0,2,2,18.0,57,1,0,2025,4,3,Bahrain Grand Prix,2025-04-13,15:00:00,russell,63,RUS,George,Russell,1998-02-15,British,mercedes,Mercedes,German,George Russell,2025,1.0
26827,1148,846,1,4,6.0,3.0,3,3,15.0,57,1,0,2025,4,3,Bahrain Grand Prix,2025-04-13,15:00:00,norris,4,NOR,Lando,Norris,1999-11-13,British,mclaren,McLaren,British,Lando Norris,2025,3.0
26828,1148,844,6,16,2.0,4.0,4,4,12.0,57,1,0,2025,4,3,Bahrain Grand Prix,2025-04-13,15:00:00,leclerc,16,LEC,Charles,Leclerc,1997-10-16,Monegasque,ferrari,Ferrari,Italian,Charles Leclerc,2025,-2.0
26829,1148,1,6,44,9.0,5.0,5,5,10.0,57,1,0,2025,4,3,Bahrain Grand Prix,2025-04-13,15:00:00,hamilton,44,HAM,Lewis,Hamilton,1985-01-07,British,ferrari,Ferrari,Italian,Lewis Hamilton,2025,4.0
26830,1148,830,9,1,7.0,6.0,6,6,8.0,57,1,0,2025,4,3,Bahrain Grand Prix,2025-04-13,15:00:00,max_verstappen,33,VER,Max,Verstappen,1997-09-30,Dutch,red_bull,Red Bull,Austrian,Max Verstappen,2025,1.0
26831,1148,842,214,10,4.0,7.0,7,7,6.0,57,1,0,2025,4,3,Bahrain Grand Prix,2025-04-13,15:00:00,gasly,10,GAS,Pierre,Gasly,1996-02-07,French,alpine,Alpine F1 Team,French,Pierre Gasly,2025,-3.0
26832,1148,839,210,31,14.0,8.0,8,8,4.0,57,1,0,2025,4,3,Bahrain Grand Prix,2025-04-13,15:00:00,ocon,31,OCO,Esteban,Ocon,1996-09-17,French,haas,Haas F1 Team,American,Esteban Ocon,2025,6.0
26833,1148,852,9,22,10.0,9.0,9,9,2.0,57,1,0,2025,4,3,Bahrain Grand Prix,2025-04-13,15:00:00,tsunoda,22,TSU,Yuki,Tsunoda,2000-05-11,Japanese,red_bull,Red Bull,Austrian,Yuki Tsunoda,2025,1.0
26834,1148,860,210,87,20.0,10.0,10,10,1.0,57,1,0,2025,4,3,Bahrain Grand Prix,2025-04-13,15:00:00,bearman,38,BEA,Oliver,Bearman,2005-05-08,British,haas,Haas F1 Team,American,Oliver Bearman,2025,10.0
26835,1148,863,131,12,5.0,11.0,11,11,0.0,57,1,0,2025,4,3,Bahrain Grand Prix,2025-04-13,15:00:00,antonelli,12,ANT,Andrea Kimi,Antonelli,2006-08-25,Italian,mercedes,Mercedes,German,Andrea Kimi Antonelli,2025,-6.0
26836,1148,848,3,23,15.0,12.0,12,12,0.0,57,1,0,2025,4,3,Bahrain Grand Prix,2025-04-13,15:00:00,albon,23,ALB,Alexander,Albon,1996-03-23,Thai,williams,Williams,British,Alexander Albon,2025,3.0
26837,1148,865,215,6,12.0,13.0,13,13,0.0,57,1,0,2025,4,3,Bahrain Grand Prix,2025-04-13,15:00:00,hadjar,6,HAD,Isack,Hadjar,2004-09-28,French,rb,RB F1 Team,Italian,Isack Hadjar,2025,-1.0
26838,1148,862,214,7,11.0,14.0,14,14,0.0,57,1,0,2025,4,3,Bahrain Grand Prix,2025-04-13,15:00:00,doohan,61,DOO,Jack,Doohan,2003-01-20,Australian,alpine,Alpine F1 Team,French,Jack Doohan,2025,-3.0
26839,1148,4,117,14,13.0,15.0,15,15,0.0,57,1,0,2025,4,3,Bahrain Grand Prix,2025-04-13,15:00:00,alonso,14,ALO,Fernando,Alonso,1981-07-29,Spanish,aston_martin,Aston Martin,British,Fernando Alonso,2025,-2.0
26840,1148,859,215,30,17.0,16.0,16,16,0.0,57,1,0,2025,4,3,Bahrain Grand Prix,2025-04-13,15:00:00,lawson,30,LAW,Liam,Lawson,2002-02-11,New Zealander,rb,RB F1 Team,Italian,Liam Lawson,2025,1.0
26841,1148,840,117,18,19.0,17.0,17,17,0.0,57,1,0,2025,4,3,Bahrain Grand Prix,2025-04-13,15:00:00,stroll,18,STR,Lance,Stroll,1998-10-29,Canadian,aston_martin,Aston Martin,British,Lance Stroll,2025,2.0
26842,1148,864,15,5,18.0,18.0,18,18,0.0,57,1,0,2025,4,3,Bahrain Grand Prix,2025-04-13,15:00:00,bortoleto,5,BOR,Gabriel,Bortoleto,2004-10-14,Brazilian,sauber,Sauber,Swiss,Gabriel Bortoleto,2025,0.0
26843,1148,832,3,55,8.0,19.0,R,19,0.0,45,130,0,2025,4,3,Bahrain Grand Prix,2025-04-13,15:00:00,sainz,55,SAI,Carlos,Sainz,1994-09-01,Spanish,williams,Williams,British,Carlos Sainz,2025,-11.0
26844,1148,807,15,27,16.0,20.0,D,20,0.0,0,2,0,2025,4,3,Bahrain Grand Prix,2025-04-13,15:00:00,hulkenberg,27,HUL,Nico,Hülkenberg,1987-08-19,German,sauber,Sauber,Swiss,Nico Hülkenberg,2025,-4.0
26845,1149,857,1,81,2.0,1.0,1,1,25.0,50,1,0,2025,5,77,Saudi Arabian Grand Prix,2025-04-20,17:00:00,piastri,81,PIA,Oscar,Piastri,2001-04-06,Australian,mclaren,McLaren,British,Oscar Piastri,2025,1.0
26846,1149,830,9,1,1.0,2.0,2,2,18.0,50,1,0,2025,5,77,Saudi Arabian Grand Prix,2025-04-20,17:00:00,max_verstappen,33,VER,Max,Verstappen,1997-09-30,Dutch,red_bull,Red Bull,Austrian,Max Verstappen,2025,-1.0
26847,1149,844,6,16,4.0,3.0,3,3,15.0,50,1,0,2025,5,77,Saudi Arabian Grand Prix,2025-04-20,17:00:00,leclerc,16,LEC,Charles,Leclerc,1997-10-16,Monegasque,ferrari,Ferrari,Italian,Charles Leclerc,2025,1.0
26848,1149,846,1,4,10.0,4.0,4,4,12.0,50,1,0,2025,5,77,Saudi Arabian Grand Prix,2025-04-20,17:00:00,norris,4,NOR,Lando,Norris,1999-11-13,British,mclaren,McLaren,British,Lando Norris,2025,6.0
26849,1149,847,131,63,3.0,5.0,5,5,10.0,50,1,0,2025,5,77,Saudi Arabian Grand Prix,2025-04-20,17:00:00,russell,63,RUS,George,Russell,1998-02-15,British,mercedes,Mercedes,German,George Russell,2025,-2.0
26850,1149,863,131,12,5.0,6.0,6,6,8.0,50,1,0,2025,5,77,Saudi Arabian Grand Prix,2025-04-20,17:00:00,antonelli,12,ANT,Andrea Kimi,Antonelli,2006-08-25,Italian,mercedes,Mercedes,German,Andrea Kimi Antonelli,2025,-1.0
26851,1149,1,6,44,7.0,7.0,7,7,6.0,50,1,0,2025,5,77,Saudi Arabian Grand Prix,2025-04-20,17:00:00,hamilton,44,HAM,Lewis,Hamilton,1985-01-07,British,ferrari,Ferrari,Italian,Lewis Hamilton,2025,0.0
26852,1149,832,3,55,6.0,8.0,8,8,4.0,50,1,0,2025,5,77,Saudi Arabian Grand Prix,2025-04-20,17:00:00,sainz,55,SAI,Carlos,Sainz,1994-09-01,Spanish,williams,Williams,British,Carlos Sainz,2025,-2.0
26853,1149,848,3,23,11.0,9.0,9,9,2.0,50,1,0,2025,5,77,Saudi Arabian Grand Prix,2025-04-20,17:00:00,albon,23,ALB,Alexander,Albon,1996-03-23,Thai,williams,Williams,British,Alexander Albon,2025,2.0
26854,1149,865,215,6,14.0,10.0,10,10,1.0,50,1,0,2025,5,77,Saudi Arabian Grand Prix,2025-04-20,17:00:00,hadjar,6,HAD,Isack,Hadjar,2004-09-28,French,rb,RB F1 Team,Italian,Isack Hadjar,2025,4.0
26855,1149,4,117,14,13.0,11.0,11,11,0.0,50,1,0,2025,5,77,Saudi Arabian Grand Prix,2025-04-20,17:00:00,alonso,14,ALO,Fernando,Alonso,1981-07-29,Spanish,aston_martin,Aston Martin,British,Fernando Alonso,2025,2.0
26856,1149,859,215,30,12.0,12.0,12,12,0.0,50,1,0,2025,5,77,Saudi Arabian Grand Prix,2025-04-20,17:00:00,lawson,30,LAW,Liam,Lawson,2002-02-11,New Zealander,rb,RB F1 Team,Italian,Liam Lawson,2025,0.0
26857,1149,860,210,87,15.0,13.0,13,13,0.0,50,1,0,2025,5,77,Saudi Arabian Grand Prix,2025-04-20,17:00:00,bearman,38,BEA,Oliver,Bearman,2005-05-08,British,haas,Haas F1 Team,American,Oliver Bearman,2025,2.0
26858,1149,839,210,31,19.0,14.0,14,14,0.0,50,1,0,2025,5,77,Saudi Arabian Grand Prix,2025-04-20,17:00:00,ocon,31,OCO,Esteban,Ocon,1996-09-17,French,haas,Haas F1 Team,American,Esteban Ocon,2025,5.0
26859,1149,807,15,27,18.0,15.0,15,15,0.0,49,11,0,2025,5,77,Saudi Arabian Grand Prix,2025-04-20,17:00:00,hulkenberg,27,HUL,Nico,Hülkenberg,1987-08-19,German,sauber,Sauber,Swiss,Nico Hülkenberg,2025,3.0
26860,1149,840,117,18,16.0,16.0,16,16,0.0,49,11,0,2025,5,77,Saudi Arabian Grand Prix,2025-04-20,17:00:00,stroll,18,STR,Lance,Stroll,1998-10-29,Canadian,aston_martin,Aston Martin,British,Lance Stroll,2025,0.0
26861,1149,862,214,7,17.0,17.0,17,17,0.0,49,11,0,2025,5,77,Saudi Arabian Grand Prix,2025-04-20,17:00:00,doohan,61,DOO,Jack,Doohan,2003-01-20,Australian,alpine,Alpine F1 Team,French,Jack Doohan,2025,0.0
26862,1149,864,15,5,20.0,18.0,18,18,0.0,49,11,0,2025,5,77,Saudi Arabian Grand Prix,2025-04-20,17:00:00,bortoleto,5,BOR,Gabriel,Bortoleto,2004-10-14,Brazilian,sauber,Sauber,Swiss,Gabriel Bortoleto,2025,2.0
26863,1149,852,9,22,8.0,19.0,R,19,0.0,1,130,0,2025,5,77,Saudi Arabian Grand Prix,2025-04-20,17:00:00,tsunoda,22,TSU,Yuki,Tsunoda,2000-05-11,Japanese,red_bull,Red Bull,Austrian,Yuki Tsunoda,2025,-11.0
26864,1149,842,214,10,9.0,20.0,R,20,0.0,0,4,0,2025,5,77,Saudi Arabian Grand Prix,2025-04-20,17:00:00,gasly,10,GAS,Pierre,Gasly,1996-02-07,French,alpine,Alpine F1 Team,French,Pierre Gasly,2025,-11.0
26865,1150,857,1,81,4.0,1.0,1,1,25.0,57,1,0,2025,6,79,Miami Grand Prix,2025-05-04,20:00:00,piastri,81,PIA,Oscar,Piastri,2001-04-06,Australian,mclaren,McLaren,British,Oscar Piastri,2025,3.0
26866,1150,846,1,4,2.0,2.0,2,2,18.0,57,1,0,2025,6,79,Miami Grand Prix,2025-05-04,20:00:00,norris,4,NOR,Lando,Norris,1999-11-13,British,mclaren,McLaren,British,Lando Norris,2025,0.0
26867,1150,847,131,63,5.0,3.0,3,3,15.0,57,1,0,2025,6,79,Miami Grand Prix,2025-05-04,20:00:00,russell,63,RUS,George,Russell,1998-02-15,British,mercedes,Mercedes,German,George Russell,2025,2.0
26868,1150,830,9,1,1.0,4.0,4,4,12.0,57,1,0,2025,6,79,Miami Grand Prix,2025-05-04,20:00:00,max_verstappen,33,VER,Max,Verstappen,1997-09-30,Dutch,red_bull,Red Bull,Austrian,Max Verstappen,2025,-3.0
26869,1150,848,3,23,7.0,5.0,5,5,10.0,57,1,0,2025,6,79,Miami Grand Prix,2025-05-04,20:00:00,albon,23,ALB,Alexander,Albon,1996-03-23,Thai,williams,Williams,British,Alexander Albon,2025,2.0
26870,1150,863,131,12,3.0,6.0,6,6,8.0,57,1,0,2025,6,79,Miami Grand Prix,2025-05-04,20:00:00,antonelli,12,ANT,Andrea Kimi,Antonelli,2006-08-25,Italian,mercedes,Mercedes,German,Andrea Kimi Antonelli,2025,-3.0
26871,1150,844,6,16,8.0,7.0,7,7,6.0,57,1,0,2025,6,79,Miami Grand Prix,2025-05-04,20:00:00,leclerc,16,LEC,Charles,Leclerc,1997-10-16,Monegasque,ferrari,Ferrari,Italian,Charles Leclerc,2025,1.0
26872,1150,1,6,44,12.0,8.0,8,8,4.0,57,1,0,2025,6,79,Miami Grand Prix,2025-05-04,20:00:00,hamilton,44,HAM,Lewis,Hamilton,1985-01-07,British,ferrari,Ferrari,Italian,Lewis Hamilton,2025,4.0
26873,1150,832,3,55,6.0,9.0,9,9,2.0,57,1,0,2025,6,79,Miami Grand Prix,2025-05-04,20:00:00,sainz,55,SAI,Carlos,Sainz,1994-09-01,Spanish,williams,Williams,British,Carlos Sainz,2025,-3.0
26874,1150,852,9,22,10.0,10.0,10,10,1.0,57,1,0,2025,6,79,Miami Grand Prix,2025-05-04,20:00:00,tsunoda,22,TSU,Yuki,Tsunoda,2000-05-11,Japanese,red_bull,Red Bull,Austrian,Yuki Tsunoda,2025,0.0
26875,1150,865,215,6,11.0,11.0,11,11,0.0,57,1,0,2025,6,79,Miami Grand Prix,2025-05-04,20:00:00,hadjar,6,HAD,Isack,Hadjar,2004-09-28,French,rb,RB F1 Team,Italian,Isack Hadjar,2025,0.0
26876,1150,839,210,31,9.0,12.0,12,12,0.0,57,1,0,2025,6,79,Miami Grand Prix,2025-05-04,20:00:00,ocon,31,OCO,Esteban,Ocon,1996-09-17,French,haas,Haas F1 Team,American,Esteban Ocon,2025,-3.0
26877,1150,842,214,10,20.0,13.0,13,13,0.0,57,1,0,2025,6,79,Miami Grand Prix,2025-05-04,20:00:00,gasly,10,GAS,Pierre,Gasly,1996-02-07,French,alpine,Alpine F1 Team,French,Pierre Gasly,2025,7.0
26878,1150,807,15,27,16.0,14.0,14,14,0.0,56,11,0,2025,6,79,Miami Grand Prix,2025-05-04,20:00:00,hulkenberg,27,HUL,Nico,Hülkenberg,1987-08-19,German,sauber,Sauber,Swiss,Nico Hülkenberg,2025,2.0
26879,1150,4,117,14,17.0,15.0,15,15,0.0,56,11,0,2025,6,79,Miami Grand Prix,2025-05-04,20:00:00,alonso,14,ALO,Fernando,Alonso,1981-07-29,Spanish,aston_martin,Aston Martin,British,Fernando Alonso,2025,2.0
26880,1150,840,117,18,18.0,16.0,16,16,0.0,56,11,0,2025,6,79,Miami Grand Prix,2025-05-04,20:00:00,stroll,18,STR,Lance,Stroll,1998-10-29,Canadian,aston_martin,Aston Martin,British,Lance Stroll,2025,2.0
26881,1150,859,215,30,15.0,17.0,R,17,0.0,36,130,0,2025,6,79,Miami Grand Prix,2025-05-04,20:00:00,lawson,30,LAW,Liam,Lawson,2002-02-11,New Zealander,rb,RB F1 Team,Italian,Liam Lawson,2025,-2.0
26882,1150,864,15,5,13.0,18.0,R,18,0.0,30,69,0,2025,6,79,Miami Grand Prix,2025-05-04,20:00:00,bortoleto,5,BOR,Gabriel,Bortoleto,2004-10-14,Brazilian,sauber,Sauber,Swiss,Gabriel Bortoleto,2025,-5.0
26883,1150,860,210,87,19.0,19.0,R,19,0.0,27,5,0,2025,6,79,Miami Grand Prix,2025-05-04,20:00:00,bearman,38,BEA,Oliver,Bearman,2005-05-08,British,haas,Haas F1 Team,American,Oliver Bearman,2025,0.0
26884,1150,862,214,7,14.0,20.0,R,20,0.0,0,4,0,2025,6,79,Miami Grand Prix,2025-05-04,20:00:00,doohan,61,DOO,Jack,Doohan,2003-01-20,Australian,alpine,Alpine F1 Team,French,Jack Doohan,2025,-6.0
26885,1151,830,9,1,2.0,1.0,1,1,25.0,63,1,0,2025,7,21,Emilia Romagna Grand Prix,2025-05-18,13:00:00,max_verstappen,33,VER,Max,Verstappen,1997-09-30,Dutch,red_bull,Red Bull,Austrian,Max Verstappen,2025,1.0
26886,1151,846,1,4,4.0,2.0,2,2,18.0,63,1,0,2025,7,21,Emilia Romagna Grand Prix,2025-05-18,13:00:00,norris,4,NOR,Lando,Norris,1999-11-13,British,mclaren,McLaren,British,Lando Norris,2025,2.0
26887,1151,857,1,81,1.0,3.0,3,3,15.0,63,1,0,2025,7,21,Emilia Romagna Grand Prix,2025-05-18,13:00:00,piastri,81,PIA,Oscar,Piastri,2001-04-06,Australian,mclaren,McLaren,British,Oscar Piastri,2025,-2.0
26888,1151,1,6,44,12.0,4.0,4,4,12.0,63,1,0,2025,7,21,Emilia Romagna Grand Prix,2025-05-18,13:00:00,hamilton,44,HAM,Lewis,Hamilton,1985-01-07,British,ferrari,Ferrari,Italian,Lewis Hamilton,2025,8.0
26889,1151,848,3,23,7.0,5.0,5,5,10.0,63,1,0,2025,7,21,Emilia Romagna Grand Prix,2025-05-18,13:00:00,albon,23,ALB,Alexander,Albon,1996-03-23,Thai,williams,Williams,British,Alexander Albon,2025,2.0
26890,1151,844,6,16,11.0,6.0,6,6,8.0,63,1,0,2025,7,21,Emilia Romagna Grand Prix,2025-05-18,13:00:00,leclerc,16,LEC,Charles,Leclerc,1997-10-16,Monegasque,ferrari,Ferrari,Italian,Charles Leclerc,2025,5.0
26891,1151,847,131,63,3.0,7.0,7,7,6.0,63,1,0,2025,7,21,Emilia Romagna Grand Prix,2025-05-18,13:00:00,russell,63,RUS,George,Russell,1998-02-15,British,mercedes,Mercedes,German,George Russell,2025,-4.0
26892,1151,832,3,55,6.0,8.0,8,8,4.0,63,1,0,2025,7,21,Emilia Romagna Grand Prix,2025-05-18,13:00:00,sainz,55,SAI,Carlos,Sainz,1994-09-01,Spanish,williams,Williams,British,Carlos Sainz,2025,-2.0
26893,1151,865,215,6,9.0,9.0,9,9,2.0,63,1,0,2025,7,21,Emilia Romagna Grand Prix,2025-05-18,13:00:00,hadjar,6,HAD,Isack,Hadjar,2004-09-28,French,rb,RB F1 Team,Italian,Isack Hadjar,2025,0.0
26894,1151,852,9,22,20.0,10.0,10,10,1.0,63,1,0,2025,7,21,Emilia Romagna Grand Prix,2025-05-18,13:00:00,tsunoda,22,TSU,Yuki,Tsunoda,2000-05-11,Japanese,red_bull,Red Bull,Austrian,Yuki Tsunoda,2025,10.0
26895,1151,4,117,14,5.0,11.0,11,11,0.0,63,1,0,2025,7,21,Emilia Romagna Grand Prix,2025-05-18,13:00:00,alonso,14,ALO,Fernando,Alonso,1981-07-29,Spanish,aston_martin,Aston Martin,British,Fernando Alonso,2025,-6.0
26896,1151,807,15,27,17.0,12.0,12,12,0.0,63,1,0,2025,7,21,Emilia Romagna Grand Prix,2025-05-18,13:00:00,hulkenberg,27,HUL,Nico,Hülkenberg,1987-08-19,German,sauber,Sauber,Swiss,Nico Hülkenberg,2025,5.0
26897,1151,842,214,10,10.0,13.0,13,13,0.0,63,1,0,2025,7,21,Emilia Romagna Grand Prix,2025-05-18,13:00:00,gasly,10,GAS,Pierre,Gasly,1996-02-07,French,alpine,Alpine F1 Team,French,Pierre Gasly,2025,-3.0
26898,1151,859,215,30,15.0,14.0,14,14,0.0,63,1,0,2025,7,21,Emilia Romagna Grand Prix,2025-05-18,13:00:00,lawson,30,LAW,Liam,Lawson,2002-02-11,New Zealander,rb,RB F1 Team,Italian,Liam Lawson,2025,1.0
26899,1151,840,117,18,8.0,15.0,15,15,0.0,63,1,0,2025,7,21,Emilia Romagna Grand Prix,2025-05-18,13:00:00,stroll,18,STR,Lance,Stroll,1998-10-29,Canadian,aston_martin,Aston Martin,British,Lance Stroll,2025,-7.0
26900,1151,861,214,43,16.0,16.0,16,16,0.0,63,1,0,2025,7,21,Emilia Romagna Grand Prix,2025-05-18,13:00:00,colapinto,43,COL,Franco,Colapinto,2003-05-27,Argentinian ,alpine,Alpine F1 Team,French,Franco Colapinto,2025,0.0
26901,1151,860,210,87,19.0,17.0,17,17,0.0,63,1,0,2025,7,21,Emilia Romagna Grand Prix,2025-05-18,13:00:00,bearman,38,BEA,Oliver,Bearman,2005-05-08,British,haas,Haas F1 Team,American,Oliver Bearman,2025,2.0
26902,1151,864,15,5,14.0,18.0,18,18,0.0,63,1,0,2025,7,21,Emilia Romagna Grand Prix,2025-05-18,13:00:00,bortoleto,5,BOR,Gabriel,Bortoleto,2004-10-14,Brazilian,sauber,Sauber,Swiss,Gabriel Bortoleto,2025,-4.0
26903,1151,863,131,12,13.0,19.0,R,19,0.0,44,37,0,2025,7,21,Emilia Romagna Grand Prix,2025-05-18,13:00:00,antonelli,12,ANT,Andrea Kimi,Antonelli,2006-08-25,Italian,mercedes,Mercedes,German,Andrea Kimi Antonelli,2025,-6.0
26904,1151,839,210,31,18.0,20.0,R,20,0.0,27,5,0,2025,7,21,Emilia Romagna Grand Prix,2025-05-18,13:00:00,ocon,31,OCO,Esteban,Ocon,1996-09-17,French,haas,Haas F1 Team,American,Esteban Ocon,2025,-2.0
26905,1152,846,1,4,1.0,1.0,1,1,25.0,78,1,0,2025,8,6,Monaco Grand Prix,2025-05-25,13:00:00,norris,4,NOR,Lando,Norris,1999-11-13,British,mclaren,McLaren,British,Lando Norris,2025,0.0
26906,1152,844,6,16,2.0,2.0,2,2,18.0,78,1,0,2025,8,6,Monaco Grand Prix,2025-05-25,13:00:00,leclerc,16,LEC,Charles,Leclerc,1997-10-16,Monegasque,ferrari,Ferrari,Italian,Charles Leclerc,2025,0.0
26907,1152,857,1,81,3.0,3.0,3,3,15.0,78,1,0,2025,8,6,Monaco Grand Prix,2025-05-25,13:00:00,piastri,81,PIA,Oscar,Piastri,2001-04-06,Australian,mclaren,McLaren,British,Oscar Piastri,2025,0.0
26908,1152,830,9,1,4.0,4.0,4,4,12.0,78,1,0,2025,8,6,Monaco Grand Prix,2025-05-25,13:00:00,max_verstappen,33,VER,Max,Verstappen,1997-09-30,Dutch,red_bull,Red Bull,Austrian,Max Verstappen,2025,0.0
26909,1152,1,6,44,7.0,5.0,5,5,10.0,78,1,0,2025,8,6,Monaco Grand Prix,2025-05-25,13:00:00,hamilton,44,HAM,Lewis,Hamilton,1985-01-07,British,ferrari,Ferrari,Italian,Lewis Hamilton,2025,2.0
26910,1152,865,215,6,5.0,6.0,6,6,8.0,77,11,0,2025,8,6,Monaco Grand Prix,2025-05-25,13:00:00,hadjar,6,HAD,Isack,Hadjar,2004-09-28,French,rb,RB F1 Team,Italian,Isack Hadjar,2025,-1.0
26911,1152,839,210,31,8.0,7.0,7,7,6.0,77,11,0,2025,8,6,Monaco Grand Prix,2025-05-25,13:00:00,ocon,31,OCO,Esteban,Ocon,1996-09-17,French,haas,Haas F1 Team,American,Esteban Ocon,2025,1.0
26912,1152,859,215,30,9.0,8.0,8,8,4.0,77,11,0,2025,8,6,Monaco Grand Prix,2025-05-25,13:00:00,lawson,30,LAW,Liam,Lawson,2002-02-11,New Zealander,rb,RB F1 Team,Italian,Liam Lawson,2025,1.0
26913,1152,848,3,23,10.0,9.0,9,9,2.0,76,12,0,2025,8,6,Monaco Grand Prix,2025-05-25,13:00:00,albon,23,ALB,Alexander,Albon,1996-03-23,Thai,williams,Williams,British,Alexander Albon,2025,1.0
26914,1152,832,3,55,11.0,10.0,10,10,1.0,76,12,0,2025,8,6,Monaco Grand Prix,2025-05-25,13:00:00,sainz,55,SAI,Carlos,Sainz,1994-09-01,Spanish,williams,Williams,British,Carlos Sainz,2025,1.0
26915,1152,847,131,63,14.0,11.0,11,11,0.0,76,12,0,2025,8,6,Monaco Grand Prix,2025-05-25,13:00:00,russell,63,RUS,George,Russell,1998-02-15,British,mercedes,Mercedes,German,George Russell,2025,3.0
26916,1152,860,210,87,20.0,12.0,12,12,0.0,76,12,0,2025,8,6,Monaco Grand Prix,2025-05-25,13:00:00,bearman,38,BEA,Oliver,Bearman,2005-05-08,British,haas,Haas F1 Team,American,Oliver Bearman,2025,8.0
26917,1152,861,214,43,18.0,13.0,13,13,0.0,76,12,0,2025,8,6,Monaco Grand Prix,2025-05-25,13:00:00,colapinto,43,COL,Franco,Colapinto,2003-05-27,Argentinian ,alpine,Alpine F1 Team,French,Franco Colapinto,2025,5.0
26918,1152,864,15,5,16.0,14.0,14,14,0.0,76,12,0,2025,8,6,Monaco Grand Prix,2025-05-25,13:00:00,bortoleto,5,BOR,Gabriel,Bortoleto,2004-10-14,Brazilian,sauber,Sauber,Swiss,Gabriel Bortoleto,2025,2.0
26919,1152,840,117,18,19.0,15.0,15,15,0.0,76,12,0,2025,8,6,Monaco Grand Prix,2025-05-25,13:00:00,stroll,18,STR,Lance,Stroll,1998-10-29,Canadian,aston_martin,Aston Martin,British,Lance Stroll,2025,4.0
26920,1152,807,15,27,13.0,16.0,16,16,0.0,76,12,0,2025,8,6,Monaco Grand Prix,2025-05-25,13:00:00,hulkenberg,27,HUL,Nico,Hülkenberg,1987-08-19,German,sauber,Sauber,Swiss,Nico Hülkenberg,2025,-3.0
26921,1152,852,9,22,12.0,17.0,17,17,0.0,76,12,0,2025,8,6,Monaco Grand Prix,2025-05-25,13:00:00,tsunoda,22,TSU,Yuki,Tsunoda,2000-05-11,Japanese,red_bull,Red Bull,Austrian,Yuki Tsunoda,2025,-5.0
26922,1152,863,131,12,15.0,18.0,18,18,0.0,75,13,0,2025,8,6,Monaco Grand Prix,2025-05-25,13:00:00,antonelli,12,ANT,Andrea Kimi,Antonelli,2006-08-25,Italian,mercedes,Mercedes,German,Andrea Kimi Antonelli,2025,-3.0
26923,1152,4,117,14,6.0,19.0,R,19,0.0,36,5,0,2025,8,6,Monaco Grand Prix,2025-05-25,13:00:00,alonso,14,ALO,Fernando,Alonso,1981-07-29,Spanish,aston_martin,Aston Martin,British,Fernando Alonso,2025,-13.0
26924,1152,842,214,10,17.0,20.0,R,20,0.0,7,130,0,2025,8,6,Monaco Grand Prix,2025-05-25,13:00:00,gasly,10,GAS,Pierre,Gasly,1996-02-07,French,alpine,Alpine F1 Team,French,Pierre Gasly,2025,-3.0
26925,1153,857,1,81,1.0,1.0,1,1,25.0,66,1,0,2025,9,4,Spanish Grand Prix,2025-06-01,13:00:00,piastri,81,PIA,Oscar,Piastri,2001-04-06,Australian,mclaren,McLaren,British,Oscar Piastri,2025,0.0
26926,1153,846,1,4,2.0,2.0,2,2,18.0,66,1,0,2025,9,4,Spanish Grand Prix,2025-06-01,13:00:00,norris,4,NOR,Lando,Norris,1999-11-13,British,mclaren,McLaren,British,Lando Norris,2025,0.0
26927,1153,844,6,16,7.0,3.0,3,3,15.0,66,1,0,2025,9,4,Spanish Grand Prix,2025-06-01,13:00:00,leclerc,16,LEC,Charles,Leclerc,1997-10-16,Monegasque,ferrari,Ferrari,Italian,Charles Leclerc,2025,4.0
26928,1153,847,131,63,4.0,4.0,4,4,12.0,66,1,0,2025,9,4,Spanish Grand Prix,2025-06-01,13:00:00,russell,63,RUS,George,Russell,1998-02-15,British,mercedes,Mercedes,German,George Russell,2025,0.0
26929,1153,807,15,27,15.0,5.0,5,5,10.0,66,1,0,2025,9,4,Spanish Grand Prix,2025-06-01,13:00:00,hulkenberg,27,HUL,Nico,Hülkenberg,1987-08-19,German,sauber,Sauber,Swiss,Nico Hülkenberg,2025,10.0
26930,1153,1,6,44,5.0,6.0,6,6,8.0,66,1,0,2025,9,4,Spanish Grand Prix,2025-06-01,13:00:00,hamilton,44,HAM,Lewis,Hamilton,1985-01-07,British,ferrari,Ferrari,Italian,Lewis Hamilton,2025,-1.0
26931,1153,865,215,6,9.0,7.0,7,7,6.0,66,1,0,2025,9,4,Spanish Grand Prix,2025-06-01,13:00:00,hadjar,6,HAD,Isack,Hadjar,2004-09-28,French,rb,RB F1 Team,Italian,Isack Hadjar,2025,2.0
26932,1153,842,214,10,8.0,8.0,8,8,4.0,66,1,0,2025,9,4,Spanish Grand Prix,2025-06-01,13:00:00,gasly,10,GAS,Pierre,Gasly,1996-02-07,French,alpine,Alpine F1 Team,French,Pierre Gasly,2025,0.0
26933,1153,4,117,14,10.0,9.0,9,9,2.0,66,1,0,2025,9,4,Spanish Grand Prix,2025-06-01,13:00:00,alonso,14,ALO,Fernando,Alonso,1981-07-29,Spanish,aston_martin,Aston Martin,British,Fernando Alonso,2025,1.0
26934,1153,830,9,1,3.0,10.0,10,10,1.0,66,1,0,2025,9,4,Spanish Grand Prix,2025-06-01,13:00:00,max_verstappen,33,VER,Max,Verstappen,1997-09-30,Dutch,red_bull,Red Bull,Austrian,Max Verstappen,2025,-7.0
26935,1153,859,215,30,13.0,11.0,11,11,0.0,66,1,0,2025,9,4,Spanish Grand Prix,2025-06-01,13:00:00,lawson,30,LAW,Liam,Lawson,2002-02-11,New Zealander,rb,RB F1 Team,Italian,Liam Lawson,2025,2.0
26936,1153,864,15,5,12.0,12.0,12,12,0.0,66,1,0,2025,9,4,Spanish Grand Prix,2025-06-01,13:00:00,bortoleto,5,BOR,Gabriel,Bortoleto,2004-10-14,Brazilian,sauber,Sauber,Swiss,Gabriel Bortoleto,2025,0.0
26937,1153,852,9,22,19.0,13.0,13,13,0.0,66,1,0,2025,9,4,Spanish Grand Prix,2025-06-01,13:00:00,tsunoda,22,TSU,Yuki,Tsunoda,2000-05-11,Japanese,red_bull,Red Bull,Austrian,Yuki Tsunoda,2025,6.0
26938,1153,832,3,55,17.0,14.0,14,14,0.0,66,1,0,2025,9,4,Spanish Grand Prix,2025-06-01,13:00:00,sainz,55,SAI,Carlos,Sainz,1994-09-01,Spanish,williams,Williams,British,Carlos Sainz,2025,3.0
26939,1153,861,214,43,18.0,15.0,15,15,0.0,66,1,0,2025,9,4,Spanish Grand Prix,2025-06-01,13:00:00,colapinto,43,COL,Franco,Colapinto,2003-05-27,Argentinian ,alpine,Alpine F1 Team,French,Franco Colapinto,2025,3.0
26940,1153,839,210,31,16.0,16.0,16,16,0.0,66,1,0,2025,9,4,Spanish Grand Prix,2025-06-01,13:00:00,ocon,31,OCO,Esteban,Ocon,1996-09-17,French,haas,Haas F1 Team,American,Esteban Ocon,2025,0.0
26941,1153,860,210,87,14.0,17.0,17,17,0.0,66,1,0,2025,9,4,Spanish Grand Prix,2025-06-01,13:00:00,bearman,38,BEA,Oliver,Bearman,2005-05-08,British,haas,Haas F1 Team,American,Oliver Bearman,2025,-3.0
26942,1153,863,131,12,6.0,18.0,R,18,0.0,53,5,0,2025,9,4,Spanish Grand Prix,2025-06-01,13:00:00,antonelli,12,ANT,Andrea Kimi,Antonelli,2006-08-25,Italian,mercedes,Mercedes,German,Andrea Kimi Antonelli,2025,-12.0
26943,1153,848,3,23,11.0,19.0,R,19,0.0,27,130,0,2025,9,4,Spanish Grand Prix,2025-06-01,13:00:00,albon,23,ALB,Alexander,Albon,1996-03-23,Thai,williams,Williams,British,Alexander Albon,2025,-8.0
26944,1154,847,131,63,1.0,1.0,1,1,25.0,70,1,0,2025,10,7,Canadian Grand Prix,2025-06-15,18:00:00,russell,63,RUS,George,Russell,1998-02-15,British,mercedes,Mercedes,German,George Russell,2025,0.0
26945,1154,830,9,1,2.0,2.0,2,2,18.0,70,1,0,2025,10,7,Canadian Grand Prix,2025-06-15,18:00:00,max_verstappen,33,VER,Max,Verstappen,1997-09-30,Dutch,red_bull,Red Bull,Austrian,Max Verstappen,2025,0.0
26946,1154,863,131,12,4.0,3.0,3,3,15.0,70,1,0,2025,10,7,Canadian Grand Prix,2025-06-15,18:00:00,antonelli,12,ANT,Andrea Kimi,Antonelli,2006-08-25,Italian,mercedes,Mercedes,German,Andrea Kimi Antonelli,2025,1.0
26947,1154,857,1,81,3.0,4.0,4,4,12.0,70,1,0,2025,10,7,Canadian Grand Prix,2025-06-15,18:00:00,piastri,81,PIA,Oscar,Piastri,2001-04-06,Australian,mclaren,McLaren,British,Oscar Piastri,2025,-1.0
26948,1154,844,6,16,8.0,5.0,5,5,10.0,70,1,0,2025,10,7,Canadian Grand Prix,2025-06-15,18:00:00,leclerc,16,LEC,Charles,Leclerc,1997-10-16,Monegasque,ferrari,Ferrari,Italian,Charles Leclerc,2025,3.0
26949,1154,1,6,44,5.0,6.0,6,6,8.0,70,1,0,2025,10,7,Canadian Grand Prix,2025-06-15,18:00:00,hamilton,44,HAM,Lewis,Hamilton,1985-01-07,British,ferrari,Ferrari,Italian,Lewis Hamilton,2025,-1.0
26950,1154,4,117,14,6.0,7.0,7,7,6.0,70,1,0,2025,10,7,Canadian Grand Prix,2025-06-15,18:00:00,alonso,14,ALO,Fernando,Alonso,1981-07-29,Spanish,aston_martin,Aston Martin,British,Fernando Alonso,2025,-1.0
26951,1154,807,15,27,11.0,8.0,8,8,4.0,70,1,0,2025,10,7,Canadian Grand Prix,2025-06-15,18:00:00,hulkenberg,27,HUL,Nico,Hülkenberg,1987-08-19,German,sauber,Sauber,Swiss,Nico Hülkenberg,2025,3.0
26952,1154,839,210,31,14.0,9.0,9,9,2.0,69,11,0,2025,10,7,Canadian Grand Prix,2025-06-15,18:00:00,ocon,31,OCO,Esteban,Ocon,1996-09-17,French,haas,Haas F1 Team,American,Esteban Ocon,2025,5.0
26953,1154,832,3,55,16.0,10.0,10,10,1.0,69,11,0,2025,10,7,Canadian Grand Prix,2025-06-15,18:00:00,sainz,55,SAI,Carlos,Sainz,1994-09-01,Spanish,williams,Williams,British,Carlos Sainz,2025,6.0
26954,1154,860,210,87,13.0,11.0,11,11,0.0,69,11,0,2025,10,7,Canadian Grand Prix,2025-06-15,18:00:00,bearman,38,BEA,Oliver,Bearman,2005-05-08,British,haas,Haas F1 Team,American,Oliver Bearman,2025,2.0
26955,1154,852,9,22,18.0,12.0,12,12,0.0,69,11,0,2025,10,7,Canadian Grand Prix,2025-06-15,18:00:00,tsunoda,22,TSU,Yuki,Tsunoda,2000-05-11,Japanese,red_bull,Red Bull,Austrian,Yuki Tsunoda,2025,6.0
26956,1154,861,214,43,10.0,13.0,13,13,0.0,69,11,0,2025,10,7,Canadian Grand Prix,2025-06-15,18:00:00,colapinto,43,COL,Franco,Colapinto,2003-05-27,Argentinian ,alpine,Alpine F1 Team,French,Franco Colapinto,2025,-3.0
26957,1154,864,15,5,15.0,14.0,14,14,0.0,69,11,0,2025,10,7,Canadian Grand Prix,2025-06-15,18:00:00,bortoleto,5,BOR,Gabriel,Bortoleto,2004-10-14,Brazilian,sauber,Sauber,Swiss,Gabriel Bortoleto,2025,1.0
26958,1154,842,214,10,20.0,15.0,15,15,0.0,69,11,0,2025,10,7,Canadian Grand Prix,2025-06-15,18:00:00,gasly,10,GAS,Pierre,Gasly,1996-02-07,French,alpine,Alpine F1 Team,French,Pierre Gasly,2025,5.0
26959,1154,865,215,6,12.0,16.0,16,16,0.0,69,11,0,2025,10,7,Canadian Grand Prix,2025-06-15,18:00:00,hadjar,6,HAD,Isack,Hadjar,2004-09-28,French,rb,RB F1 Team,Italian,Isack Hadjar,2025,-4.0
26960,1154,840,117,18,17.0,17.0,17,17,0.0,69,11,0,2025,10,7,Canadian Grand Prix,2025-06-15,18:00:00,stroll,18,STR,Lance,Stroll,1998-10-29,Canadian,aston_martin,Aston Martin,British,Lance Stroll,2025,0.0
26961,1154,846,1,4,7.0,18.0,18,18,0.0,66,4,0,2025,10,7,Canadian Grand Prix,2025-06-15,18:00:00,norris,4,NOR,Lando,Norris,1999-11-13,British,mclaren,McLaren,British,Lando Norris,2025,-11.0
26962,1154,859,215,30,19.0,19.0,R,19,0.0,53,25,0,2025,10,7,Canadian Grand Prix,2025-06-15,18:00:00,lawson,30,LAW,Liam,Lawson,2002-02-11,New Zealander,rb,RB F1 Team,Italian,Liam Lawson,2025,0.0
26963,1154,848,3,23,9.0,20.0,R,20,0.0,46,5,0,2025,10,7,Canadian Grand Prix,2025-06-15,18:00:00,albon,23,ALB,Alexander,Albon,1996-03-23,Thai,williams,Williams,British,Alexander Albon,2025,-11.0
26964,1155,846,1,4,1.0,1.0,1,1,25.0,70,1,0,2025,11,70,Austrian Grand Prix,2025-06-29,13:00:00,norris,4,NOR,Lando,Norris,1999-11-13,British,mclaren,McLaren,British,Lando Norris,2025,0.0
26965,1155,857,1,81,3.0,2.0,2,2,18.0,70,1,0,2025,11,70,Austrian Grand Prix,2025-06-29,13:00:00,piastri,81,PIA,Oscar,Piastri,2001-04-06,Australian,mclaren,McLaren,British,Oscar Piastri,2025,1.0
26966,1155,844,6,16,2.0,3.0,3,3,15.0,70,1,0,2025,11,70,Austrian Grand Prix,2025-06-29,13:00:00,leclerc,16,LEC,Charles,Leclerc,1997-10-16,Monegasque,ferrari,Ferrari,Italian,Charles Leclerc,2025,-1.0
26967,1155,1,6,44,4.0,4.0,4,4,12.0,70,1,0,2025,11,70,Austrian Grand Prix,2025-06-29,13:00:00,hamilton,44,HAM,Lewis,Hamilton,1985-01-07,British,ferrari,Ferrari,Italian,Lewis Hamilton,2025,0.0
26968,1155,847,131,63,5.0,5.0,5,5,10.0,70,1,0,2025,11,70,Austrian Grand Prix,2025-06-29,13:00:00,russell,63,RUS,George,Russell,1998-02-15,British,mercedes,Mercedes,German,George Russell,2025,0.0
26969,1155,859,215,30,6.0,6.0,6,6,8.0,70,1,0,2025,11,70,Austrian Grand Prix,2025-06-29,13:00:00,lawson,30,LAW,Liam,Lawson,2002-02-11,New Zealander,rb,RB F1 Team,Italian,Liam Lawson,2025,0.0
26970,1155,4,117,14,11.0,7.0,7,7,6.0,69,11,0,2025,11,70,Austrian Grand Prix,2025-06-29,13:00:00,alonso,14,ALO,Fernando,Alonso,1981-07-29,Spanish,aston_martin,Aston Martin,British,Fernando Alonso,2025,4.0
26971,1155,864,15,5,8.0,8.0,8,8,4.0,69,11,0,2025,11,70,Austrian Grand Prix,2025-06-29,13:00:00,bortoleto,5,BOR,Gabriel,Bortoleto,2004-10-14,Brazilian,sauber,Sauber,Swiss,Gabriel Bortoleto,2025,0.0
26972,1155,807,15,27,20.0,9.0,9,9,2.0,69,11,0,2025,11,70,Austrian Grand Prix,2025-06-29,13:00:00,hulkenberg,27,HUL,Nico,Hülkenberg,1987-08-19,German,sauber,Sauber,Swiss,Nico Hülkenberg,2025,11.0
26973,1155,839,210,31,17.0,10.0,10,10,1.0,69,11,0,2025,11,70,Austrian Grand Prix,2025-06-29,13:00:00,ocon,31,OCO,Esteban,Ocon,1996-09-17,French,haas,Haas F1 Team,American,Esteban Ocon,2025,7.0
26974,1155,860,210,87,15.0,11.0,11,11,0.0,69,11,0,2025,11,70,Austrian Grand Prix,2025-06-29,13:00:00,bearman,38,BEA,Oliver,Bearman,2005-05-08,British,haas,Haas F1 Team,American,Oliver Bearman,2025,4.0
26975,1155,865,215,6,13.0,12.0,12,12,0.0,69,11,0,2025,11,70,Austrian Grand Prix,2025-06-29,13:00:00,hadjar,6,HAD,Isack,Hadjar,2004-09-28,French,rb,RB F1 Team,Italian,Isack Hadjar,2025,1.0
26976,1155,842,214,10,10.0,13.0,13,13,0.0,69,11,0,2025,11,70,Austrian Grand Prix,2025-06-29,13:00:00,gasly,10,GAS,Pierre,Gasly,1996-02-07,French,alpine,Alpine F1 Team,French,Pierre Gasly,2025,-3.0
26977,1155,840,117,18,16.0,14.0,14,14,0.0,69,11,0,2025,11,70,Austrian Grand Prix,2025-06-29,13:00:00,stroll,18,STR,Lance,Stroll,1998-10-29,Canadian,aston_martin,Aston Martin,British,Lance Stroll,2025,2.0
26978,1155,861,214,43,14.0,15.0,15,15,0.0,69,11,0,2025,11,70,Austrian Grand Prix,2025-06-29,13:00:00,colapinto,43,COL,Franco,Colapinto,2003-05-27,Argentinian ,alpine,Alpine F1 Team,French,Franco Colapinto,2025,-1.0
26979,1155,852,9,22,18.0,16.0,16,16,0.0,68,12,0,2025,11,70,Austrian Grand Prix,2025-06-29,13:00:00,tsunoda,22,TSU,Yuki,Tsunoda,2000-05-11,Japanese,red_bull,Red Bull,Austrian,Yuki Tsunoda,2025,2.0
26980,1155,848,3,23,12.0,17.0,R,17,0.0,15,5,0,2025,11,70,Austrian Grand Prix,2025-06-29,13:00:00,albon,23,ALB,Alexander,Albon,1996-03-23,Thai,williams,Williams,British,Alexander Albon,2025,-5.0
26981,1155,830,9,1,7.0,18.0,R,18,0.0,0,4,0,2025,11,70,Austrian Grand Prix,2025-06-29,13:00:00,max_verstappen,33,VER,Max,Verstappen,1997-09-30,Dutch,red_bull,Red Bull,Austrian,Max Verstappen,2025,-11.0
26982,1155,863,131,12,9.0,19.0,R,19,0.0,0,4,0,2025,11,70,Austrian Grand Prix,2025-06-29,13:00:00,antonelli,12,ANT,Andrea Kimi,Antonelli,2006-08-25,Italian,mercedes,Mercedes,German,Andrea Kimi Antonelli,2025,-10.0
26983,1155,832,3,55,19.0,20.0,W,20,0.0,0,23,0,2025,11,70,Austrian Grand Prix,2025-06-29,13:00:00,sainz,55,SAI,Carlos,Sainz,1994-09-01,Spanish,williams,Williams,British,Carlos Sainz,2025,-1.0
26984,1156,846,1,4,3.0,1.0,1,1,25.0,52,1,0,2025,12,9,British Grand Prix,2025-07-06,14:00:00,norris,4,NOR,Lando,Norris,1999-11-13,British,mclaren,McLaren,British,Lando Norris,2025,2.0
26985,1156,857,1,81,2.0,2.0,2,2,18.0,52,1,0,2025,12,9,British Grand Prix,2025-07-06,14:00:00,piastri,81,PIA,Oscar,Piastri,2001-04-06,Australian,mclaren,McLaren,British,Oscar Piastri,2025,0.0
26986,1156,807,15,27,19.0,3.0,3,3,15.0,52,1,0,2025,12,9,British Grand Prix,2025-07-06,14:00:00,hulkenberg,27,HUL,Nico,Hülkenberg,1987-08-19,German,sauber,Sauber,Swiss,Nico Hülkenberg,2025,16.0
26987,1156,1,6,44,5.0,4.0,4,4,12.0,52,1,0,2025,12,9,British Grand Prix,2025-07-06,14:00:00,hamilton,44,HAM,Lewis,Hamilton,1985-01-07,British,ferrari,Ferrari,Italian,Lewis Hamilton,2025,1.0
26988,1156,830,9,1,1.0,5.0,5,5,10.0,52,1,0,2025,12,9,British Grand Prix,2025-07-06,14:00:00,max_verstappen,33,VER,Max,Verstappen,1997-09-30,Dutch,red_bull,Red Bull,Austrian,Max Verstappen,2025,-4.0
26989,1156,842,214,10,8.0,6.0,6,6,8.0,52,1,0,2025,12,9,British Grand Prix,2025-07-06,14:00:00,gasly,10,GAS,Pierre,Gasly,1996-02-07,French,alpine,Alpine F1 Team,French,Pierre Gasly,2025,2.0
26990,1156,840,117,18,17.0,7.0,7,7,6.0,52,1,0,2025,12,9,British Grand Prix,2025-07-06,14:00:00,stroll,18,STR,Lance,Stroll,1998-10-29,Canadian,aston_martin,Aston Martin,British,Lance Stroll,2025,10.0
26991,1156,848,3,23,13.0,8.0,8,8,4.0,52,1,0,2025,12,9,British Grand Prix,2025-07-06,14:00:00,albon,23,ALB,Alexander,Albon,1996-03-23,Thai,williams,Williams,British,Alexander Albon,2025,5.0
26992,1156,4,117,14,7.0,9.0,9,9,2.0,52,1,0,2025,12,9,British Grand Prix,2025-07-06,14:00:00,alonso,14,ALO,Fernando,Alonso,1981-07-29,Spanish,aston_martin,Aston Martin,British,Fernando Alonso,2025,-2.0
26993,1156,847,131,63,4.0,10.0,10,10,1.0,52,1,0,2025,12,9,British Grand Prix,2025-07-06,14:00:00,russell,63,RUS,George,Russell,1998-02-15,British,mercedes,Mercedes,German,George Russell,2025,-6.0
26994,1156,860,210,87,18.0,11.0,11,11,0.0,52,1,0,2025,12,9,British Grand Prix,2025-07-06,14:00:00,bearman,38,BEA,Oliver,Bearman,2005-05-08,British,haas,Haas F1 Team,American,Oliver Bearman,2025,7.0
26995,1156,832,3,55,9.0,12.0,12,12,0.0,52,1,0,2025,12,9,British Grand Prix,2025-07-06,14:00:00,sainz,55,SAI,Carlos,Sainz,1994-09-01,Spanish,williams,Williams,British,Carlos Sainz,2025,-3.0
26996,1156,839,210,31,14.0,13.0,13,13,0.0,52,1,0,2025,12,9,British Grand Prix,2025-07-06,14:00:00,ocon,31,OCO,Esteban,Ocon,1996-09-17,French,haas,Haas F1 Team,American,Esteban Ocon,2025,1.0
26997,1156,844,6,16,6.0,14.0,14,14,0.0,52,1,0,2025,12,9,British Grand Prix,2025-07-06,14:00:00,leclerc,16,LEC,Charles,Leclerc,1997-10-16,Monegasque,ferrari,Ferrari,Italian,Charles Leclerc,2025,-8.0
26998,1156,852,9,22,11.0,15.0,15,15,0.0,51,11,0,2025,12,9,British Grand Prix,2025-07-06,14:00:00,tsunoda,22,TSU,Yuki,Tsunoda,2000-05-11,Japanese,red_bull,Red Bull,Austrian,Yuki Tsunoda,2025,-4.0
26999,1156,863,131,12,10.0,16.0,R,16,0.0,23,130,0,2025,12,9,British Grand Prix,2025-07-06,14:00:00,antonelli,12,ANT,Andrea Kimi,Antonelli,2006-08-25,Italian,mercedes,Mercedes,German,Andrea Kimi Antonelli,2025,-6.0
27000,1156,865,215,6,12.0,17.0,R,17,0.0,17,4,0,2025,12,9,British Grand Prix,2025-07-06,14:00:00,hadjar,6,HAD,Isack,Hadjar,2004-09-28,French,rb,RB F1 Team,Italian,Isack Hadjar,2025,-5.0
27001,1156,864,15,5,16.0,18.0,R,18,0.0,3,3,0,2025,12,9,British Grand Prix,2025-07-06,14:00:00,bortoleto,5,BOR,Gabriel,Bortoleto,2004-10-14,Brazilian,sauber,Sauber,Swiss,Gabriel Bortoleto,2025,-2.0
27002,1156,859,215,30,15.0,19.0,R,19,0.0,0,4,0,2025,12,9,British Grand Prix,2025-07-06,14:00:00,lawson,30,LAW,Liam,Lawson,2002-02-11,New Zealander,rb,RB F1 Team,Italian,Liam Lawson,2025,-4.0
27003,1156,861,214,43,20.0,20.0,W,20,0.0,0,6,0,2025,12,9,British Grand Prix,2025-07-06,14:00:00,colapinto,43,COL,Franco,Colapinto,2003-05-27,Argentinian ,alpine,Alpine F1 Team,French,Franco Colapinto,2025,0.0
27004,1157,857,1,81,2.0,1.0,1,1,25.0,44,1,0,2025,13,13,Belgian Grand Prix,2025-07-27,13:00:00,piastri,81,PIA,Oscar,Piastri,2001-04-06,Australian,mclaren,McLaren,British,Oscar Piastri,2025,1.0
27005,1157,846,1,4,1.0,2.0,2,2,18.0,44,1,0,2025,13,13,Belgian Grand Prix,2025-07-27,13:00:00,norris,4,NOR,Lando,Norris,1999-11-13,British,mclaren,McLaren,British,Lando Norris,2025,-1.0
27006,1157,844,6,16,3.0,3.0,3,3,15.0,44,1,0,2025,13,13,Belgian Grand Prix,2025-07-27,13:00:00,leclerc,16,LEC,Charles,Leclerc,1997-10-16,Monegasque,ferrari,Ferrari,Italian,Charles Leclerc,2025,0.0
27007,1157,830,9,1,4.0,4.0,4,4,12.0,44,1,0,2025,13,13,Belgian Grand Prix,2025-07-27,13:00:00,max_verstappen,33,VER,Max,Verstappen,1997-09-30,Dutch,red_bull,Red Bull,Austrian,Max Verstappen,2025,0.0
27008,1157,847,131,63,6.0,5.0,5,5,10.0,44,1,0,2025,13,13,Belgian Grand Prix,2025-07-27,13:00:00,russell,63,RUS,George,Russell,1998-02-15,British,mercedes,Mercedes,German,George Russell,2025,1.0
27009,1157,848,3,23,5.0,6.0,6,6,8.0,44,1,0,2025,13,13,Belgian Grand Prix,2025-07-27,13:00:00,albon,23,ALB,Alexander,Albon,1996-03-23,Thai,williams,Williams,British,Alexander Albon,2025,-1.0
27010,1157,1,6,44,18.0,7.0,7,7,6.0,44,1,0,2025,13,13,Belgian Grand Prix,2025-07-27,13:00:00,hamilton,44,HAM,Lewis,Hamilton,1985-01-07,British,ferrari,Ferrari,Italian,Lewis Hamilton,2025,11.0
27011,1157,859,215,30,9.0,8.0,8,8,4.0,44,1,0,2025,13,13,Belgian Grand Prix,2025-07-27,13:00:00,lawson,30,LAW,Liam,Lawson,2002-02-11,New Zealander,rb,RB F1 Team,Italian,Liam Lawson,2025,1.0
27012,1157,864,15,5,10.0,9.0,9,9,2.0,44,1,0,2025,13,13,Belgian Grand Prix,2025-07-27,13:00:00,bortoleto,5,BOR,Gabriel,Bortoleto,2004-10-14,Brazilian,sauber,Sauber,Swiss,Gabriel Bortoleto,2025,1.0
27013,1157,842,214,10,13.0,10.0,10,10,1.0,44,1,0,2025,13,13,Belgian Grand Prix,2025-07-27,13:00:00,gasly,10,GAS,Pierre,Gasly,1996-02-07,French,alpine,Alpine F1 Team,French,Pierre Gasly,2025,3.0
27014,1157,860,210,87,12.0,11.0,11,11,0.0,44,1,0,2025,13,13,Belgian Grand Prix,2025-07-27,13:00:00,bearman,38,BEA,Oliver,Bearman,2005-05-08,British,haas,Haas F1 Team,American,Oliver Bearman,2025,1.0
27015,1157,807,15,27,14.0,12.0,12,12,0.0,44,1,0,2025,13,13,Belgian Grand Prix,2025-07-27,13:00:00,hulkenberg,27,HUL,Nico,Hülkenberg,1987-08-19,German,sauber,Sauber,Swiss,Nico Hülkenberg,2025,2.0
27016,1157,852,9,22,7.0,13.0,13,13,0.0,44,1,0,2025,13,13,Belgian Grand Prix,2025-07-27,13:00:00,tsunoda,22,TSU,Yuki,Tsunoda,2000-05-11,Japanese,red_bull,Red Bull,Austrian,Yuki Tsunoda,2025,-6.0
27017,1157,840,117,18,16.0,14.0,14,14,0.0,44,1,0,2025,13,13,Belgian Grand Prix,2025-07-27,13:00:00,stroll,18,STR,Lance,Stroll,1998-10-29,Canadian,aston_martin,Aston Martin,British,Lance Stroll,2025,2.0
27018,1157,839,210,31,11.0,15.0,15,15,0.0,44,1,0,2025,13,13,Belgian Grand Prix,2025-07-27,13:00:00,ocon,31,OCO,Esteban,Ocon,1996-09-17,French,haas,Haas F1 Team,American,Esteban Ocon,2025,-4.0
27019,1157,863,131,12,19.0,16.0,16,16,0.0,44,1,0,2025,13,13,Belgian Grand Prix,2025-07-27,13:00:00,antonelli,12,ANT,Andrea Kimi,Antonelli,2006-08-25,Italian,mercedes,Mercedes,German,Andrea Kimi Antonelli,2025,3.0
27020,1157,4,117,14,20.0,17.0,17,17,0.0,44,1,0,2025,13,13,Belgian Grand Prix,2025-07-27,13:00:00,alonso,14,ALO,Fernando,Alonso,1981-07-29,Spanish,aston_martin,Aston Martin,British,Fernando Alonso,2025,3.0
27021,1157,832,3,55,17.0,18.0,18,18,0.0,44,1,0,2025,13,13,Belgian Grand Prix,2025-07-27,13:00:00,sainz,55,SAI,Carlos,Sainz,1994-09-01,Spanish,williams,Williams,British,Carlos Sainz,2025,-1.0
27022,1157,861,214,43,15.0,19.0,19,19,0.0,44,1,0,2025,13,13,Belgian Grand Prix,2025-07-27,13:00:00,colapinto,43,COL,Franco,Colapinto,2003-05-27,Argentinian ,alpine,Alpine F1 Team,French,Franco Colapinto,2025,-4.0
27023,1157,865,215,6,8.0,20.0,20,20,0.0,43,11,0,2025,13,13,Belgian Grand Prix,2025-07-27,13:00:00,hadjar,6,HAD,Isack,Hadjar,2004-09-28,French,rb,RB F1 Team,Italian,Isack Hadjar,2025,-12.0
27024,1158,846,1,4,3.0,1.0,1,1,25.0,70,1,0,2025,14,11,Hungarian Grand Prix,2025-08-03,13:00:00,norris,4,NOR,Lando,Norris,1999-11-13,British,mclaren,McLaren,British,Lando Norris,2025,2.0
27025,1158,857,1,81,2.0,2.0,2,2,18.0,70,1,0,2025,14,11,Hungarian Grand Prix,2025-08-03,13:00:00,piastri,81,PIA,Oscar,Piastri,2001-04-06,Australian,mclaren,McLaren,British,Oscar Piastri,2025,0.0
27026,1158,847,131,63,4.0,3.0,3,3,15.0,70,1,0,2025,14,11,Hungarian Grand Prix,2025-08-03,13:00:00,russell,63,RUS,George,Russell,1998-02-15,British,mercedes,Mercedes,German,George Russell,2025,1.0
27027,1158,844,6,16,1.0,4.0,4,4,12.0,70,1,0,2025,14,11,Hungarian Grand Prix,2025-08-03,13:00:00,leclerc,16,LEC,Charles,Leclerc,1997-10-16,Monegasque,ferrari,Ferrari,Italian,Charles Leclerc,2025,-3.0
27028,1158,4,117,14,5.0,5.0,5,5,10.0,70,1,0,2025,14,11,Hungarian Grand Prix,2025-08-03,13:00:00,alonso,14,ALO,Fernando,Alonso,1981-07-29,Spanish,aston_martin,Aston Martin,British,Fernando Alonso,2025,0.0
27029,1158,864,15,5,7.0,6.0,6,6,8.0,70,1,0,2025,14,11,Hungarian Grand Prix,2025-08-03,13:00:00,bortoleto,5,BOR,Gabriel,Bortoleto,2004-10-14,Brazilian,sauber,Sauber,Swiss,Gabriel Bortoleto,2025,1.0
27030,1158,840,117,18,6.0,7.0,7,7,6.0,70,1,0,2025,14,11,Hungarian Grand Prix,2025-08-03,13:00:00,stroll,18,STR,Lance,Stroll,1998-10-29,Canadian,aston_martin,Aston Martin,British,Lance Stroll,2025,-1.0
27031,1158,859,215,30,9.0,8.0,8,8,4.0,70,1,0,2025,14,11,Hungarian Grand Prix,2025-08-03,13:00:00,lawson,30,LAW,Liam,Lawson,2002-02-11,New Zealander,rb,RB F1 Team,Italian,Liam Lawson,2025,1.0
27032,1158,830,9,1,8.0,9.0,9,9,2.0,70,1,0,2025,14,11,Hungarian Grand Prix,2025-08-03,13:00:00,max_verstappen,33,VER,Max,Verstappen,1997-09-30,Dutch,red_bull,Red Bull,Austrian,Max Verstappen,2025,-1.0
27033,1158,863,131,12,15.0,10.0,10,10,1.0,69,11,0,2025,14,11,Hungarian Grand Prix,2025-08-03,13:00:00,antonelli,12,ANT,Andrea Kimi,Antonelli,2006-08-25,Italian,mercedes,Mercedes,German,Andrea Kimi Antonelli,2025,5.0
27034,1158,865,215,6,10.0,11.0,11,11,0.0,69,11,0,2025,14,11,Hungarian Grand Prix,2025-08-03,13:00:00,hadjar,6,HAD,Isack,Hadjar,2004-09-28,French,rb,RB F1 Team,Italian,Isack Hadjar,2025,-1.0
27035,1158,1,6,44,12.0,12.0,12,12,0.0,69,11,0,2025,14,11,Hungarian Grand Prix,2025-08-03,13:00:00,hamilton,44,HAM,Lewis,Hamilton,1985-01-07,British,ferrari,Ferrari,Italian,Lewis Hamilton,2025,0.0
27036,1158,807,15,27,18.0,13.0,13,13,0.0,69,11,0,2025,14,11,Hungarian Grand Prix,2025-08-03,13:00:00,hulkenberg,27,HUL,Nico,Hülkenberg,1987-08-19,German,sauber,Sauber,Swiss,Nico Hülkenberg,2025,5.0
27037,1158,832,3,55,13.0,14.0,14,14,0.0,69,11,0,2025,14,11,Hungarian Grand Prix,2025-08-03,13:00:00,sainz,55,SAI,Carlos,Sainz,1994-09-01,Spanish,williams,Williams,British,Carlos Sainz,2025,-1.0
27038,1158,848,3,23,19.0,15.0,15,15,0.0,69,11,0,2025,14,11,Hungarian Grand Prix,2025-08-03,13:00:00,albon,23,ALB,Alexander,Albon,1996-03-23,Thai,williams,Williams,British,Alexander Albon,2025,4.0
27039,1158,839,210,31,17.0,16.0,16,16,0.0,69,11,0,2025,14,11,Hungarian Grand Prix,2025-08-03,13:00:00,ocon,31,OCO,Esteban,Ocon,1996-09-17,French,haas,Haas F1 Team,American,Esteban Ocon,2025,1.0
27040,1158,852,9,22,20.0,17.0,17,17,0.0,69,11,0,2025,14,11,Hungarian Grand Prix,2025-08-03,13:00:00,tsunoda,22,TSU,Yuki,Tsunoda,2000-05-11,Japanese,red_bull,Red Bull,Austrian,Yuki Tsunoda,2025,3.0
27041,1158,861,214,43,14.0,18.0,18,18,0.0,69,11,0,2025,14,11,Hungarian Grand Prix,2025-08-03,13:00:00,colapinto,43,COL,Franco,Colapinto,2003-05-27,Argentinian ,alpine,Alpine F1 Team,French,Franco Colapinto,2025,-4.0
27042,1158,842,214,10,16.0,19.0,19,19,0.0,69,11,0,2025,14,11,Hungarian Grand Prix,2025-08-03,13:00:00,gasly,10,GAS,Pierre,Gasly,1996-02-07,French,alpine,Alpine F1 Team,French,Pierre Gasly,2025,-3.0
27043,1158,860,210,87,11.0,20.0,R,20,0.0,48,140,0,2025,14,11,Hungarian Grand Prix,2025-08-03,13:00:00,bearman,38,BEA,Oliver,Bearman,2005-05-08,British,haas,Haas F1 Team,American,Oliver Bearman,2025,-9.0
27044,1159,857,1,81,1.0,1.0,1,1,25.0,72,1,0,2025,15,39,Dutch Grand Prix,2025-08-31,13:00:00,piastri,81,PIA,Oscar,Piastri,2001-04-06,Australian,mclaren,McLaren,British,Oscar Piastri,2025,0.0
27045,1159,830,9,1,3.0,2.0,2,2,18.0,72,1,0,2025,15,39,Dutch Grand Prix,2025-08-31,13:00:00,max_verstappen,33,VER,Max,Verstappen,1997-09-30,Dutch,red_bull,Red Bull,Austrian,Max Verstappen,2025,1.0
27046,1159,865,215,6,4.0,3.0,3,3,15.0,72,1,0,2025,15,39,Dutch Grand Prix,2025-08-31,13:00:00,hadjar,6,HAD,Isack,Hadjar,2004-09-28,French,rb,RB F1 Team,Italian,Isack Hadjar,2025,1.0
27047,1159,847,131,63,5.0,4.0,4,4,12.0,72,1,0,2025,15,39,Dutch Grand Prix,2025-08-31,13:00:00,russell,63,RUS,George,Russell,1998-02-15,British,mercedes,Mercedes,German,George Russell,2025,1.0
27048,1159,848,3,23,15.0,5.0,5,5,10.0,72,1,0,2025,15,39,Dutch Grand Prix,2025-08-31,13:00:00,albon,23,ALB,Alexander,Albon,1996-03-23,Thai,williams,Williams,British,Alexander Albon,2025,10.0
27049,1159,860,210,87,20.0,6.0,6,6,8.0,72,1,0,2025,15,39,Dutch Grand Prix,2025-08-31,13:00:00,bearman,38,BEA,Oliver,Bearman,2005-05-08,British,haas,Haas F1 Team,American,Oliver Bearman,2025,14.0
27050,1159,840,117,18,19.0,7.0,7,7,6.0,72,1,0,2025,15,39,Dutch Grand Prix,2025-08-31,13:00:00,stroll,18,STR,Lance,Stroll,1998-10-29,Canadian,aston_martin,Aston Martin,British,Lance Stroll,2025,12.0
27051,1159,4,117,14,10.0,8.0,8,8,4.0,72,1,0,2025,15,39,Dutch Grand Prix,2025-08-31,13:00:00,alonso,14,ALO,Fernando,Alonso,1981-07-29,Spanish,aston_martin,Aston Martin,British,Fernando Alonso,2025,2.0
27052,1159,852,9,22,12.0,9.0,9,9,2.0,72,1,0,2025,15,39,Dutch Grand Prix,2025-08-31,13:00:00,tsunoda,22,TSU,Yuki,Tsunoda,2000-05-11,Japanese,red_bull,Red Bull,Austrian,Yuki Tsunoda,2025,3.0
27053,1159,839,210,31,18.0,10.0,10,10,1.0,72,1,0,2025,15,39,Dutch Grand Prix,2025-08-31,13:00:00,ocon,31,OCO,Esteban,Ocon,1996-09-17,French,haas,Haas F1 Team,American,Esteban Ocon,2025,8.0
27054,1159,861,214,43,16.0,11.0,11,11,0.0,72,1,0,2025,15,39,Dutch Grand Prix,2025-08-31,13:00:00,colapinto,43,COL,Franco,Colapinto,2003-05-27,Argentinian ,alpine,Alpine F1 Team,French,Franco Colapinto,2025,5.0
27055,1159,859,215,30,8.0,12.0,12,12,0.0,72,1,0,2025,15,39,Dutch Grand Prix,2025-08-31,13:00:00,lawson,30,LAW,Liam,Lawson,2002-02-11,New Zealander,rb,RB F1 Team,Italian,Liam Lawson,2025,-4.0
27056,1159,832,3,55,9.0,13.0,13,13,0.0,72,1,0,2025,15,39,Dutch Grand Prix,2025-08-31,13:00:00,sainz,55,SAI,Carlos,Sainz,1994-09-01,Spanish,williams,Williams,British,Carlos Sainz,2025,-4.0
27057,1159,807,15,27,17.0,14.0,14,14,0.0,72,1,0,2025,15,39,Dutch Grand Prix,2025-08-31,13:00:00,hulkenberg,27,HUL,Nico,Hülkenberg,1987-08-19,German,sauber,Sauber,Swiss,Nico Hülkenberg,2025,3.0
27058,1159,864,15,5,13.0,15.0,15,15,0.0,72,1,0,2025,15,39,Dutch Grand Prix,2025-08-31,13:00:00,bortoleto,5,BOR,Gabriel,Bortoleto,2004-10-14,Brazilian,sauber,Sauber,Swiss,Gabriel Bortoleto,2025,-2.0
27059,1159,863,131,12,11.0,16.0,16,16,0.0,72,1,0,2025,15,39,Dutch Grand Prix,2025-08-31,13:00:00,antonelli,12,ANT,Andrea Kimi,Antonelli,2006-08-25,Italian,mercedes,Mercedes,German,Andrea Kimi Antonelli,2025,-5.0
27060,1159,842,214,10,14.0,17.0,17,17,0.0,72,1,0,2025,15,39,Dutch Grand Prix,2025-08-31,13:00:00,gasly,10,GAS,Pierre,Gasly,1996-02-07,French,alpine,Alpine F1 Team,French,Pierre Gasly,2025,-3.0
27061,1159,846,1,4,2.0,18.0,18,18,0.0,64,44,0,2025,15,39,Dutch Grand Prix,2025-08-31,13:00:00,norris,4,NOR,Lando,Norris,1999-11-13,British,mclaren,McLaren,British,Lando Norris,2025,-16.0
27062,1159,844,6,16,6.0,19.0,R,19,0.0,52,4,0,2025,15,39,Dutch Grand Prix,2025-08-31,13:00:00,leclerc,16,LEC,Charles,Leclerc,1997-10-16,Monegasque,ferrari,Ferrari,Italian,Charles Leclerc,2025,-13.0
27063,1159,1,6,44,7.0,20.0,R,20,0.0,22,3,0,2025,15,39,Dutch Grand Prix,2025-08-31,13:00:00,hamilton,44,HAM,Lewis,Hamilton,1985-01-07,British,ferrari,Ferrari,Italian,Lewis Hamilton,2025,-13.0
27064,1160,830,9,1,1.0,1.0,1,1,25.0,53,1,0,2025,16,14,Italian Grand Prix,2025-09-07,13:00:00,max_verstappen,33,VER,Max,Verstappen,1997-09-30,Dutch,red_bull,Red Bull,Austrian,Max Verstappen,2025,0.0
27065,1160,846,1,4,2.0,2.0,2,2,18.0,53,1,0,2025,16,14,Italian Grand Prix,2025-09-07,13:00:00,norris,4,NOR,Lando,Norris,1999-11-13,British,mclaren,McLaren,British,Lando Norris,2025,0.0
27066,1160,857,1,81,3.0,3.0,3,3,15.0,53,1,0,2025,16,14,Italian Grand Prix,2025-09-07,13:00:00,piastri,81,PIA,Oscar,Piastri,2001-04-06,Australian,mclaren,McLaren,British,Oscar Piastri,2025,0.0
27067,1160,844,6,16,4.0,4.0,4,4,12.0,53,1,0,2025,16,14,Italian Grand Prix,2025-09-07,13:00:00,leclerc,16,LEC,Charles,Leclerc,1997-10-16,Monegasque,ferrari,Ferrari,Italian,Charles Leclerc,2025,0.0
27068,1160,847,131,63,5.0,5.0,5,5,10.0,53,1,0,2025,16,14,Italian Grand Prix,2025-09-07,13:00:00,russell,63,RUS,George,Russell,1998-02-15,British,mercedes,Mercedes,German,George Russell,2025,0.0
27069,1160,1,6,44,10.0,6.0,6,6,8.0,53,1,0,2025,16,14,Italian Grand Prix,2025-09-07,13:00:00,hamilton,44,HAM,Lewis,Hamilton,1985-01-07,British,ferrari,Ferrari,Italian,Lewis Hamilton,2025,4.0
27070,1160,848,3,23,14.0,7.0,7,7,6.0,53,1,0,2025,16,14,Italian Grand Prix,2025-09-07,13:00:00,albon,23,ALB,Alexander,Albon,1996-03-23,Thai,williams,Williams,British,Alexander Albon,2025,7.0
27071,1160,864,15,5,7.0,8.0,8,8,4.0,53,1,0,2025,16,14,Italian Grand Prix,2025-09-07,13:00:00,bortoleto,5,BOR,Gabriel,Bortoleto,2004-10-14,Brazilian,sauber,Sauber,Swiss,Gabriel Bortoleto,2025,-1.0
27072,1160,863,131,12,6.0,9.0,9,9,2.0,53,1,0,2025,16,14,Italian Grand Prix,2025-09-07,13:00:00,antonelli,12,ANT,Andrea Kimi,Antonelli,2006-08-25,Italian,mercedes,Mercedes,German,Andrea Kimi Antonelli,2025,-3.0
27073,1160,865,215,6,19.0,10.0,10,10,1.0,53,1,0,2025,16,14,Italian Grand Prix,2025-09-07,13:00:00,hadjar,6,HAD,Isack,Hadjar,2004-09-28,French,rb,RB F1 Team,Italian,Isack Hadjar,2025,9.0
27074,1160,832,3,55,13.0,11.0,11,11,0.0,53,1,0,2025,16,14,Italian Grand Prix,2025-09-07,13:00:00,sainz,55,SAI,Carlos,Sainz,1994-09-01,Spanish,williams,Williams,British,Carlos Sainz,2025,2.0
27075,1160,860,210,87,11.0,12.0,12,12,0.0,53,1,0,2025,16,14,Italian Grand Prix,2025-09-07,13:00:00,bearman,38,BEA,Oliver,Bearman,2005-05-08,British,haas,Haas F1 Team,American,Oliver Bearman,2025,-1.0
27076,1160,852,9,22,9.0,13.0,13,13,0.0,53,1,0,2025,16,14,Italian Grand Prix,2025-09-07,13:00:00,tsunoda,22,TSU,Yuki,Tsunoda,2000-05-11,Japanese,red_bull,Red Bull,Austrian,Yuki Tsunoda,2025,-4.0
27077,1160,859,215,30,18.0,14.0,14,14,0.0,53,1,0,2025,16,14,Italian Grand Prix,2025-09-07,13:00:00,lawson,30,LAW,Liam,Lawson,2002-02-11,New Zealander,rb,RB F1 Team,Italian,Liam Lawson,2025,4.0
27078,1160,839,210,31,15.0,15.0,15,15,0.0,52,11,0,2025,16,14,Italian Grand Prix,2025-09-07,13:00:00,ocon,31,OCO,Esteban,Ocon,1996-09-17,French,haas,Haas F1 Team,American,Esteban Ocon,2025,0.0
27079,1160,842,214,10,20.0,16.0,16,16,0.0,52,11,0,2025,16,14,Italian Grand Prix,2025-09-07,13:00:00,gasly,10,GAS,Pierre,Gasly,1996-02-07,French,alpine,Alpine F1 Team,French,Pierre Gasly,2025,4.0
27080,1160,861,214,43,17.0,17.0,17,17,0.0,52,11,0,2025,16,14,Italian Grand Prix,2025-09-07,13:00:00,colapinto,43,COL,Franco,Colapinto,2003-05-27,Argentinian ,alpine,Alpine F1 Team,French,Franco Colapinto,2025,0.0
27081,1160,840,117,18,16.0,18.0,18,18,0.0,52,11,0,2025,16,14,Italian Grand Prix,2025-09-07,13:00:00,stroll,18,STR,Lance,Stroll,1998-10-29,Canadian,aston_martin,Aston Martin,British,Lance Stroll,2025,-2.0
27082,1160,4,117,14,8.0,19.0,R,19,0.0,24,22,0,2025,16,14,Italian Grand Prix,2025-09-07,13:00:00,alonso,14,ALO,Fernando,Alonso,1981-07-29,Spanish,aston_martin,Aston Martin,British,Fernando Alonso,2025,-11.0
27083,1160,807,15,27,12.0,20.0,W,20,0.0,0,6,0,2025,16,14,Italian Grand Prix,2025-09-07,13:00:00,hulkenberg,27,HUL,Nico,Hülkenberg,1987-08-19,German,sauber,Sauber,Swiss,Nico Hülkenberg,2025,-8.0
27084,1161,830,9,1,1.0,1.0,1,1,25.0,51,1,0,2025,17,73,Azerbaijan Grand Prix,2025-09-21,11:00:00,max_verstappen,33,VER,Max,Verstappen,1997-09-30,Dutch,red_bull,Red Bull,Austrian,Max Verstappen,2025,0.0
27085,1161,847,131,63,5.0,2.0,2,2,18.0,51,1,0,2025,17,73,Azerbaijan Grand Prix,2025-09-21,11:00:00,russell,63,RUS,George,Russell,1998-02-15,British,mercedes,Mercedes,German,George Russell,2025,3.0
27086,1161,832,3,55,2.0,3.0,3,3,15.0,51,1,0,2025,17,73,Azerbaijan Grand Prix,2025-09-21,11:00:00,sainz,55,SAI,Carlos,Sainz,1994-09-01,Spanish,williams,Williams,British,Carlos Sainz,2025,-1.0
27087,1161,863,131,12,4.0,4.0,4,4,12.0,51,1,0,2025,17,73,Azerbaijan Grand Prix,2025-09-21,11:00:00,antonelli,12,ANT,Andrea Kimi,Antonelli,2006-08-25,Italian,mercedes,Mercedes,German,Andrea Kimi Antonelli,2025,0.0
27088,1161,859,215,30,3.0,5.0,5,5,10.0,51,1,0,2025,17,73,Azerbaijan Grand Prix,2025-09-21,11:00:00,lawson,30,LAW,Liam,Lawson,2002-02-11,New Zealander,rb,RB F1 Team,Italian,Liam Lawson,2025,-2.0
27089,1161,852,9,22,6.0,6.0,6,6,8.0,51,1,0,2025,17,73,Azerbaijan Grand Prix,2025-09-21,11:00:00,tsunoda,22,TSU,Yuki,Tsunoda,2000-05-11,Japanese,red_bull,Red Bull,Austrian,Yuki Tsunoda,2025,0.0
27090,1161,846,1,4,7.0,7.0,7,7,6.0,51,1,0,2025,17,73,Azerbaijan Grand Prix,2025-09-21,11:00:00,norris,4,NOR,Lando,Norris,1999-11-13,British,mclaren,McLaren,British,Lando Norris,2025,0.0
27091,1161,1,6,44,12.0,8.0,8,8,4.0,51,1,0,2025,17,73,Azerbaijan Grand Prix,2025-09-21,11:00:00,hamilton,44,HAM,Lewis,Hamilton,1985-01-07,British,ferrari,Ferrari,Italian,Lewis Hamilton,2025,4.0
27092,1161,844,6,16,10.0,9.0,9,9,2.0,51,1,0,2025,17,73,Azerbaijan Grand Prix,2025-09-21,11:00:00,leclerc,16,LEC,Charles,Leclerc,1997-10-16,Monegasque,ferrari,Ferrari,Italian,Charles Leclerc,2025,1.0
27093,1161,865,215,6,8.0,10.0,10,10,1.0,51,1,0,2025,17,73,Azerbaijan Grand Prix,2025-09-21,11:00:00,hadjar,6,HAD,Isack,Hadjar,2004-09-28,French,rb,RB F1 Team,Italian,Isack Hadjar,2025,-2.0
27094,1161,864,15,5,13.0,11.0,11,11,0.0,51,1,0,2025,17,73,Azerbaijan Grand Prix,2025-09-21,11:00:00,bortoleto,5,BOR,Gabriel,Bortoleto,2004-10-14,Brazilian,sauber,Sauber,Swiss,Gabriel Bortoleto,2025,2.0
27095,1161,860,210,87,15.0,12.0,12,12,0.0,51,1,0,2025,17,73,Azerbaijan Grand Prix,2025-09-21,11:00:00,bearman,38,BEA,Oliver,Bearman,2005-05-08,British,haas,Haas F1 Team,American,Oliver Bearman,2025,3.0
27096,1161,848,3,23,19.0,13.0,13,13,0.0,51,1,0,2025,17,73,Azerbaijan Grand Prix,2025-09-21,11:00:00,albon,23,ALB,Alexander,Albon,1996-03-23,Thai,williams,Williams,British,Alexander Albon,2025,6.0
27097,1161,839,210,31,20.0,14.0,14,14,0.0,51,1,0,2025,17,73,Azerbaijan Grand Prix,2025-09-21,11:00:00,ocon,31,OCO,Esteban,Ocon,1996-09-17,French,haas,Haas F1 Team,American,Esteban Ocon,2025,6.0
27098,1161,4,117,14,11.0,15.0,15,15,0.0,51,1,0,2025,17,73,Azerbaijan Grand Prix,2025-09-21,11:00:00,alonso,14,ALO,Fernando,Alonso,1981-07-29,Spanish,aston_martin,Aston Martin,British,Fernando Alonso,2025,-4.0
27099,1161,807,15,27,17.0,16.0,16,16,0.0,51,1,0,2025,17,73,Azerbaijan Grand Prix,2025-09-21,11:00:00,hulkenberg,27,HUL,Nico,Hülkenberg,1987-08-19,German,sauber,Sauber,Swiss,Nico Hülkenberg,2025,1.0
27100,1161,840,117,18,14.0,17.0,17,17,0.0,51,1,0,2025,17,73,Azerbaijan Grand Prix,2025-09-21,11:00:00,stroll,18,STR,Lance,Stroll,1998-10-29,Canadian,aston_martin,Aston Martin,British,Lance Stroll,2025,-3.0
27101,1161,842,214,10,18.0,18.0,18,18,0.0,50,11,0,2025,17,73,Azerbaijan Grand Prix,2025-09-21,11:00:00,gasly,10,GAS,Pierre,Gasly,1996-02-07,French,alpine,Alpine F1 Team,French,Pierre Gasly,2025,0.0
27102,1161,861,214,43,16.0,19.0,19,19,0.0,50,11,0,2025,17,73,Azerbaijan Grand Prix,2025-09-21,11:00:00,colapinto,43,COL,Franco,Colapinto,2003-05-27,Argentinian ,alpine,Alpine F1 Team,French,Franco Colapinto,2025,-3.0
27103,1161,857,1,81,9.0,20.0,R,20,0.0,0,3,0,2025,17,73,Azerbaijan Grand Prix,2025-09-21,11:00:00,piastri,81,PIA,Oscar,Piastri,2001-04-06,Australian,mclaren,McLaren,British,Oscar Piastri,2025,-11.0
27104,1162,847,131,63,1.0,1.0,1,1,25.0,62,1,0,2025,18,15,Singapore Grand Prix,2025-10-05,12:00:00,russell,63,RUS,George,Russell,1998-02-15,British,mercedes,Mercedes,German,George Russell,2025,0.0
27105,1162,830,9,1,2.0,2.0,2,2,18.0,62,1,0,2025,18,15,Singapore Grand Prix,2025-10-05,12:00:00,max_verstappen,33,VER,Max,Verstappen,1997-09-30,Dutch,red_bull,Red Bull,Austrian,Max Verstappen,2025,0.0
27106,1162,846,1,4,5.0,3.0,3,3,15.0,62,1,0,2025,18,15,Singapore Grand Prix,2025-10-05,12:00:00,norris,4,NOR,Lando,Norris,1999-11-13,British,mclaren,McLaren,British,Lando Norris,2025,2.0
27107,1162,857,1,81,3.0,4.0,4,4,12.0,62,1,0,2025,18,15,Singapore Grand Prix,2025-10-05,12:00:00,piastri,81,PIA,Oscar,Piastri,2001-04-06,Australian,mclaren,McLaren,British,Oscar Piastri,2025,-1.0
27108,1162,863,131,12,4.0,5.0,5,5,10.0,62,1,0,2025,18,15,Singapore Grand Prix,2025-10-05,12:00:00,antonelli,12,ANT,Andrea Kimi,Antonelli,2006-08-25,Italian,mercedes,Mercedes,German,Andrea Kimi Antonelli,2025,-1.0
27109,1162,844,6,16,7.0,6.0,6,6,8.0,62,1,0,2025,18,15,Singapore Grand Prix,2025-10-05,12:00:00,leclerc,16,LEC,Charles,Leclerc,1997-10-16,Monegasque,ferrari,Ferrari,Italian,Charles Leclerc,2025,1.0
27110,1162,4,117,14,10.0,7.0,7,7,6.0,62,1,0,2025,18,15,Singapore Grand Prix,2025-10-05,12:00:00,alonso,14,ALO,Fernando,Alonso,1981-07-29,Spanish,aston_martin,Aston Martin,British,Fernando Alonso,2025,3.0
27111,1162,1,6,44,6.0,8.0,8,8,4.0,62,1,0,2025,18,15,Singapore Grand Prix,2025-10-05,12:00:00,hamilton,44,HAM,Lewis,Hamilton,1985-01-07,British,ferrari,Ferrari,Italian,Lewis Hamilton,2025,-2.0
27112,1162,860,210,87,9.0,9.0,9,9,2.0,62,1,0,2025,18,15,Singapore Grand Prix,2025-10-05,12:00:00,bearman,38,BEA,Oliver,Bearman,2005-05-08,British,haas,Haas F1 Team,American,Oliver Bearman,2025,0.0
27113,1162,832,3,55,18.0,10.0,10,10,1.0,61,11,0,2025,18,15,Singapore Grand Prix,2025-10-05,12:00:00,sainz,55,SAI,Carlos,Sainz,1994-09-01,Spanish,williams,Williams,British,Carlos Sainz,2025,8.0
27114,1162,865,215,6,8.0,11.0,11,11,0.0,61,11,0,2025,18,15,Singapore Grand Prix,2025-10-05,12:00:00,hadjar,6,HAD,Isack,Hadjar,2004-09-28,French,rb,RB F1 Team,Italian,Isack Hadjar,2025,-3.0
27115,1162,852,9,22,13.0,12.0,12,12,0.0,61,11,0,2025,18,15,Singapore Grand Prix,2025-10-05,12:00:00,tsunoda,22,TSU,Yuki,Tsunoda,2000-05-11,Japanese,red_bull,Red Bull,Austrian,Yuki Tsunoda,2025,1.0
27116,1162,840,117,18,15.0,13.0,13,13,0.0,61,11,0,2025,18,15,Singapore Grand Prix,2025-10-05,12:00:00,stroll,18,STR,Lance,Stroll,1998-10-29,Canadian,aston_martin,Aston Martin,British,Lance Stroll,2025,2.0
27117,1162,848,3,23,20.0,14.0,14,14,0.0,61,11,0,2025,18,15,Singapore Grand Prix,2025-10-05,12:00:00,albon,23,ALB,Alexander,Albon,1996-03-23,Thai,williams,Williams,British,Alexander Albon,2025,6.0
27118,1162,859,215,30,12.0,15.0,15,15,0.0,61,11,0,2025,18,15,Singapore Grand Prix,2025-10-05,12:00:00,lawson,30,LAW,Liam,Lawson,2002-02-11,New Zealander,rb,RB F1 Team,Italian,Liam Lawson,2025,-3.0
27119,1162,861,214,43,16.0,16.0,16,16,0.0,61,11,0,2025,18,15,Singapore Grand Prix,2025-10-05,12:00:00,colapinto,43,COL,Franco,Colapinto,2003-05-27,Argentinian ,alpine,Alpine F1 Team,French,Franco Colapinto,2025,0.0
27120,1162,864,15,5,14.0,17.0,17,17,0.0,61,11,0,2025,18,15,Singapore Grand Prix,2025-10-05,12:00:00,bortoleto,5,BOR,Gabriel,Bortoleto,2004-10-14,Brazilian,sauber,Sauber,Swiss,Gabriel Bortoleto,2025,-3.0
27121,1162,839,210,31,17.0,18.0,18,18,0.0,61,11,0,2025,18,15,Singapore Grand Prix,2025-10-05,12:00:00,ocon,31,OCO,Esteban,Ocon,1996-09-17,French,haas,Haas F1 Team,American,Esteban Ocon,2025,-1.0
27122,1162,842,214,10,19.0,19.0,19,19,0.0,61,11,0,2025,18,15,Singapore Grand Prix,2025-10-05,12:00:00,gasly,10,GAS,Pierre,Gasly,1996-02-07,French,alpine,Alpine F1 Team,French,Pierre Gasly,2025,0.0
27123,1162,807,15,27,11.0,20.0,20,20,0.0,61,11,0,2025,18,15,Singapore Grand Prix,2025-10-05,12:00:00,hulkenberg,27,HUL,Nico,Hülkenberg,1987-08-19,German,sauber,Sauber,Swiss,Nico Hülkenberg,2025,-9.0
27124,1163,830,9,1,1.0,1.0,1,1,25.0,56,1,0,2025,19,69,United States Grand Prix,2025-10-19,19:00:00,max_verstappen,33,VER,Max,Verstappen,1997-09-30,Dutch,red_bull,Red Bull,Austrian,Max Verstappen,2025,0.0
27125,1163,846,1,4,2.0,2.0,2,2,18.0,56,1,0,2025,19,69,United States Grand Prix,2025-10-19,19:00:00,norris,4,NOR,Lando,Norris,1999-11-13,British,mclaren,McLaren,British,Lando Norris,2025,0.0
27126,1163,844,6,16,3.0,3.0,3,3,15.0,56,1,0,2025,19,69,United States Grand Prix,2025-10-19,19:00:00,leclerc,16,LEC,Charles,Leclerc,1997-10-16,Monegasque,ferrari,Ferrari,Italian,Charles Leclerc,2025,0.0
27127,1163,1,6,44,5.0,4.0,4,4,12.0,56,1,0,2025,19,69,United States Grand Prix,2025-10-19,19:00:00,hamilton,44,HAM,Lewis,Hamilton,1985-01-07,British,ferrari,Ferrari,Italian,Lewis Hamilton,2025,1.0
27128,1163,857,1,81,6.0,5.0,5,5,10.0,56,1,0,2025,19,69,United States Grand Prix,2025-10-19,19:00:00,piastri,81,PIA,Oscar,Piastri,2001-04-06,Australian,mclaren,McLaren,British,Oscar Piastri,2025,1.0
27129,1163,847,131,63,4.0,6.0,6,6,8.0,56,1,0,2025,19,69,United States Grand Prix,2025-10-19,19:00:00,russell,63,RUS,George,Russell,1998-02-15,British,mercedes,Mercedes,German,George Russell,2025,-2.0
27130,1163,852,9,22,13.0,7.0,7,7,6.0,56,1,0,2025,19,69,United States Grand Prix,2025-10-19,19:00:00,tsunoda,22,TSU,Yuki,Tsunoda,2000-05-11,Japanese,red_bull,Red Bull,Austrian,Yuki Tsunoda,2025,6.0
27131,1163,807,15,27,11.0,8.0,8,8,4.0,56,1,0,2025,19,69,United States Grand Prix,2025-10-19,19:00:00,hulkenberg,27,HUL,Nico,Hülkenberg,1987-08-19,German,sauber,Sauber,Swiss,Nico Hülkenberg,2025,3.0
27132,1163,860,210,87,8.0,9.0,9,9,2.0,56,1,0,2025,19,69,United States Grand Prix,2025-10-19,19:00:00,bearman,38,BEA,Oliver,Bearman,2005-05-08,British,haas,Haas F1 Team,American,Oliver Bearman,2025,-1.0
27133,1163,4,117,14,10.0,10.0,10,10,1.0,56,1,0,2025,19,69,United States Grand Prix,2025-10-19,19:00:00,alonso,14,ALO,Fernando,Alonso,1981-07-29,Spanish,aston_martin,Aston Martin,British,Fernando Alonso,2025,0.0
27134,1163,859,215,30,12.0,11.0,11,11,0.0,56,1,0,2025,19,69,United States Grand Prix,2025-10-19,19:00:00,lawson,30,LAW,Liam,Lawson,2002-02-11,New Zealander,rb,RB F1 Team,Italian,Liam Lawson,2025,1.0
27135,1163,840,117,18,19.0,12.0,12,12,0.0,56,1,0,2025,19,69,United States Grand Prix,2025-10-19,19:00:00,stroll,18,STR,Lance,Stroll,1998-10-29,Canadian,aston_martin,Aston Martin,British,Lance Stroll,2025,7.0
27136,1163,863,131,12,7.0,13.0,13,13,0.0,56,1,0,2025,19,69,United States Grand Prix,2025-10-19,19:00:00,antonelli,12,ANT,Andrea Kimi,Antonelli,2006-08-25,Italian,mercedes,Mercedes,German,Andrea Kimi Antonelli,2025,-6.0
27137,1163,848,3,23,18.0,14.0,14,14,0.0,56,1,0,2025,19,69,United States Grand Prix,2025-10-19,19:00:00,albon,23,ALB,Alexander,Albon,1996-03-23,Thai,williams,Williams,British,Alexander Albon,2025,4.0
27138,1163,839,210,31,17.0,15.0,15,15,0.0,56,1,0,2025,19,69,United States Grand Prix,2025-10-19,19:00:00,ocon,31,OCO,Esteban,Ocon,1996-09-17,French,haas,Haas F1 Team,American,Esteban Ocon,2025,2.0
27139,1163,865,215,6,20.0,16.0,16,16,0.0,56,1,0,2025,19,69,United States Grand Prix,2025-10-19,19:00:00,hadjar,6,HAD,Isack,Hadjar,2004-09-28,French,rb,RB F1 Team,Italian,Isack Hadjar,2025,4.0
27140,1163,861,214,43,15.0,17.0,17,17,0.0,55,11,0,2025,19,69,United States Grand Prix,2025-10-19,19:00:00,colapinto,43,COL,Franco,Colapinto,2003-05-27,Argentinian ,alpine,Alpine F1 Team,French,Franco Colapinto,2025,-2.0
27141,1163,864,15,5,16.0,18.0,18,18,0.0,55,11,0,2025,19,69,United States Grand Prix,2025-10-19,19:00:00,bortoleto,5,BOR,Gabriel,Bortoleto,2004-10-14,Brazilian,sauber,Sauber,Swiss,Gabriel Bortoleto,2025,-2.0
27142,1163,842,214,10,14.0,19.0,19,19,0.0,55,11,0,2025,19,69,United States Grand Prix,2025-10-19,19:00:00,gasly,10,GAS,Pierre,Gasly,1996-02-07,French,alpine,Alpine F1 Team,French,Pierre Gasly,2025,-5.0
27143,1163,832,3,55,9.0,20.0,R,20,0.0,5,130,0,2025,19,69,United States Grand Prix,2025-10-19,19:00:00,sainz,55,SAI,Carlos,Sainz,1994-09-01,Spanish,williams,Williams,British,Carlos Sainz,2025,-11.0
27144,1164,846,1,4,1.0,1.0,1,1,25.0,71,1,0,2025,20,32,Mexico City Grand Prix,2025-10-26,20:00:00,norris,4,NOR,Lando,Norris,1999-11-13,British,mclaren,McLaren,British,Lando Norris,2025,0.0
27145,1164,844,6,16,2.0,2.0,2,2,18.0,71,1,0,2025,20,32,Mexico City Grand Prix,2025-10-26,20:00:00,leclerc,16,LEC,Charles,Leclerc,1997-10-16,Monegasque,ferrari,Ferrari,Italian,Charles Leclerc,2025,0.0
27146,1164,830,9,1,5.0,3.0,3,3,15.0,71,1,0,2025,20,32,Mexico City Grand Prix,2025-10-26,20:00:00,max_verstappen,33,VER,Max,Verstappen,1997-09-30,Dutch,red_bull,Red Bull,Austrian,Max Verstappen,2025,2.0
27147,1164,860,210,87,9.0,4.0,4,4,12.0,71,1,0,2025,20,32,Mexico City Grand Prix,2025-10-26,20:00:00,bearman,38,BEA,Oliver,Bearman,2005-05-08,British,haas,Haas F1 Team,American,Oliver Bearman,2025,5.0
27148,1164,857,1,81,7.0,5.0,5,5,10.0,71,1,0,2025,20,32,Mexico City Grand Prix,2025-10-26,20:00:00,piastri,81,PIA,Oscar,Piastri,2001-04-06,Australian,mclaren,McLaren,British,Oscar Piastri,2025,2.0
27149,1164,863,131,12,6.0,6.0,6,6,8.0,71,1,0,2025,20,32,Mexico City Grand Prix,2025-10-26,20:00:00,antonelli,12,ANT,Andrea Kimi,Antonelli,2006-08-25,Italian,mercedes,Mercedes,German,Andrea Kimi Antonelli,2025,0.0
27150,1164,847,131,63,4.0,7.0,7,7,6.0,71,1,0,2025,20,32,Mexico City Grand Prix,2025-10-26,20:00:00,russell,63,RUS,George,Russell,1998-02-15,British,mercedes,Mercedes,German,George Russell,2025,-3.0
27151,1164,1,6,44,3.0,8.0,8,8,4.0,71,1,0,2025,20,32,Mexico City Grand Prix,2025-10-26,20:00:00,hamilton,44,HAM,Lewis,Hamilton,1985-01-07,British,ferrari,Ferrari,Italian,Lewis Hamilton,2025,-5.0
27152,1164,839,210,31,11.0,9.0,9,9,2.0,71,1,0,2025,20,32,Mexico City Grand Prix,2025-10-26,20:00:00,ocon,31,OCO,Esteban,Ocon,1996-09-17,French,haas,Haas F1 Team,American,Esteban Ocon,2025,2.0
27153,1164,864,15,5,16.0,10.0,10,10,1.0,71,1,0,2025,20,32,Mexico City Grand Prix,2025-10-26,20:00:00,bortoleto,5,BOR,Gabriel,Bortoleto,2004-10-14,Brazilian,sauber,Sauber,Swiss,Gabriel Bortoleto,2025,6.0
27154,1164,852,9,22,10.0,11.0,11,11,0.0,71,1,0,2025,20,32,Mexico City Grand Prix,2025-10-26,20:00:00,tsunoda,22,TSU,Yuki,Tsunoda,2000-05-11,Japanese,red_bull,Red Bull,Austrian,Yuki Tsunoda,2025,-1.0
27155,1164,848,3,23,17.0,12.0,12,12,0.0,70,11,0,2025,20,32,Mexico City Grand Prix,2025-10-26,20:00:00,albon,23,ALB,Alexander,Albon,1996-03-23,Thai,williams,Williams,British,Alexander Albon,2025,5.0
27156,1164,865,215,6,8.0,13.0,13,13,0.0,70,11,0,2025,20,32,Mexico City Grand Prix,2025-10-26,20:00:00,hadjar,6,HAD,Isack,Hadjar,2004-09-28,French,rb,RB F1 Team,Italian,Isack Hadjar,2025,-5.0
27157,1164,840,117,18,19.0,14.0,14,14,0.0,70,11,0,2025,20,32,Mexico City Grand Prix,2025-10-26,20:00:00,stroll,18,STR,Lance,Stroll,1998-10-29,Canadian,aston_martin,Aston Martin,British,Lance Stroll,2025,5.0
27158,1164,842,214,10,18.0,15.0,15,15,0.0,70,11,0,2025,20,32,Mexico City Grand Prix,2025-10-26,20:00:00,gasly,10,GAS,Pierre,Gasly,1996-02-07,French,alpine,Alpine F1 Team,French,Pierre Gasly,2025,3.0
27159,1164,861,214,43,20.0,16.0,16,16,0.0,70,11,0,2025,20,32,Mexico City Grand Prix,2025-10-26,20:00:00,colapinto,43,COL,Franco,Colapinto,2003-05-27,Argentinian ,alpine,Alpine F1 Team,French,Franco Colapinto,2025,4.0
27160,1164,832,3,55,12.0,17.0,17,17,0.0,67,3,0,2025,20,32,Mexico City Grand Prix,2025-10-26,20:00:00,sainz,55,SAI,Carlos,Sainz,1994-09-01,Spanish,williams,Williams,British,Carlos Sainz,2025,-5.0
27161,1164,4,117,14,14.0,18.0,R,18,0.0,34,23,0,2025,20,32,Mexico City Grand Prix,2025-10-26,20:00:00,alonso,14,ALO,Fernando,Alonso,1981-07-29,Spanish,aston_martin,Aston Martin,British,Fernando Alonso,2025,-4.0
27162,1164,807,15,27,13.0,19.0,R,19,0.0,25,64,0,2025,20,32,Mexico City Grand Prix,2025-10-26,20:00:00,hulkenberg,27,HUL,Nico,Hülkenberg,1987-08-19,German,sauber,Sauber,Swiss,Nico Hülkenberg,2025,-6.0
27163,1164,859,215,30,15.0,20.0,R,20,0.0,5,130,0,2025,20,32,Mexico City Grand Prix,2025-10-26,20:00:00,lawson,30,LAW,Liam,Lawson,2002-02-11,New Zealander,rb,RB F1 Team,Italian,Liam Lawson,2025,-5.0
27164,1165,846,1,4,1.0,1.0,1,1,25.0,71,1,0,2025,21,18,São Paulo Grand Prix,2025-11-09,17:00:00,norris,4,NOR,Lando,Norris,1999-11-13,British,mclaren,McLaren,British,Lando Norris,2025,0.0
27165,1165,863,131,12,2.0,2.0,2,2,18.0,71,1,0,2025,21,18,São Paulo Grand Prix,2025-11-09,17:00:00,antonelli,12,ANT,Andrea Kimi,Antonelli,2006-08-25,Italian,mercedes,Mercedes,German,Andrea Kimi Antonelli,2025,0.0
27166,1165,830,9,1,19.0,3.0,3,3,15.0,71,1,0,2025,21,18,São Paulo Grand Prix,2025-11-09,17:00:00,max_verstappen,33,VER,Max,Verstappen,1997-09-30,Dutch,red_bull,Red Bull,Austrian,Max Verstappen,2025,16.0
27167,1165,847,131,63,6.0,4.0,4,4,12.0,71,1,0,2025,21,18,São Paulo Grand Prix,2025-11-09,17:00:00,russell,63,RUS,George,Russell,1998-02-15,British,mercedes,Mercedes,German,George Russell,2025,2.0
27168,1165,857,1,81,4.0,5.0,5,5,10.0,71,1,0,2025,21,18,São Paulo Grand Prix,2025-11-09,17:00:00,piastri,81,PIA,Oscar,Piastri,2001-04-06,Australian,mclaren,McLaren,British,Oscar Piastri,2025,-1.0
27169,1165,860,210,87,8.0,6.0,6,6,8.0,71,1,0,2025,21,18,São Paulo Grand Prix,2025-11-09,17:00:00,bearman,38,BEA,Oliver,Bearman,2005-05-08,British,haas,Haas F1 Team,American,Oliver Bearman,2025,2.0
27170,1165,859,215,30,7.0,7.0,7,7,6.0,71,1,0,2025,21,18,São Paulo Grand Prix,2025-11-09,17:00:00,lawson,30,LAW,Liam,Lawson,2002-02-11,New Zealander,rb,RB F1 Team,Italian,Liam Lawson,2025,0.0
27171,1165,865,215,6,5.0,8.0,8,8,4.0,71,1,0,2025,21,18,São Paulo Grand Prix,2025-11-09,17:00:00,hadjar,6,HAD,Isack,Hadjar,2004-09-28,French,rb,RB F1 Team,Italian,Isack Hadjar,2025,-3.0
27172,1165,807,15,27,10.0,9.0,9,9,2.0,71,1,0,2025,21,18,São Paulo Grand Prix,2025-11-09,17:00:00,hulkenberg,27,HUL,Nico,Hülkenberg,1987-08-19,German,sauber,Sauber,Swiss,Nico Hülkenberg,2025,1.0
27173,1165,842,214,10,9.0,10.0,10,10,1.0,71,1,0,2025,21,18,São Paulo Grand Prix,2025-11-09,17:00:00,gasly,10,GAS,Pierre,Gasly,1996-02-07,French,alpine,Alpine F1 Team,French,Pierre Gasly,2025,-1.0
27174,1165,848,3,23,12.0,11.0,11,11,0.0,71,1,0,2025,21,18,São Paulo Grand Prix,2025-11-09,17:00:00,albon,23,ALB,Alexander,Albon,1996-03-23,Thai,williams,Williams,British,Alexander Albon,2025,1.0
27175,1165,839,210,31,20.0,12.0,12,12,0.0,71,1,0,2025,21,18,São Paulo Grand Prix,2025-11-09,17:00:00,ocon,31,OCO,Esteban,Ocon,1996-09-17,French,haas,Haas F1 Team,American,Esteban Ocon,2025,8.0
27176,1165,832,3,55,15.0,13.0,13,13,0.0,71,1,0,2025,21,18,São Paulo Grand Prix,2025-11-09,17:00:00,sainz,55,SAI,Carlos,Sainz,1994-09-01,Spanish,williams,Williams,British,Carlos Sainz,2025,2.0
27177,1165,4,117,14,11.0,14.0,14,14,0.0,71,1,0,2025,21,18,São Paulo Grand Prix,2025-11-09,17:00:00,alonso,14,ALO,Fernando,Alonso,1981-07-29,Spanish,aston_martin,Aston Martin,British,Fernando Alonso,2025,-3.0
27178,1165,861,214,43,16.0,15.0,15,15,0.0,71,1,0,2025,21,18,São Paulo Grand Prix,2025-11-09,17:00:00,colapinto,43,COL,Franco,Colapinto,2003-05-27,Argentinian ,alpine,Alpine F1 Team,French,Franco Colapinto,2025,1.0
27179,1165,840,117,18,14.0,16.0,16,16,0.0,71,1,0,2025,21,18,São Paulo Grand Prix,2025-11-09,17:00:00,stroll,18,STR,Lance,Stroll,1998-10-29,Canadian,aston_martin,Aston Martin,British,Lance Stroll,2025,-2.0
27180,1165,852,9,22,17.0,17.0,17,17,0.0,71,1,0,2025,21,18,São Paulo Grand Prix,2025-11-09,17:00:00,tsunoda,22,TSU,Yuki,Tsunoda,2000-05-11,Japanese,red_bull,Red Bull,Austrian,Yuki Tsunoda,2025,0.0
27181,1165,1,6,44,13.0,18.0,R,18,0.0,37,130,0,2025,21,18,São Paulo Grand Prix,2025-11-09,17:00:00,hamilton,44,HAM,Lewis,Hamilton,1985-01-07,British,ferrari,Ferrari,Italian,Lewis Hamilton,2025,-5.0
27182,1165,844,6,16,3.0,19.0,R,19,0.0,5,3,0,2025,21,18,São Paulo Grand Prix,2025-11-09,17:00:00,leclerc,16,LEC,Charles,Leclerc,1997-10-16,Monegasque,ferrari,Ferrari,Italian,Charles Leclerc,2025,-16.0
27183,1165,864,15,5,18.0,20.0,R,20,0.0,0,3,0,2025,21,18,São Paulo Grand Prix,2025-11-09,17:00:00,bortoleto,5,BOR,Gabriel,Bortoleto,2004-10-14,Brazilian,sauber,Sauber,Swiss,Gabriel Bortoleto,2025,-2.0
27184,1166,830,9,1,2.0,1.0,1,1,25.0,50,1,0,2025,22,80,Las Vegas Grand Prix,2025-11-23,04:00:00,max_verstappen,33,VER,Max,Verstappen,1997-09-30,Dutch,red_bull,Red Bull,Austrian,Max Verstappen,2025,1.0
27185,1166,847,131,63,4.0,2.0,2,2,18.0,50,1,0,2025,22,80,Las Vegas Grand Prix,2025-11-23,04:00:00,russell,63,RUS,George,Russell,1998-02-15,British,mercedes,Mercedes,German,George Russell,2025,2.0
27186,1166,863,131,12,17.0,3.0,3,3,15.0,50,1,0,2025,22,80,Las Vegas Grand Prix,2025-11-23,04:00:00,antonelli,12,ANT,Andrea Kimi,Antonelli,2006-08-25,Italian,mercedes,Mercedes,German,Andrea Kimi Antonelli,2025,14.0
27187,1166,844,6,16,9.0,4.0,4,4,12.0,50,1,0,2025,22,80,Las Vegas Grand Prix,2025-11-23,04:00:00,leclerc,16,LEC,Charles,Leclerc,1997-10-16,Monegasque,ferrari,Ferrari,Italian,Charles Leclerc,2025,5.0
27188,1166,832,3,55,3.0,5.0,5,5,10.0,50,1,0,2025,22,80,Las Vegas Grand Prix,2025-11-23,04:00:00,sainz,55,SAI,Carlos,Sainz,1994-09-01,Spanish,williams,Williams,British,Carlos Sainz,2025,-2.0
27189,1166,865,215,6,8.0,6.0,6,6,8.0,50,1,0,2025,22,80,Las Vegas Grand Prix,2025-11-23,04:00:00,hadjar,6,HAD,Isack,Hadjar,2004-09-28,French,rb,RB F1 Team,Italian,Isack Hadjar,2025,2.0
27190,1166,807,15,27,11.0,7.0,7,7,6.0,50,1,0,2025,22,80,Las Vegas Grand Prix,2025-11-23,04:00:00,hulkenberg,27,HUL,Nico,Hülkenberg,1987-08-19,German,sauber,Sauber,Swiss,Nico Hülkenberg,2025,4.0
27191,1166,1,6,44,19.0,8.0,8,8,4.0,50,1,0,2025,22,80,Las Vegas Grand Prix,2025-11-23,04:00:00,hamilton,44,HAM,Lewis,Hamilton,1985-01-07,British,ferrari,Ferrari,Italian,Lewis Hamilton,2025,11.0
27192,1166,839,210,31,13.0,9.0,9,9,2.0,50,1,0,2025,22,80,Las Vegas Grand Prix,2025-11-23,04:00:00,ocon,31,OCO,Esteban,Ocon,1996-09-17,French,haas,Haas F1 Team,American,Esteban Ocon,2025,4.0
27193,1166,860,210,87,14.0,10.0,10,10,1.0,50,1,0,2025,22,80,Las Vegas Grand Prix,2025-11-23,04:00:00,bearman,38,BEA,Oliver,Bearman,2005-05-08,British,haas,Haas F1 Team,American,Oliver Bearman,2025,4.0
27194,1166,4,117,14,7.0,11.0,11,11,0.0,50,1,0,2025,22,80,Las Vegas Grand Prix,2025-11-23,04:00:00,alonso,14,ALO,Fernando,Alonso,1981-07-29,Spanish,aston_martin,Aston Martin,British,Fernando Alonso,2025,-4.0
27195,1166,852,9,22,20.0,12.0,12,12,0.0,50,1,0,2025,22,80,Las Vegas Grand Prix,2025-11-23,04:00:00,tsunoda,22,TSU,Yuki,Tsunoda,2000-05-11,Japanese,red_bull,Red Bull,Austrian,Yuki Tsunoda,2025,8.0
27196,1166,842,214,10,10.0,13.0,13,13,0.0,50,1,0,2025,22,80,Las Vegas Grand Prix,2025-11-23,04:00:00,gasly,10,GAS,Pierre,Gasly,1996-02-07,French,alpine,Alpine F1 Team,French,Pierre Gasly,2025,-3.0
27197,1166,859,215,30,6.0,14.0,14,14,0.0,49,11,0,2025,22,80,Las Vegas Grand Prix,2025-11-23,04:00:00,lawson,30,LAW,Liam,Lawson,2002-02-11,New Zealander,rb,RB F1 Team,Italian,Liam Lawson,2025,-8.0
27198,1166,861,214,43,15.0,15.0,15,15,0.0,49,11,0,2025,22,80,Las Vegas Grand Prix,2025-11-23,04:00:00,colapinto,43,COL,Franco,Colapinto,2003-05-27,Argentinian ,alpine,Alpine F1 Team,French,Franco Colapinto,2025,0.0
27199,1166,848,3,23,16.0,16.0,R,16,0.0,35,130,0,2025,22,80,Las Vegas Grand Prix,2025-11-23,04:00:00,albon,23,ALB,Alexander,Albon,1996-03-23,Thai,williams,Williams,British,Alexander Albon,2025,0.0
27200,1166,864,15,5,18.0,17.0,R,17,0.0,2,4,0,2025,22,80,Las Vegas Grand Prix,2025-11-23,04:00:00,bortoleto,5,BOR,Gabriel,Bortoleto,2004-10-14,Brazilian,sauber,Sauber,Swiss,Gabriel Bortoleto,2025,1.0
27201,1166,840,117,18,12.0,18.0,R,18,0.0,0,4,0,2025,22,80,Las Vegas Grand Prix,2025-11-23,04:00:00,stroll,18,STR,Lance,Stroll,1998-10-29,Canadian,aston_martin,Aston Martin,British,Lance Stroll,2025,-6.0
27202,1166,846,1,4,1.0,19.0,D,19,0.0,50,2,0,2025,22,80,Las Vegas Grand Prix,2025-11-23,04:00:00,norris,4,NOR,Lando,Norris,1999-11-13,British,mclaren,McLaren,British,Lando Norris,2025,-18.0
27203,1166,857,1,81,5.0,20.0,D,20,0.0,50,2,0,2025,22,80,Las Vegas Grand Prix,2025-11-23,04:00:00,piastri,81,PIA,Oscar,Piastri,2001-04-06,Australian,mclaren,McLaren,British,Oscar Piastri,2025,-15.0
27204,1167,830,9,1,0.0,1.0,1,1,25.0,57,1,0,2025,23,78,Qatar Grand Prix,2025-11-30,16:00:00,max_verstappen,33,VER,Max,Verstappen,1997-09-30,Dutch,red_bull,Red Bull,Austrian,Max Verstappen,2025,-1.0
27205,1167,857,1,81,0.0,2.0,2,2,18.0,57,1,0,2025,23,78,Qatar Grand Prix,2025-11-30,16:00:00,piastri,81,PIA,Oscar,Piastri,2001-04-06,Australian,mclaren,McLaren,British,Oscar Piastri,2025,-2.0
27206,1167,832,3,55,0.0,3.0,3,3,15.0,57,1,0,2025,23,78,Qatar Grand Prix,2025-11-30,16:00:00,sainz,55,SAI,Carlos,Sainz,1994-09-01,Spanish,williams,Williams,British,Carlos Sainz,2025,-3.0
27207,1167,846,1,4,0.0,4.0,4,4,12.0,57,1,0,2025,23,78,Qatar Grand Prix,2025-11-30,16:00:00,norris,4,NOR,Lando,Norris,1999-11-13,British,mclaren,McLaren,British,Lando Norris,2025,-4.0
27208,1167,863,131,12,0.0,5.0,5,5,10.0,57,1,0,2025,23,78,Qatar Grand Prix,2025-11-30,16:00:00,antonelli,12,ANT,Andrea Kimi,Antonelli,2006-08-25,Italian,mercedes,Mercedes,German,Andrea Kimi Antonelli,2025,-5.0
27209,1167,847,131,63,0.0,6.0,6,6,8.0,57,1,0,2025,23,78,Qatar Grand Prix,2025-11-30,16:00:00,russell,63,RUS,George,Russell,1998-02-15,British,mercedes,Mercedes,German,George Russell,2025,-6.0
27210,1167,4,117,14,0.0,7.0,7,7,6.0,57,1,0,2025,23,78,Qatar Grand Prix,2025-11-30,16:00:00,alonso,14,ALO,Fernando,Alonso,1981-07-29,Spanish,aston_martin,Aston Martin,British,Fernando Alonso,2025,-7.0
27211,1167,844,6,16,0.0,8.0,8,8,4.0,57,1,0,2025,23,78,Qatar Grand Prix,2025-11-30,16:00:00,leclerc,16,LEC,Charles,Leclerc,1997-10-16,Monegasque,ferrari,Ferrari,Italian,Charles Leclerc,2025,-8.0
27212,1167,859,215,30,0.0,9.0,9,9,2.0,57,1,0,2025,23,78,Qatar Grand Prix,2025-11-30,16:00:00,lawson,30,LAW,Liam,Lawson,2002-02-11,New Zealander,rb,RB F1 Team,Italian,Liam Lawson,2025,-9.0
27213,1167,852,9,22,0.0,10.0,10,10,1.0,57,1,0,2025,23,78,Qatar Grand Prix,2025-11-30,16:00:00,tsunoda,22,TSU,Yuki,Tsunoda,2000-05-11,Japanese,red_bull,Red Bull,Austrian,Yuki Tsunoda,2025,-10.0
27214,1167,848,3,23,0.0,11.0,11,11,0.0,57,1,0,2025,23,78,Qatar Grand Prix,2025-11-30,16:00:00,albon,23,ALB,Alexander,Albon,1996-03-23,Thai,williams,Williams,British,Alexander Albon,2025,-11.0
27215,1167,1,6,44,0.0,12.0,12,12,0.0,57,1,0,2025,23,78,Qatar Grand Prix,2025-11-30,16:00:00,hamilton,44,HAM,Lewis,Hamilton,1985-01-07,British,ferrari,Ferrari,Italian,Lewis Hamilton,2025,-12.0
27216,1167,864,15,5,0.0,13.0,13,13,0.0,57,1,0,2025,23,78,Qatar Grand Prix,2025-11-30,16:00:00,bortoleto,5,BOR,Gabriel,Bortoleto,2004-10-14,Brazilian,sauber,Sauber,Swiss,Gabriel Bortoleto,2025,-13.0
27217,1167,861,214,43,0.0,14.0,14,14,0.0,56,11,0,2025,23,78,Qatar Grand Prix,2025-11-30,16:00:00,colapinto,43,COL,Franco,Colapinto,2003-05-27,Argentinian ,alpine,Alpine F1 Team,French,Franco Colapinto,2025,-14.0
27218,1167,839,210,31,0.0,15.0,15,15,0.0,56,11,0,2025,23,78,Qatar Grand Prix,2025-11-30,16:00:00,ocon,31,OCO,Esteban,Ocon,1996-09-17,French,haas,Haas F1 Team,American,Esteban Ocon,2025,-15.0
27219,1167,842,214,10,0.0,16.0,16,16,0.0,56,11,0,2025,23,78,Qatar Grand Prix,2025-11-30,16:00:00,gasly,10,GAS,Pierre,Gasly,1996-02-07,French,alpine,Alpine F1 Team,French,Pierre Gasly,2025,-16.0
27220,1167,840,117,18,0.0,17.0,17,17,0.0,55,130,0,2025,23,78,Qatar Grand Prix,2025-11-30,16:00:00,stroll,18,STR,Lance,Stroll,1998-10-29,Canadian,aston_martin,Aston Martin,British,Lance Stroll,2025,-17.0
27221,1167,865,215,6,0.0,18.0,18,18,0.0,55,29,0,2025,23,78,Qatar Grand Prix,2025-11-30,16:00:00,hadjar,6,HAD,Isack,Hadjar,2004-09-28,French,rb,RB F1 Team,Italian,Isack Hadjar,2025,-18.0
27222,1167,860,210,87,0.0,19.0,R,19,0.0,41,6,0,2025,23,78,Qatar Grand Prix,2025-11-30,16:00:00,bearman,38,BEA,Oliver,Bearman,2005-05-08,British,haas,Haas F1 Team,American,Oliver Bearman,2025,-19.0
27223,1167,807,15,27,0.0,20.0,R,20,0.0,6,4,0,2025,23,78,Qatar Grand Prix,2025-11-30,16:00:00,hulkenberg,27,HUL,Nico,Hülkenberg,1987-08-19,German,sauber,Sauber,Swiss,Nico Hülkenberg,2025,-20.0
27224,1168,830,9,1,1.0,1.0,1,1,25.0,58,1,0,2025,24,24,Abu Dhabi Grand Prix,2025-12-07,13:00:00,max_verstappen,33,VER,Max,Verstappen,1997-09-30,Dutch,red_bull,Red Bull,Austrian,Max Verstappen,2025,0.0
27225,1168,857,1,81,3.0,2.0,2,2,18.0,58,1,0,2025,24,24,Abu Dhabi Grand Prix,2025-12-07,13:00:00,piastri,81,PIA,Oscar,Piastri,2001-04-06,Australian,mclaren,McLaren,British,Oscar Piastri,2025,1.0
27226,1168,846,1,4,2.0,3.0,3,3,15.0,58,1,0,2025,24,24,Abu Dhabi Grand Prix,2025-12-07,13:00:00,norris,4,NOR,Lando,Norris,1999-11-13,British,mclaren,McLaren,British,Lando Norris,2025,-1.0
27227,1168,844,6,16,5.0,4.0,4,4,12.0,58,1,0,2025,24,24,Abu Dhabi Grand Prix,2025-12-07,13:00:00,leclerc,16,LEC,Charles,Leclerc,1997-10-16,Monegasque,ferrari,Ferrari,Italian,Charles Leclerc,2025,1.0
27228,1168,847,131,63,4.0,5.0,5,5,10.0,58,1,0,2025,24,24,Abu Dhabi Grand Prix,2025-12-07,13:00:00,russell,63,RUS,George,Russell,1998-02-15,British,mercedes,Mercedes,German,George Russell,2025,-1.0
27229,1168,4,117,14,6.0,6.0,6,6,8.0,58,1,0,2025,24,24,Abu Dhabi Grand Prix,2025-12-07,13:00:00,alonso,14,ALO,Fernando,Alonso,1981-07-29,Spanish,aston_martin,Aston Martin,British,Fernando Alonso,2025,0.0
27230,1168,839,210,31,8.0,7.0,7,7,6.0,58,1,0,2025,24,24,Abu Dhabi Grand Prix,2025-12-07,13:00:00,ocon,31,OCO,Esteban,Ocon,1996-09-17,French,haas,Haas F1 Team,American,Esteban Ocon,2025,1.0
27231,1168,1,6,44,16.0,8.0,8,8,4.0,58,1,0,2025,24,24,Abu Dhabi Grand Prix,2025-12-07,13:00:00,hamilton,44,HAM,Lewis,Hamilton,1985-01-07,British,ferrari,Ferrari,Italian,Lewis Hamilton,2025,8.0
27232,1168,807,15,27,18.0,9.0,9,9,2.0,58,1,0,2025,24,24,Abu Dhabi Grand Prix,2025-12-07,13:00:00,hulkenberg,27,HUL,Nico,Hülkenberg,1987-08-19,German,sauber,Sauber,Swiss,Nico Hülkenberg,2025,9.0
27233,1168,840,117,18,15.0,10.0,10,10,1.0,58,1,0,2025,24,24,Abu Dhabi Grand Prix,2025-12-07,13:00:00,stroll,18,STR,Lance,Stroll,1998-10-29,Canadian,aston_martin,Aston Martin,British,Lance Stroll,2025,5.0
27234,1168,864,15,5,7.0,11.0,11,11,0.0,58,1,0,2025,24,24,Abu Dhabi Grand Prix,2025-12-07,13:00:00,bortoleto,5,BOR,Gabriel,Bortoleto,2004-10-14,Brazilian,sauber,Sauber,Swiss,Gabriel Bortoleto,2025,-4.0
27235,1168,860,210,87,11.0,12.0,12,12,0.0,58,1,0,2025,24,24,Abu Dhabi Grand Prix,2025-12-07,13:00:00,bearman,38,BEA,Oliver,Bearman,2005-05-08,British,haas,Haas F1 Team,American,Oliver Bearman,2025,-1.0
27236,1168,832,3,55,12.0,13.0,13,13,0.0,58,1,0,2025,24,24,Abu Dhabi Grand Prix,2025-12-07,13:00:00,sainz,55,SAI,Carlos,Sainz,1994-09-01,Spanish,williams,Williams,British,Carlos Sainz,2025,-1.0
27237,1168,852,9,22,10.0,14.0,14,14,0.0,58,1,0,2025,24,24,Abu Dhabi Grand Prix,2025-12-07,13:00:00,tsunoda,22,TSU,Yuki,Tsunoda,2000-05-11,Japanese,red_bull,Red Bull,Austrian,Yuki Tsunoda,2025,-4.0
27238,1168,863,131,12,14.0,15.0,15,15,0.0,58,1,0,2025,24,24,Abu Dhabi Grand Prix,2025-12-07,13:00:00,antonelli,12,ANT,Andrea Kimi,Antonelli,2006-08-25,Italian,mercedes,Mercedes,German,Andrea Kimi Antonelli,2025,-1.0
27239,1168,848,3,23,17.0,16.0,16,16,0.0,58,1,0,2025,24,24,Abu Dhabi Grand Prix,2025-12-07,13:00:00,albon,23,ALB,Alexander,Albon,1996-03-23,Thai,williams,Williams,British,Alexander Albon,2025,1.0
27240,1168,865,215,6,9.0,17.0,17,17,0.0,57,11,0,2025,24,24,Abu Dhabi Grand Prix,2025-12-07,13:00:00,hadjar,6,HAD,Isack,Hadjar,2004-09-28,French,rb,RB F1 Team,Italian,Isack Hadjar,2025,-8.0
27241,1168,859,215,30,13.0,18.0,18,18,0.0,57,11,0,2025,24,24,Abu Dhabi Grand Prix,2025-12-07,13:00:00,lawson,30,LAW,Liam,Lawson,2002-02-11,New Zealander,rb,RB F1 Team,Italian,Liam Lawson,2025,-5.0
27242,1168,842,214,10,19.0,19.0,19,19,0.0,57,11,0,2025,24,24,Abu Dhabi Grand Prix,2025-12-07,13:00:00,gasly,10,GAS,Pierre,Gasly,1996-02-07,French,alpine,Alpine F1 Team,French,Pierre Gasly,2025,0.0
27243,1168,861,214,43,20.0,20.0,20,20,0.0,57,11,0,2025,24,24,Abu Dhabi Grand Prix,2025-12-07,13:00:00,colapinto,43,COL,Franco,Colapinto,2003-05-27,Argentinian ,alpine,Alpine F1 Team,French,Franco Colapinto,2025,0.0
